temperature,delta_temp,gas_ppm,heart_rate,accel_magnitude,jerk,risk_score,risk_level
30.48,-0.46,5.66,65.0,1.12,0.84,0.0,Low Risk
27.31,-0.22,10.34,51.0,1.17,0.79,0.0,Low Risk
31.24,-0.37,6.93,73.4,1.22,0.77,0.0,Low Risk
35.62,-0.17,0.21,100.2,0.66,0.41,8.55,Low Risk
26.83,-0.01,61.39,91.8,0.87,1.02,38.71,Low Risk
26.83,0.52,9.41,80.0,0.53,0.24,0.79,Low Risk
35.9,-0.06,7.7,72.5,1.19,1.76,4.71,Low Risk
31.84,-0.69,37.11,73.0,0.95,-1.09,16.83,Low Risk
25.65,0.67,2.03,82.0,1.11,-0.23,0.0,Low Risk
30.71,-0.32,2.52,60.8,0.63,0.78,0.0,Low Risk
25.68,0.07,19.8,73.7,1.35,0.44,2.98,Low Risk
25.67,0.32,3.63,76.1,7.77,59.02,46.24,Medium Risk
29.21,0.2,19.27,55.7,1.19,0.64,0.0,Low Risk
18.43,0.65,3.8,64.9,1.03,-0.47,0.78,Low Risk
19.38,0.34,0.41,87.4,0.95,-0.33,0.0,Low Risk
25.19,-0.33,8.73,80.2,0.93,0.4,0.0,Low Risk
22.94,1.19,2.63,74.4,0.84,0.81,0.01,Low Risk
29.57,0.2,17.02,63.6,1.32,-0.07,1.58,Low Risk
23.46,0.03,12.3,108.4,1.0,-0.94,0.0,Low Risk
20.94,0.58,30.86,64.9,0.68,0.68,8.29,Low Risk
35.33,0.22,18.33,84.5,0.9,0.89,4.5,Low Risk
26.87,0.3,2.39,71.2,1.03,-0.37,0.75,Low Risk
28.34,1.35,19.32,80.7,1.22,0.19,0.47,Low Risk
20.88,-0.04,12.32,88.2,0.85,1.23,0.0,Low Risk
25.28,-0.06,13.27,55.3,0.87,-0.43,0.68,Low Risk
28.55,0.16,21.42,79.9,1.01,0.47,0.0,Low Risk
22.25,0.64,10.23,101.4,1.22,-0.03,0.0,Low Risk
29.88,-0.65,7.53,111.7,0.66,2.25,0.0,Low Risk
25.0,-0.88,12.15,77.7,1.13,-0.48,1.41,Low Risk
26.54,-0.19,4.25,80.8,0.88,-0.96,0.0,Low Risk
24.99,-0.72,2.42,119.8,0.92,0.98,0.0,Low Risk
37.26,-0.11,11.5,100.4,1.5,0.24,6.31,Low Risk
27.93,0.35,3.2,68.9,0.95,-0.32,3.3,Low Risk
22.71,-0.35,1.0,68.9,1.19,0.11,0.0,Low Risk
32.11,-0.61,0.01,97.2,1.18,1.71,1.01,Low Risk
21.9,0.13,11.25,61.8,0.7,0.5,0.0,Low Risk
29.04,0.53,5.4,99.6,0.54,1.67,0.0,Low Risk
18.2,-0.75,16.75,86.0,1.21,-0.49,0.08,Low Risk
21.36,0.51,5.64,89.3,0.73,1.37,2.2,Low Risk
28.98,0.51,7.99,75.4,0.58,-0.27,2.95,Low Risk
31.69,0.58,6.27,68.7,1.26,1.48,2.72,Low Risk
28.86,0.71,12.62,106.3,0.75,1.42,1.31,Low Risk
27.42,1.2,5.28,75.6,0.81,-0.3,1.13,Low Risk
26.49,-0.08,39.81,72.6,1.49,0.84,18.92,Low Risk
20.61,0.15,33.01,78.6,0.59,0.67,11.38,Low Risk
24.4,-0.11,22.61,83.5,0.69,1.25,2.0,Low Risk
25.7,0.1,30.35,61.4,0.89,-0.41,10.37,Low Risk
33.29,0.87,7.16,69.8,0.94,0.17,1.79,Low Risk
29.72,-0.57,9.23,68.9,0.78,0.54,0.0,Low Risk
19.18,-0.33,16.26,95.2,0.71,1.7,0.0,Low Risk
29.62,0.79,14.29,64.1,1.38,0.55,0.0,Low Risk
26.07,0.61,26.56,48.4,1.07,-0.28,24.54,Low Risk
24.62,-0.08,15.12,44.6,4.31,55.82,64.02,Medium Risk
31.06,0.53,73.9,53.5,0.97,-0.31,43.51,Medium Risk
33.15,0.27,5.14,104.5,1.07,-0.85,4.07,Low Risk
32.66,0.85,21.48,80.3,1.23,0.37,0.19,Low Risk
23.8,0.14,14.35,89.0,0.75,0.72,0.0,Low Risk
26.45,0.61,14.11,89.7,1.07,0.65,2.55,Low Risk
29.66,1.42,4.73,81.0,1.17,0.54,0.74,Low Risk
32.88,0.4,18.48,78.7,6.15,41.32,49.58,Medium Risk
25.6,0.12,27.68,98.8,1.49,1.74,3.87,Low Risk
27.07,0.46,2.96,82.6,1.02,-0.16,2.35,Low Risk
22.47,-0.08,11.79,105.2,1.28,1.25,0.0,Low Risk
22.02,1.29,5.97,91.2,0.33,2.31,1.58,Low Risk
32.06,0.19,54.73,68.9,4.03,36.79,74.72,Medium Risk
34.78,-0.04,7.82,71.1,0.82,1.31,1.63,Low Risk
27.64,-0.32,3.11,66.9,0.94,0.39,0.0,Low Risk
33.02,0.65,5.77,101.9,1.11,-0.54,1.26,Low Risk
29.81,0.53,12.73,72.7,0.96,-0.27,1.17,Low Risk
24.77,-0.15,0.95,65.6,1.05,0.92,0.0,Low Risk
29.81,0.39,11.1,85.8,1.4,0.74,0.0,Low Risk
35.69,-0.65,32.12,78.3,0.9,0.55,14.88,Low Risk
27.82,0.19,22.79,85.3,0.73,1.23,0.02,Low Risk
35.82,0.33,0.84,114.0,1.45,1.44,7.05,Low Risk
15.0,0.95,60.23,96.4,1.13,1.43,39.95,Low Risk
32.11,-0.29,14.4,80.5,1.48,1.09,0.0,Low Risk
28.44,-0.54,2.12,54.6,1.22,0.91,0.0,Low Risk
26.5,-0.35,0.15,71.0,0.67,0.08,0.0,Low Risk
28.46,-0.57,2.25,92.8,1.16,0.57,0.0,Low Risk
18.06,0.77,21.85,58.9,0.75,0.79,0.0,Low Risk
26.9,0.87,0.26,118.5,1.0,0.46,0.97,Low Risk
29.79,0.26,3.19,80.3,0.98,-0.77,5.25,Low Risk
35.39,0.71,16.99,80.9,0.6,0.76,6.82,Low Risk
25.41,0.17,10.59,68.0,0.8,0.45,1.95,Low Risk
23.96,0.05,18.32,88.9,1.55,0.39,0.92,Low Risk
25.49,-0.07,16.45,59.2,1.06,0.96,0.0,Low Risk
32.58,-0.06,0.62,119.0,0.96,0.94,0.25,Low Risk
29.64,-0.67,26.76,103.7,1.45,1.45,3.87,Low Risk
25.35,0.23,3.09,97.7,0.9,0.97,0.0,Low Risk
30.57,0.08,9.67,55.0,0.98,0.19,0.0,Low Risk
28.49,0.47,12.4,83.7,5.65,44.19,42.38,Medium Risk
32.84,0.15,2.22,101.8,0.9,1.7,0.27,Low Risk
24.49,0.02,44.87,90.7,0.81,0.48,31.79,Low Risk
26.36,-0.34,8.04,62.0,0.44,1.5,3.25,Low Risk
26.04,0.14,0.71,68.3,0.77,0.63,0.32,Low Risk
20.68,0.47,33.23,71.9,0.76,1.42,14.64,Low Risk
29.48,-0.47,10.59,69.1,1.04,1.56,1.34,Low Risk
29.31,0.14,14.42,107.5,0.85,-0.01,0.0,Low Risk
28.03,0.22,8.94,45.4,1.54,1.62,17.53,Low Risk
26.83,-0.26,21.6,91.8,0.74,0.54,0.0,Low Risk
20.92,-0.19,0.4,56.7,1.35,0.81,0.0,Low Risk
25.9,0.22,3.75,62.7,1.05,1.39,0.0,Low Risk
26.29,-0.47,7.61,43.8,1.2,0.29,19.77,Low Risk
23.99,0.27,0.96,70.1,1.19,1.29,0.0,Low Risk
27.19,-0.35,14.69,107.2,0.45,0.63,0.0,Low Risk
30.02,0.63,6.0,84.8,1.0,0.14,0.0,Low Risk
37.43,1.27,3.82,58.4,0.93,1.01,9.04,Low Risk
28.87,-0.33,0.04,98.3,0.72,1.5,0.0,Low Risk
29.29,0.37,15.27,102.2,1.11,0.58,0.42,Low Risk
27.63,-0.26,21.54,81.9,5.7,53.48,45.09,Medium Risk
18.41,0.62,6.03,116.6,0.33,0.24,0.69,Low Risk
27.87,-0.53,9.97,94.8,0.87,-0.07,0.0,Low Risk
28.3,0.34,3.1,92.3,0.69,2.32,0.0,Low Risk
40.32,-0.34,11.68,65.5,1.02,-0.2,7.57,Low Risk
27.04,-0.0,0.15,91.3,0.92,-1.32,0.0,Low Risk
29.51,-0.42,8.05,83.9,0.85,0.19,3.87,Low Risk
27.83,0.51,12.4,89.4,1.17,0.65,0.0,Low Risk
22.16,-0.32,30.04,67.7,1.41,0.53,5.03,Low Risk
33.71,0.38,5.76,82.3,1.67,0.64,0.0,Low Risk
31.76,-0.07,17.39,65.3,0.82,-0.52,0.17,Low Risk
31.96,0.04,10.93,41.4,0.54,0.55,21.3,Low Risk
23.45,0.17,31.41,98.0,1.14,-0.29,6.02,Low Risk
35.01,-0.28,6.1,53.0,5.38,52.49,49.58,Medium Risk
20.99,0.21,4.61,81.9,1.2,-0.41,0.0,Low Risk
30.93,0.87,26.18,86.0,1.4,0.43,0.0,Low Risk
38.95,-0.29,0.61,85.9,0.94,-0.14,0.73,Low Risk
23.05,0.69,1.76,74.9,0.85,1.26,1.84,Low Risk
25.17,0.85,1.03,84.9,1.03,0.12,2.93,Low Risk
28.5,-0.31,22.23,88.5,0.92,-0.34,0.0,Low Risk
25.48,-0.63,0.13,93.2,1.17,1.34,2.04,Low Risk
20.25,0.25,23.74,111.2,5.83,36.01,46.6,Medium Risk
28.34,-0.17,7.2,84.2,1.26,1.05,0.0,Low Risk
22.69,1.03,0.05,81.2,1.13,0.77,0.0,Low Risk
30.37,0.12,6.16,63.7,1.06,2.52,0.66,Low Risk
23.4,-0.3,2.48,87.8,1.2,1.02,0.0,Low Risk
35.75,-0.47,11.75,92.0,0.51,0.9,6.25,Low Risk
24.08,0.64,13.65,76.5,1.05,-0.18,0.0,Low Risk
26.39,-0.19,8.02,89.8,1.01,0.32,0.0,Low Risk
32.07,0.12,0.5,74.7,1.05,0.71,0.67,Low Risk
21.85,0.58,12.81,92.1,0.98,1.64,4.61,Low Risk
29.14,-0.14,22.14,96.4,1.11,-0.12,2.92,Low Risk
34.54,0.08,15.29,96.2,0.86,-0.97,3.79,Low Risk
19.96,0.09,21.26,82.1,1.28,0.56,0.59,Low Risk
28.92,0.44,2.69,61.3,1.12,-0.77,0.0,Low Risk
29.3,0.4,26.37,69.0,1.04,1.15,1.33,Low Risk
31.91,-0.01,4.67,90.7,0.83,1.71,3.22,Low Risk
21.82,0.13,0.16,124.1,1.2,1.32,0.57,Low Risk
21.4,-0.09,22.25,73.9,1.05,0.1,1.05,Low Risk
30.61,-0.64,34.13,88.2,0.81,1.8,13.6,Low Risk
29.48,0.23,12.79,70.0,0.99,-0.11,0.0,Low Risk
29.25,1.05,3.16,62.5,1.16,-0.29,0.0,Low Risk
29.73,-0.34,3.48,67.8,1.14,1.64,0.0,Low Risk
24.6,-0.29,7.54,42.5,1.12,0.22,20.63,Low Risk
29.16,-0.34,27.37,104.4,1.02,0.63,4.52,Low Risk
29.47,0.46,1.94,40.0,1.26,1.31,17.6,Low Risk
24.43,0.32,20.98,75.3,1.31,-0.38,0.0,Low Risk
37.33,0.02,4.13,58.8,6.35,22.48,51.9,Medium Risk
30.37,-0.36,19.84,64.1,0.85,0.03,0.0,Low Risk
22.04,0.15,30.35,104.8,0.74,0.31,3.38,Low Risk
31.28,-0.68,6.69,83.6,4.85,56.79,42.37,Medium Risk
23.13,0.17,5.45,62.6,1.49,0.8,0.0,Low Risk
31.94,0.54,19.45,69.4,1.07,0.79,1.13,Low Risk
33.79,-0.53,9.05,66.2,1.53,0.5,1.31,Low Risk
23.9,-0.67,13.84,79.2,0.97,0.68,0.91,Low Risk
32.82,0.89,11.7,83.1,0.94,-0.02,1.41,Low Risk
30.06,-0.21,1.99,114.1,0.98,0.52,1.39,Low Risk
32.11,0.67,22.36,45.5,0.98,-0.85,23.46,Low Risk
37.48,0.02,2.61,79.4,0.81,1.29,6.47,Low Risk
26.77,0.02,32.31,74.3,0.71,0.05,9.27,Low Risk
24.23,0.32,3.46,97.0,1.13,0.09,0.0,Low Risk
23.55,-0.34,15.89,86.4,1.26,-0.25,3.02,Low Risk
23.92,0.17,4.02,90.6,1.61,0.61,0.0,Low Risk
27.61,-0.09,4.59,86.2,0.89,0.07,0.47,Low Risk
29.71,-0.56,4.45,63.2,0.91,1.0,1.29,Low Risk
29.38,0.27,16.53,101.8,0.81,-0.34,2.86,Low Risk
32.14,-0.03,9.77,94.4,7.19,32.39,42.23,Medium Risk
28.07,0.02,25.74,96.5,1.2,0.84,2.92,Low Risk
35.27,-0.51,4.41,102.8,0.78,1.14,1.0,Low Risk
26.68,0.9,14.13,87.5,0.77,1.03,0.0,Low Risk
41.6,0.54,16.78,106.7,1.24,-0.23,11.25,Low Risk
31.13,0.58,1.97,86.8,1.1,0.55,0.0,Low Risk
23.71,-0.05,6.14,76.1,1.19,0.42,3.04,Low Risk
22.65,-0.76,7.91,79.9,0.78,-0.34,0.09,Low Risk
30.41,1.08,5.27,79.6,0.53,0.48,0.0,Low Risk
26.88,0.07,4.67,70.7,0.78,-0.62,0.38,Low Risk
31.57,-0.27,13.92,109.4,1.17,0.69,2.28,Low Risk
30.37,0.31,2.92,85.3,1.53,1.46,0.0,Low Risk
27.64,0.68,14.83,81.7,0.89,1.3,0.0,Low Risk
23.77,0.09,32.81,87.0,1.57,0.81,11.12,Low Risk
20.43,0.74,9.99,133.6,1.21,0.71,3.08,Low Risk
25.77,0.64,11.34,59.6,0.65,0.41,0.0,Low Risk
32.28,-0.44,0.86,64.8,1.05,2.23,3.7,Low Risk
29.07,-0.24,23.98,55.1,1.22,0.33,1.69,Low Risk
21.77,0.58,4.03,75.8,0.39,-0.55,0.0,Low Risk
28.87,-1.26,11.46,84.4,1.16,1.11,0.0,Low Risk
29.93,0.03,46.42,71.6,1.29,0.87,30.99,Low Risk
23.58,-0.62,10.86,70.3,1.1,-0.38,0.84,Low Risk
28.77,-0.14,15.48,82.6,0.98,0.18,2.21,Low Risk
28.29,-0.05,7.07,71.0,0.96,0.64,3.02,Low Risk
22.29,-0.08,0.75,85.6,0.94,0.05,0.8,Low Risk
29.79,-0.18,19.17,100.1,0.71,1.23,1.22,Low Risk
30.8,-0.45,0.43,92.2,0.83,-0.12,0.0,Low Risk
33.42,1.25,14.47,95.9,0.9,0.3,0.76,Low Risk
33.27,1.03,0.28,99.5,1.03,0.16,0.8,Low Risk
21.11,-0.48,23.79,85.1,0.86,0.86,0.0,Low Risk
23.31,0.89,2.06,77.1,0.78,1.01,1.52,Low Risk
30.58,-0.1,8.67,66.1,1.19,0.86,0.25,Low Risk
30.57,0.16,10.91,73.0,1.09,-0.98,3.67,Low Risk
30.58,0.07,7.34,70.6,5.26,33.99,46.31,Medium Risk
47.26,-0.23,5.0,93.2,1.13,0.88,22.66,Low Risk
30.85,0.59,7.57,86.2,0.89,0.97,3.12,Low Risk
33.68,0.16,4.48,92.5,1.02,0.36,1.07,Low Risk
32.77,-0.14,6.92,59.1,7.86,34.7,42.52,Medium Risk
31.26,-0.55,5.34,105.8,0.85,0.05,1.88,Low Risk
26.42,-0.35,10.02,72.3,0.71,1.52,0.83,Low Risk
31.79,-0.72,3.26,60.2,0.96,-0.57,0.0,Low Risk
24.14,0.11,53.75,72.1,0.66,0.86,35.17,Low Risk
26.82,-0.5,8.34,124.7,0.93,-0.3,0.0,Low Risk
25.57,-0.03,2.59,73.0,0.93,0.12,0.0,Low Risk
28.41,0.79,7.78,74.1,0.38,0.47,0.42,Low Risk
39.57,0.7,24.16,76.5,1.13,-1.09,8.83,Low Risk
18.66,0.08,0.26,77.3,0.95,-0.61,0.0,Low Risk
31.43,0.06,13.66,65.9,1.3,-0.78,2.22,Low Risk
19.94,1.04,9.53,82.6,1.05,0.84,0.0,Low Risk
25.64,0.36,2.23,99.4,4.75,45.07,45.13,Medium Risk
33.44,-0.06,20.41,85.7,1.3,-0.78,0.68,Low Risk
28.32,-0.61,5.52,60.0,0.97,0.36,0.93,Low Risk
22.61,0.3,4.17,73.8,1.0,0.72,3.68,Low Risk
24.42,0.51,21.13,70.1,0.61,0.72,1.58,Low Risk
31.4,-0.22,12.21,81.0,1.31,2.11,0.0,Low Risk
24.35,0.25,27.42,103.9,0.96,0.62,0.0,Low Risk
29.08,-0.08,11.93,77.3,0.75,-0.24,0.0,Low Risk
28.23,0.01,16.2,78.4,1.18,1.1,0.0,Low Risk
24.74,-1.14,21.73,112.0,0.46,1.77,0.83,Low Risk
38.72,-0.01,0.68,95.8,0.89,-0.54,0.43,Low Risk
31.17,0.58,17.96,90.3,1.23,0.93,0.0,Low Risk
17.87,-0.22,11.41,115.2,0.89,0.52,0.0,Low Risk
28.93,0.13,0.86,88.8,0.82,-0.26,0.0,Low Risk
24.69,-0.28,8.53,44.2,0.9,-0.01,19.35,Low Risk
32.26,0.28,1.03,95.0,0.5,1.77,0.0,Low Risk
24.04,-0.01,15.98,51.3,1.18,1.12,0.0,Low Risk
27.43,-0.37,9.49,88.1,0.97,0.84,0.89,Low Risk
30.52,0.77,36.84,49.2,0.93,-0.69,34.5,Low Risk
32.33,0.56,2.43,71.6,0.93,1.04,2.32,Low Risk
22.0,-0.2,11.18,73.5,1.0,1.39,2.22,Low Risk
26.33,0.35,2.85,66.1,1.16,-0.59,0.0,Low Risk
25.63,0.37,11.43,73.7,0.99,0.52,3.46,Low Risk
24.73,0.42,15.39,98.6,0.66,1.31,2.2,Low Risk
36.83,-0.75,15.37,67.1,5.83,53.52,52.57,Medium Risk
30.02,0.6,20.25,89.8,1.12,1.01,0.0,Low Risk
21.7,-0.18,23.05,62.6,1.05,0.54,0.0,Low Risk
32.59,-0.08,0.97,76.6,1.27,1.37,0.89,Low Risk
38.61,1.42,5.05,85.8,1.01,0.63,8.88,Low Risk
33.16,0.25,13.94,62.1,1.28,0.94,3.52,Low Risk
20.4,-0.09,8.28,56.4,1.35,0.77,0.0,Low Risk
25.58,-1.0,2.54,88.9,1.15,-0.35,1.98,Low Risk
34.33,0.79,9.65,100.2,0.81,-0.24,5.76,Low Risk
24.46,-0.57,6.28,78.6,0.97,-0.66,0.85,Low Risk
30.22,-0.4,5.93,71.8,1.31,0.19,0.0,Low Risk
31.87,-0.07,19.91,82.8,0.63,1.15,0.0,Low Risk
23.37,0.81,6.28,81.0,0.9,0.77,0.0,Low Risk
27.7,0.49,0.32,84.4,0.91,0.47,0.0,Low Risk
15.0,0.02,0.72,40.0,0.78,1.59,17.67,Low Risk
22.88,0.25,23.28,60.8,1.22,0.26,0.44,Low Risk
26.74,-0.2,38.81,64.8,1.09,0.95,17.67,Low Risk
21.76,0.17,13.99,82.7,0.82,0.23,0.0,Low Risk
36.16,0.14,5.44,83.3,1.15,-0.7,7.58,Low Risk
20.85,0.58,33.48,91.5,0.96,-0.1,11.87,Low Risk
25.8,0.58,13.05,84.6,0.78,-0.12,0.0,Low Risk
28.65,0.35,22.32,56.6,0.82,-0.64,0.0,Low Risk
35.21,-0.08,17.42,106.0,1.11,0.38,8.01,Low Risk
20.82,0.47,5.72,102.9,1.23,-0.09,2.59,Low Risk
33.82,0.05,7.82,57.4,0.88,1.7,0.0,Low Risk
28.05,-0.44,2.47,86.0,5.57,59.76,44.03,Medium Risk
23.09,-0.1,4.14,69.3,1.4,-0.17,0.03,Low Risk
30.31,0.14,18.07,82.5,0.69,-0.37,4.12,Low Risk
29.0,0.56,26.93,99.0,1.09,-0.4,2.33,Low Risk
25.0,0.01,15.47,118.3,1.21,1.2,0.0,Low Risk
28.35,-0.5,7.51,93.5,0.98,1.27,0.0,Low Risk
26.07,0.13,1.09,85.3,1.31,-1.1,0.0,Low Risk
28.57,0.16,0.7,73.9,1.55,2.23,0.43,Low Risk
31.31,0.19,5.63,83.3,1.09,0.56,0.73,Low Risk
35.93,0.56,7.48,104.5,0.94,1.32,5.51,Low Risk
21.81,0.61,11.27,79.2,1.24,-0.14,3.69,Low Risk
38.67,-0.2,0.08,64.0,1.21,-0.29,0.74,Low Risk
18.24,-0.21,54.93,50.8,0.37,0.3,38.8,Low Risk
27.24,-0.42,5.43,89.2,1.0,0.8,0.15,Low Risk
30.94,0.45,22.61,84.5,0.9,0.68,0.0,Low Risk
29.4,0.82,9.19,68.4,1.1,1.44,0.93,Low Risk
24.89,-0.06,1.68,98.5,0.95,-0.91,0.0,Low Risk
26.96,-0.02,19.17,72.4,0.98,1.23,0.0,Low Risk
25.53,0.83,14.85,77.6,0.78,0.91,0.0,Low Risk
25.05,0.35,8.99,79.7,1.18,0.75,0.0,Low Risk
32.25,0.32,8.67,73.7,1.41,-0.58,0.0,Low Risk
29.79,-0.5,1.1,84.2,0.79,-0.14,0.0,Low Risk
24.54,0.44,12.8,100.7,0.65,1.01,0.67,Low Risk
32.5,-0.36,29.06,59.4,1.01,-1.46,3.09,Low Risk
29.54,-0.47,1.17,88.8,0.99,-1.02,0.0,Low Risk
32.06,-0.07,3.67,83.1,1.29,0.87,0.0,Low Risk
31.15,-0.19,27.91,82.8,0.69,0.95,8.18,Low Risk
23.86,-0.01,4.01,95.7,0.87,-0.1,0.0,Low Risk
25.2,-0.62,12.73,80.9,0.46,-0.1,0.0,Low Risk
31.74,0.58,9.18,88.6,1.34,1.26,1.71,Low Risk
31.05,0.66,10.89,92.9,1.06,1.21,0.0,Low Risk
27.9,-0.87,6.45,70.9,0.88,0.23,1.49,Low Risk
28.59,0.59,4.28,85.4,0.67,-0.48,2.01,Low Risk
34.39,-0.31,0.6,75.5,0.69,1.68,1.88,Low Risk
25.04,0.53,16.36,77.6,1.1,-0.53,0.0,Low Risk
30.74,0.07,16.45,74.2,0.72,1.04,0.0,Low Risk
26.99,0.11,13.33,88.5,1.03,1.46,1.76,Low Risk
26.91,0.01,12.38,81.5,1.51,0.49,3.24,Low Risk
33.49,0.71,3.35,87.1,0.91,0.03,5.56,Low Risk
32.13,-0.52,0.27,79.7,5.74,25.95,44.77,Medium Risk
32.07,0.4,19.85,51.1,1.1,0.55,3.17,Low Risk
34.53,0.65,8.11,80.6,0.69,-0.67,4.54,Low Risk
28.11,0.46,4.4,81.1,5.95,35.09,44.28,Medium Risk
31.41,1.26,1.29,84.4,1.35,-1.12,0.0,Low Risk
26.45,-0.16,0.78,69.3,0.96,-0.84,0.95,Low Risk
29.62,0.58,5.15,58.5,0.78,0.61,3.2,Low Risk
27.35,0.05,19.6,91.2,0.89,1.17,2.45,Low Risk
28.48,0.72,30.12,75.1,0.93,0.27,5.58,Low Risk
30.98,0.1,27.25,83.1,1.1,1.34,3.84,Low Risk
23.91,-0.09,30.31,74.9,1.26,0.05,5.72,Low Risk
38.46,0.75,28.6,79.9,0.74,2.24,10.37,Low Risk
22.97,-0.15,8.99,71.9,1.25,-0.56,0.93,Low Risk
21.93,-0.61,2.97,62.6,1.15,-0.07,0.63,Low Risk
33.79,-0.16,19.2,88.5,0.87,1.58,4.67,Low Risk
31.96,0.41,2.89,69.1,0.73,0.29,0.0,Low Risk
31.12,0.8,3.73,83.0,1.03,1.26,2.67,Low Risk
31.14,0.16,3.19,87.4,0.74,-0.56,0.0,Low Risk
27.94,0.76,8.68,69.4,1.26,-0.26,0.0,Low Risk
23.51,-0.58,4.66,58.3,0.72,0.98,2.01,Low Risk
28.38,-0.12,2.01,123.7,1.14,-0.65,0.92,Low Risk
24.61,-0.04,7.24,70.5,0.98,-0.47,1.94,Low Risk
32.88,0.04,24.85,91.2,0.86,0.41,1.62,Low Risk
27.26,0.14,10.14,114.9,0.97,1.55,0.0,Low Risk
23.87,0.45,25.28,94.2,1.27,0.79,0.0,Low Risk
26.39,-0.12,2.62,74.6,0.7,0.33,0.23,Low Risk
30.06,0.17,2.19,78.8,0.9,0.63,0.0,Low Risk
25.18,0.08,10.28,65.0,0.81,-0.89,3.6,Low Risk
23.89,-0.36,7.47,95.9,0.99,0.04,0.0,Low Risk
29.22,0.04,12.95,90.2,0.83,0.85,1.74,Low Risk
29.22,0.03,19.0,70.7,0.56,0.69,1.17,Low Risk
25.47,0.02,16.7,61.2,0.74,0.99,0.0,Low Risk
25.64,0.12,34.22,56.2,1.41,1.06,12.87,Low Risk
29.16,0.14,6.1,97.8,1.06,0.68,0.22,Low Risk
20.76,-0.12,2.77,82.2,7.94,16.37,47.63,Medium Risk
20.96,0.74,9.61,83.9,0.93,0.77,0.0,Low Risk
24.41,-0.48,1.41,65.2,0.99,0.11,1.55,Low Risk
26.93,-0.26,4.09,53.7,7.0,37.85,45.79,Medium Risk
29.55,1.49,2.8,97.3,1.13,0.2,2.63,Low Risk
35.38,-0.42,6.06,80.8,1.03,0.73,3.8,Low Risk
32.29,-0.58,1.41,96.3,0.71,-0.68,1.98,Low Risk
27.2,0.47,0.39,73.1,1.06,-0.87,0.0,Low Risk
27.9,-0.94,12.83,75.7,0.39,-0.49,4.12,Low Risk
22.99,-0.02,11.31,92.8,1.1,1.24,0.0,Low Risk
27.91,1.17,14.79,93.2,0.65,0.15,0.0,Low Risk
26.56,-0.67,12.96,94.4,0.98,0.9,0.0,Low Risk
29.61,-0.89,1.46,74.7,0.7,0.88,1.94,Low Risk
23.86,-0.65,4.13,91.1,1.0,0.82,0.0,Low Risk
30.6,0.55,1.66,100.0,1.14,0.92,2.02,Low Risk
35.66,0.66,22.22,78.1,1.38,0.08,8.66,Low Risk
27.46,-0.16,16.49,70.8,0.61,1.04,1.94,Low Risk
30.01,0.44,2.7,104.2,1.24,0.81,1.87,Low Risk
31.45,0.8,5.01,68.2,1.03,-0.77,0.0,Low Risk
25.99,0.99,40.8,91.3,0.89,0.55,20.58,Low Risk
29.12,-0.02,10.82,78.9,1.19,0.38,0.0,Low Risk
28.06,-1.05,19.38,46.9,4.87,16.69,57.73,Medium Risk
28.49,-0.31,3.69,100.3,1.18,0.52,3.85,Low Risk
24.13,-0.11,2.83,40.0,0.75,0.31,19.5,Low Risk
28.12,-0.03,18.39,44.3,0.84,1.75,23.51,Low Risk
30.49,0.01,13.9,89.5,1.24,0.99,0.0,Low Risk
35.26,0.66,13.71,89.5,1.37,0.53,3.98,Low Risk
32.8,0.74,9.65,68.5,0.99,-0.39,0.0,Low Risk
38.77,0.01,9.95,82.7,0.3,0.6,2.87,Low Risk
24.16,0.65,15.97,40.0,0.95,-0.18,20.72,Low Risk
32.36,0.28,3.78,92.7,1.01,-0.82,0.0,Low Risk
28.92,0.13,5.22,84.5,0.94,0.17,0.0,Low Risk
38.95,0.55,24.63,79.2,1.08,0.22,7.45,Low Risk
23.96,0.14,4.43,80.4,0.88,1.32,1.93,Low Risk
23.8,1.13,9.48,88.9,1.21,1.28,0.0,Low Risk
25.0,-0.62,14.55,79.5,0.71,1.04,0.0,Low Risk
17.38,-0.16,113.95,46.3,1.31,0.43,69.76,Medium Risk
25.37,0.04,6.86,119.5,1.39,0.44,0.0,Low Risk
24.2,0.32,6.71,101.6,0.77,0.94,0.81,Low Risk
28.75,0.73,22.19,56.9,0.77,1.01,0.0,Low Risk
29.71,0.09,19.65,73.8,1.1,0.79,1.95,Low Risk
37.38,-0.61,15.76,75.8,0.7,0.91,7.58,Low Risk
32.75,0.52,7.47,99.4,0.88,0.45,2.91,Low Risk
25.12,0.48,4.7,41.1,1.28,0.27,18.96,Low Risk
23.51,-0.87,11.26,71.0,1.18,-1.28,0.0,Low Risk
30.46,0.1,25.07,48.3,1.5,0.23,20.0,Low Risk
21.4,-0.7,25.83,74.9,1.04,-0.08,0.0,Low Risk
37.16,-0.23,1.38,71.5,0.85,0.58,7.59,Low Risk
33.9,-0.35,6.71,81.4,1.01,-0.04,5.04,Low Risk
25.65,0.5,7.5,69.1,0.96,0.61,0.0,Low Risk
19.43,0.16,45.59,66.5,0.97,-0.99,30.82,Low Risk
34.77,-0.54,13.6,91.2,0.99,-0.27,4.31,Low Risk
27.43,0.54,6.28,88.2,0.77,-0.07,0.36,Low Risk
34.19,-0.62,0.32,89.9,6.15,18.04,49.1,Medium Risk
20.03,0.27,10.0,76.8,0.65,2.99,0.0,Low Risk
25.0,-0.31,1.21,69.7,0.82,-1.12,0.7,Low Risk
28.03,-0.08,21.58,77.9,0.97,1.04,0.0,Low Risk
28.23,0.35,16.76,89.0,0.44,1.3,0.0,Low Risk
25.75,0.36,7.41,40.8,1.19,0.15,22.36,Low Risk
31.11,0.77,6.73,87.1,0.49,0.77,0.0,Low Risk
22.66,0.06,27.32,85.6,6.79,53.5,47.25,Medium Risk
27.29,0.25,4.08,81.1,0.68,0.61,1.66,Low Risk
28.6,-0.12,3.44,77.3,0.9,-0.91,0.0,Low Risk
30.57,0.19,33.6,40.0,1.13,0.83,31.69,Low Risk
31.56,0.32,19.88,72.1,1.55,1.28,0.0,Low Risk
22.38,0.05,20.62,112.2,1.03,2.15,0.0,Low Risk
20.33,-0.8,2.61,80.2,0.5,-0.6,0.0,Low Risk
34.39,0.27,1.86,74.5,1.24,0.36,2.14,Low Risk
29.66,0.28,0.32,80.3,0.94,0.48,0.33,Low Risk
24.26,-0.24,3.25,86.4,1.02,0.42,0.0,Low Risk
35.76,-0.54,17.86,91.9,1.14,-0.84,7.82,Low Risk
28.58,0.84,3.29,75.9,4.75,54.18,46.44,Medium Risk
33.9,0.35,15.67,87.6,1.0,1.3,2.11,Low Risk
28.34,-0.01,3.48,110.2,0.9,0.8,1.9,Low Risk
38.3,-0.47,6.04,98.1,1.31,0.16,0.0,Low Risk
36.78,-0.31,49.01,122.1,1.18,0.33,39.42,Low Risk
26.76,0.75,3.37,68.2,0.59,0.27,0.0,Low Risk
32.86,0.17,5.67,110.2,1.32,-0.61,4.21,Low Risk
31.23,-0.18,4.3,65.8,1.11,1.06,2.55,Low Risk
34.84,0.35,1.39,86.4,0.61,0.52,3.86,Low Risk
23.18,-0.31,8.08,93.2,1.01,1.05,0.0,Low Risk
31.43,0.85,5.71,70.8,1.26,0.71,0.0,Low Risk
33.29,0.78,14.24,81.6,0.7,-0.3,0.0,Low Risk
19.21,-0.13,20.42,96.4,1.34,-0.24,0.0,Low Risk
22.08,-0.21,9.43,67.2,0.62,1.55,0.0,Low Risk
17.8,-1.21,0.39,110.0,0.8,0.95,0.0,Low Risk
26.65,-0.64,11.58,55.1,0.76,0.2,0.0,Low Risk
31.59,-0.57,0.68,114.9,1.34,0.95,1.62,Low Risk
35.51,0.17,11.5,98.0,0.88,-0.2,1.92,Low Risk
28.37,-0.06,13.86,78.4,0.71,1.37,0.0,Low Risk
36.14,-0.57,2.64,72.8,1.11,-0.59,6.07,Low Risk
21.1,-0.04,20.53,70.9,1.17,0.66,0.0,Low Risk
19.48,0.35,29.04,77.6,1.17,0.39,6.32,Low Risk
27.72,0.36,20.13,79.1,0.93,0.51,1.54,Low Risk
29.92,-0.85,4.37,102.6,1.06,1.02,0.09,Low Risk
27.84,0.04,10.6,115.4,0.84,1.3,3.08,Low Risk
17.66,-0.59,29.56,83.6,1.42,0.17,5.94,Low Risk
27.55,0.55,4.64,64.8,1.29,-1.09,0.0,Low Risk
21.48,0.49,20.58,70.2,1.27,-0.87,3.62,Low Risk
31.35,-0.35,0.11,76.7,1.2,0.19,4.89,Low Risk
29.83,-0.28,0.04,61.5,1.13,0.53,1.2,Low Risk
23.3,-0.13,17.11,58.8,0.69,0.8,0.0,Low Risk
25.43,-1.03,17.2,117.7,1.16,0.65,0.53,Low Risk
22.7,0.27,18.67,85.4,1.03,1.21,0.0,Low Risk
27.69,-0.04,31.92,65.0,7.2,46.5,57.66,Medium Risk
32.78,0.59,1.51,94.7,1.2,0.58,1.14,Low Risk
23.07,-0.45,3.17,58.8,1.14,0.79,0.0,Low Risk
30.52,-0.21,28.09,60.3,0.58,-0.11,5.0,Low Risk
25.35,-0.65,2.34,65.5,0.98,0.54,2.58,Low Risk
24.04,-0.4,13.76,109.8,0.86,0.67,0.0,Low Risk
27.46,-0.49,9.07,75.4,1.06,0.62,1.55,Low Risk
22.82,0.6,1.04,40.0,0.9,-0.1,16.22,Low Risk
25.23,-0.25,4.03,101.8,0.93,0.63,0.0,Low Risk
22.01,0.16,8.82,74.5,1.11,0.57,0.0,Low Risk
37.82,-0.09,22.95,46.7,0.89,0.75,27.04,Low Risk
28.18,-0.53,14.75,74.3,3.53,46.92,41.43,Medium Risk
24.5,0.02,11.67,89.4,7.8,19.02,44.3,Medium Risk
29.07,0.4,8.22,87.3,0.79,2.24,0.0,Low Risk
27.44,-0.5,4.26,112.4,1.16,0.54,2.34,Low Risk
26.9,0.5,1.52,64.7,0.69,1.36,1.16,Low Risk
31.07,-0.32,6.31,80.8,1.31,1.64,0.0,Low Risk
31.79,-0.14,0.35,67.4,1.24,-0.66,0.0,Low Risk
25.35,0.37,2.84,52.2,0.93,0.34,0.12,Low Risk
25.12,-0.23,6.8,95.9,1.75,0.38,1.56,Low Risk
26.62,0.12,6.51,88.3,1.31,2.11,0.0,Low Risk
16.49,-0.06,0.54,85.1,0.76,2.01,3.88,Low Risk
20.42,0.16,10.67,87.7,1.19,-0.66,0.58,Low Risk
34.83,-1.09,9.57,67.7,1.02,-0.3,1.09,Low Risk
36.22,-0.81,0.98,61.9,0.81,1.48,5.59,Low Risk
26.75,0.41,34.41,80.7,0.73,0.08,15.35,Low Risk
30.88,0.62,1.26,100.9,7.85,58.22,44.41,Medium Risk
29.56,-0.36,23.16,108.9,0.85,0.32,0.22,Low Risk
43.39,-0.02,0.0,94.3,0.97,-0.36,13.31,Low Risk
33.6,0.25,25.67,80.5,0.77,1.54,0.0,Low Risk
27.36,0.45,0.24,84.9,4.47,29.48,38.7,Low Risk
23.22,-0.91,17.02,80.2,0.97,0.4,0.0,Low Risk
19.97,-0.34,5.39,61.5,1.1,-0.41,3.3,Low Risk
29.02,-0.07,16.08,80.4,0.35,-0.39,2.65,Low Risk
24.22,0.45,6.16,56.0,1.0,0.55,0.0,Low Risk
20.89,1.35,0.88,77.8,0.81,-0.26,0.0,Low Risk
24.77,-0.01,17.51,109.4,1.35,1.71,1.43,Low Risk
22.59,-0.6,0.89,94.8,1.74,1.05,0.02,Low Risk
36.44,0.3,30.63,63.4,0.91,1.13,14.88,Low Risk
32.41,0.76,0.63,78.7,0.57,0.27,0.0,Low Risk
27.96,0.15,7.83,65.0,1.03,0.29,0.0,Low Risk
35.4,-0.35,15.41,78.9,0.95,0.85,3.72,Low Risk
28.39,0.58,6.0,98.7,1.49,-1.66,0.0,Low Risk
23.69,0.43,2.94,91.8,1.42,0.14,0.0,Low Risk
35.62,-0.41,17.08,124.7,5.0,35.32,50.06,Medium Risk
30.69,0.29,18.41,101.5,0.85,0.68,0.0,Low Risk
22.81,0.6,30.72,83.7,5.64,34.87,52.24,Medium Risk
27.05,0.69,5.66,92.2,1.07,0.4,0.0,Low Risk
23.62,0.07,8.47,76.4,1.06,-0.21,0.0,Low Risk
21.09,-0.08,5.41,59.7,0.61,1.64,0.0,Low Risk
32.63,0.71,3.57,103.5,1.27,2.31,4.28,Low Risk
37.55,-0.51,16.69,98.2,1.03,1.23,8.78,Low Risk
21.01,0.32,4.98,75.7,0.97,1.28,0.0,Low Risk
30.81,-0.59,6.71,84.9,0.85,0.47,1.99,Low Risk
24.75,0.63,6.2,102.3,0.8,-0.0,0.0,Low Risk
25.56,-0.03,14.97,95.2,1.08,-1.04,1.12,Low Risk
25.04,0.73,29.98,53.7,0.56,0.65,7.38,Low Risk
23.68,0.35,13.19,84.4,1.2,0.26,0.59,Low Risk
28.24,-0.51,7.65,77.0,0.74,0.68,0.0,Low Risk
23.85,0.81,18.13,100.0,0.49,-0.07,1.67,Low Risk
29.35,0.88,12.29,98.6,1.46,-0.69,0.69,Low Risk
27.75,0.54,0.75,103.7,0.79,-0.43,1.73,Low Risk
26.81,-0.28,1.21,59.9,0.82,1.73,0.0,Low Risk
23.46,-0.05,0.46,65.9,1.28,2.05,2.22,Low Risk
25.12,0.17,7.32,100.1,1.46,-0.76,0.0,Low Risk
31.78,-0.25,20.97,69.4,0.62,-0.04,0.0,Low Risk
30.5,0.95,4.51,52.6,0.76,-0.9,3.66,Low Risk
23.11,0.17,5.82,89.6,0.78,0.55,1.66,Low Risk
28.5,-1.25,28.83,70.2,1.23,0.57,9.2,Low Risk
31.76,0.27,21.76,112.2,1.41,0.41,0.0,Low Risk
19.65,-0.07,13.13,85.3,0.73,0.1,1.98,Low Risk
30.72,0.06,3.72,82.9,1.35,0.7,2.48,Low Risk
24.69,-0.08,1.49,73.4,0.82,1.02,0.0,Low Risk
30.85,0.5,0.19,108.6,1.08,1.06,0.0,Low Risk
24.18,0.66,1.36,86.5,0.68,1.48,0.83,Low Risk
18.98,0.24,4.15,72.6,4.29,41.05,43.33,Medium Risk
19.86,-0.07,9.63,65.7,0.97,0.03,0.65,Low Risk
28.24,0.08,0.79,78.7,0.92,1.26,0.0,Low Risk
29.3,0.11,1.76,62.4,1.1,0.05,0.0,Low Risk
23.48,-0.3,2.4,98.5,0.75,0.33,0.0,Low Risk
31.19,0.39,12.0,47.4,0.78,0.06,21.38,Low Risk
19.69,0.33,11.48,77.5,1.11,1.86,0.0,Low Risk
27.67,0.87,9.6,91.0,1.34,0.97,0.0,Low Risk
21.94,0.73,3.46,86.2,0.99,-0.41,0.0,Low Risk
24.74,-0.24,5.57,67.1,1.13,0.5,0.0,Low Risk
28.24,0.51,1.22,91.9,1.19,0.82,0.0,Low Risk
23.7,-0.38,3.08,64.1,1.21,-0.4,1.12,Low Risk
26.08,0.45,27.36,79.6,0.76,0.78,4.35,Low Risk
33.03,-0.16,46.76,91.7,0.81,0.38,29.57,Low Risk
25.12,-0.41,12.52,88.3,0.83,-0.48,0.0,Low Risk
32.18,0.24,29.84,67.8,1.48,-0.58,7.38,Low Risk
22.35,-1.24,12.35,101.6,1.13,1.6,1.03,Low Risk
30.65,-0.78,0.41,81.6,1.12,-0.17,1.16,Low Risk
35.21,0.01,68.8,93.4,1.09,1.31,42.61,Medium Risk
15.64,0.14,1.25,107.5,0.67,1.03,1.66,Low Risk
24.02,-0.08,13.77,100.1,1.48,0.0,0.36,Low Risk
30.89,-0.69,3.5,100.2,1.12,0.9,0.0,Low Risk
26.98,-0.31,5.97,83.5,1.18,0.76,0.0,Low Risk
29.86,0.3,12.46,94.3,0.56,1.23,0.0,Low Risk
24.98,0.39,6.88,83.8,1.19,0.64,0.0,Low Risk
28.43,0.09,3.46,58.2,0.91,0.23,2.19,Low Risk
27.22,0.68,4.89,85.4,0.67,1.56,1.04,Low Risk
33.84,0.3,5.01,84.6,0.76,1.08,0.54,Low Risk
29.27,-0.27,38.43,90.5,0.68,-0.01,17.89,Low Risk
29.69,-0.04,19.23,77.7,0.68,0.36,1.2,Low Risk
25.94,-0.6,7.36,66.3,1.02,1.54,0.0,Low Risk
25.56,0.05,2.68,91.8,0.9,1.7,1.2,Low Risk
25.84,0.66,19.99,56.4,1.08,0.36,3.96,Low Risk
29.97,0.44,2.05,106.3,1.42,0.89,0.63,Low Risk
25.9,0.8,2.84,75.8,0.97,0.79,0.0,Low Risk
29.45,-0.05,5.47,84.4,0.44,-0.38,0.0,Low Risk
38.38,0.77,25.48,90.1,0.94,0.91,0.87,Low Risk
32.36,0.0,1.7,90.6,1.3,-1.22,0.0,Low Risk
26.37,0.84,1.56,54.6,0.98,1.23,0.98,Low Risk
34.01,0.09,8.17,94.8,1.38,0.92,2.68,Low Risk
25.96,0.45,3.88,85.5,1.11,-1.92,2.45,Low Risk
17.81,0.84,10.09,68.6,0.54,-0.27,0.74,Low Risk
22.96,0.0,7.21,66.5,1.03,-0.91,0.0,Low Risk
18.65,0.21,6.85,74.0,1.07,-0.32,2.52,Low Risk
26.24,0.74,1.43,56.6,1.27,0.61,1.18,Low Risk
28.09,0.03,1.82,111.0,1.45,1.89,0.0,Low Risk
36.38,-0.56,20.65,106.8,3.94,37.64,43.17,Medium Risk
29.63,1.17,26.05,88.1,1.11,0.2,0.48,Low Risk
26.9,-0.13,3.21,76.0,1.17,1.07,3.53,Low Risk
32.15,0.18,1.45,76.5,0.96,1.0,1.7,Low Risk
16.94,0.68,0.66,93.6,0.63,1.66,0.0,Low Risk
29.18,-0.2,11.25,111.6,1.01,1.17,6.34,Low Risk
31.85,-0.4,15.08,69.7,1.09,0.5,1.57,Low Risk
20.61,0.23,5.6,59.9,0.7,-0.71,0.0,Low Risk
33.72,-0.8,13.66,107.9,1.33,1.58,1.98,Low Risk
29.69,-0.04,14.98,47.8,1.25,0.4,18.97,Low Risk
25.92,0.22,32.86,61.8,0.66,-0.21,9.33,Low Risk
31.16,-0.03,0.8,75.6,1.34,-1.09,2.61,Low Risk
39.35,-0.67,2.56,51.9,0.92,-0.42,0.0,Low Risk
28.91,0.9,0.85,100.0,0.81,0.82,1.86,Low Risk
29.24,0.15,24.3,95.4,1.27,0.19,0.0,Low Risk
25.7,0.82,18.88,69.7,3.7,28.78,32.39,Low Risk
23.75,-0.03,10.26,103.0,1.47,1.8,0.0,Low Risk
32.15,-0.34,1.05,106.1,0.79,-1.21,0.26,Low Risk
23.72,0.23,3.83,78.0,0.57,-0.31,0.0,Low Risk
28.36,-0.01,4.24,71.9,0.93,0.61,0.0,Low Risk
25.61,-0.49,9.87,120.7,1.2,1.68,0.0,Low Risk
30.39,0.83,3.58,93.0,0.77,-0.17,0.0,Low Risk
29.67,-0.21,0.91,84.6,0.67,0.68,0.0,Low Risk
33.19,-0.82,15.75,104.5,1.06,-0.37,0.0,Low Risk
25.45,0.76,4.26,85.4,0.63,0.43,2.71,Low Risk
26.65,-0.15,7.23,70.9,1.08,0.61,1.0,Low Risk
23.11,-0.2,1.64,81.4,0.91,0.24,0.0,Low Risk
25.78,-0.78,19.47,98.7,1.12,1.81,0.0,Low Risk
29.89,0.97,10.0,44.1,0.65,1.45,20.03,Low Risk
31.78,-0.54,27.82,74.8,1.32,0.24,4.41,Low Risk
23.39,0.13,8.21,104.9,0.95,0.29,0.84,Low Risk
32.35,0.56,34.05,70.8,1.19,1.14,11.64,Low Risk
34.78,0.31,26.69,107.8,1.24,0.54,6.96,Low Risk
30.07,0.07,10.31,105.5,0.71,0.51,3.82,Low Risk
37.38,-0.75,32.6,78.8,1.22,-0.05,17.67,Low Risk
24.13,-0.3,4.68,69.8,0.64,0.98,2.07,Low Risk
21.78,0.19,5.46,74.8,0.66,-0.01,0.0,Low Risk
19.11,-0.29,0.56,128.0,1.49,-0.01,0.0,Low Risk
35.48,0.2,10.68,113.7,1.28,0.73,5.48,Low Risk
31.27,0.44,15.36,82.3,1.52,0.61,0.0,Low Risk
27.72,0.58,17.82,69.1,6.8,18.09,45.28,Medium Risk
29.4,-0.51,1.95,82.1,6.07,50.47,46.93,Medium Risk
22.37,1.2,7.05,84.4,1.13,0.69,1.81,Low Risk
40.23,0.48,2.34,57.6,1.0,-1.11,10.29,Low Risk
28.65,0.1,13.02,81.4,0.81,1.32,0.0,Low Risk
28.55,0.64,2.06,103.8,0.78,0.06,0.12,Low Risk
31.63,1.28,28.14,47.6,1.05,0.63,28.75,Low Risk
30.41,-0.62,3.15,94.9,0.73,0.04,0.0,Low Risk
29.12,-0.01,4.13,104.7,0.73,0.75,0.0,Low Risk
24.05,-1.09,22.84,69.9,1.1,-0.46,0.0,Low Risk
30.36,0.2,7.36,110.5,0.98,1.98,0.22,Low Risk
37.41,0.28,0.29,67.6,1.23,-0.05,10.2,Low Risk
34.73,0.08,8.19,87.9,0.89,1.2,7.52,Low Risk
35.97,-0.23,1.06,74.5,0.85,-0.39,3.95,Low Risk
25.44,-0.92,50.68,74.5,7.6,45.03,78.55,High Risk
23.05,0.29,10.64,68.9,0.8,-0.1,3.16,Low Risk
27.37,0.83,3.56,92.6,0.84,0.02,0.0,Low Risk
28.28,-0.2,9.95,95.3,0.85,0.84,0.0,Low Risk
33.47,0.32,0.96,78.8,0.95,0.87,4.15,Low Risk
19.54,-0.68,19.31,55.5,1.44,0.83,0.0,Low Risk
35.65,0.33,31.14,87.3,0.66,-0.2,11.96,Low Risk
27.21,-0.1,24.9,87.6,1.32,0.6,2.52,Low Risk
25.87,-0.28,5.02,76.1,1.18,-0.18,0.0,Low Risk
22.94,-0.28,4.73,113.6,1.39,1.67,0.0,Low Risk
19.73,-0.1,0.43,51.8,1.78,-0.24,1.68,Low Risk
32.12,0.29,12.65,40.1,1.36,0.12,23.42,Low Risk
28.37,-0.56,9.19,66.8,1.23,0.55,2.87,Low Risk
21.55,-0.1,7.38,92.8,0.67,-0.32,0.0,Low Risk
21.52,0.08,28.58,61.0,7.65,37.32,52.94,Medium Risk
26.32,-0.45,2.21,62.3,1.09,1.39,0.16,Low Risk
36.35,1.0,0.12,97.1,0.58,-0.21,4.9,Low Risk
26.7,-0.33,0.91,88.3,1.15,-0.04,0.0,Low Risk
20.48,-0.23,3.03,86.8,0.47,1.46,1.4,Low Risk
26.77,-0.39,0.41,94.1,1.29,0.62,0.87,Low Risk
26.64,1.0,8.39,72.3,0.92,0.32,2.81,Low Risk
15.0,0.38,4.52,73.2,1.03,-0.11,0.0,Low Risk
27.73,-0.37,2.39,94.6,0.81,0.2,0.0,Low Risk
26.85,0.65,16.64,55.8,0.53,0.38,1.61,Low Risk
31.48,0.2,2.74,41.4,1.31,1.01,18.42,Low Risk
37.24,0.23,13.96,72.2,1.33,0.5,9.51,Low Risk
33.63,-0.07,5.16,96.8,0.91,-0.23,0.22,Low Risk
26.66,-0.27,8.61,84.6,1.17,0.08,4.08,Low Risk
22.47,0.27,32.59,95.4,0.9,-0.39,14.62,Low Risk
40.87,-0.17,0.46,43.7,1.07,0.39,24.83,Low Risk
28.3,1.01,8.32,85.7,1.19,2.3,0.12,Low Risk
28.07,-0.53,23.12,91.8,1.14,2.48,0.25,Low Risk
27.88,0.87,10.64,55.7,1.34,0.76,0.0,Low Risk
28.99,0.04,3.89,95.5,1.13,-0.82,0.0,Low Risk
27.28,0.25,6.08,78.0,1.01,1.24,0.21,Low Risk
25.13,0.52,13.68,135.3,0.81,1.03,1.27,Low Risk
25.27,-0.22,26.58,40.8,0.88,2.65,25.28,Low Risk
27.84,0.53,0.5,104.6,1.2,0.56,3.21,Low Risk
25.28,-1.25,0.89,72.9,0.62,0.16,2.7,Low Risk
24.44,-0.26,4.72,50.9,1.28,-0.3,2.84,Low Risk
28.53,-0.36,3.18,70.5,0.93,1.16,1.48,Low Risk
26.73,-0.53,3.69,85.0,0.8,0.35,0.0,Low Risk
35.52,-0.01,3.0,98.7,0.73,0.3,2.65,Low Risk
15.0,0.29,2.62,111.0,6.43,55.01,42.85,Medium Risk
33.46,0.45,1.68,105.6,1.0,2.26,3.09,Low Risk
34.23,0.22,32.61,62.6,6.07,31.86,56.32,Medium Risk
17.63,-0.23,1.87,100.3,0.68,1.06,0.35,Low Risk
26.29,0.28,2.74,87.0,0.86,0.87,1.11,Low Risk
26.14,0.16,3.39,68.2,0.98,-1.28,0.0,Low Risk
20.96,0.57,32.44,76.2,0.81,2.27,10.49,Low Risk
24.11,0.49,16.91,67.2,1.0,-0.98,5.21,Low Risk
22.45,0.12,18.71,80.7,1.08,-0.22,0.0,Low Risk
36.76,-0.35,1.33,66.9,1.12,0.09,7.95,Low Risk
32.68,-0.23,21.72,61.5,1.38,-0.08,3.37,Low Risk
34.36,-0.17,6.29,88.6,0.67,0.32,5.35,Low Risk
31.61,-0.06,3.66,91.3,1.08,-0.12,1.67,Low Risk
22.35,0.23,10.29,76.6,0.84,1.59,0.55,Low Risk
25.38,0.46,20.72,104.6,1.11,0.97,0.56,Low Risk
30.45,0.07,18.1,75.3,4.26,32.24,35.36,Low Risk
21.89,0.11,26.49,74.6,0.75,-0.17,5.55,Low Risk
31.56,0.17,31.6,91.9,0.77,0.05,8.05,Low Risk
26.8,-0.16,3.26,77.6,1.13,-0.22,1.76,Low Risk
26.13,-0.36,6.62,81.5,1.01,-0.46,0.0,Low Risk
31.55,-0.78,0.18,40.0,3.53,23.88,56.02,Medium Risk
30.22,-0.25,25.38,80.3,1.16,0.19,0.0,Low Risk
26.2,0.34,2.01,47.1,1.18,0.82,24.73,Low Risk
33.8,-0.25,23.72,58.0,0.87,0.55,2.44,Low Risk
22.59,-0.02,4.79,56.0,0.79,1.66,1.46,Low Risk
31.08,0.33,5.51,61.2,0.68,1.22,0.03,Low Risk
30.97,0.36,0.48,70.1,1.01,0.79,3.17,Low Risk
26.45,-0.44,4.75,71.2,0.64,2.34,0.26,Low Risk
29.63,0.6,26.31,92.0,1.02,-0.06,2.48,Low Risk
21.74,0.66,0.31,84.0,1.3,0.35,0.21,Low Risk
32.62,-0.46,6.26,45.8,0.91,1.02,22.06,Low Risk
27.08,-0.31,0.38,81.5,0.87,1.18,0.0,Low Risk
25.39,0.7,5.56,85.7,1.5,-0.2,0.0,Low Risk
33.25,0.03,2.27,74.1,1.38,0.47,2.79,Low Risk
24.48,-1.01,3.49,78.9,0.81,0.52,4.26,Low Risk
20.96,-0.6,25.21,83.4,1.03,2.36,0.0,Low Risk
20.22,-0.02,6.87,93.8,1.08,1.03,1.54,Low Risk
31.03,-0.48,3.84,51.7,1.05,1.36,0.0,Low Risk
21.6,-0.11,10.68,75.6,1.45,0.19,0.0,Low Risk
36.77,0.12,1.84,107.2,4.22,52.33,52.26,Medium Risk
17.59,0.83,3.6,105.5,1.06,0.16,0.0,Low Risk
36.48,-0.05,9.48,95.3,1.17,0.94,8.96,Low Risk
29.06,0.64,3.25,89.7,1.3,1.68,0.0,Low Risk
27.52,0.81,13.64,109.8,1.23,-0.64,0.0,Low Risk
25.28,0.82,8.12,114.5,1.13,2.08,0.0,Low Risk
30.0,0.24,17.74,77.7,0.61,1.21,0.0,Low Risk
27.81,-0.88,35.53,62.6,0.88,1.3,13.29,Low Risk
33.52,0.33,1.48,75.1,3.92,53.35,47.49,Medium Risk
28.57,0.62,4.89,135.7,1.06,0.18,4.89,Low Risk
28.75,0.06,4.62,51.8,1.21,0.4,0.0,Low Risk
26.18,0.97,1.97,71.5,1.47,1.04,0.0,Low Risk
27.72,0.53,19.95,54.6,0.71,0.3,0.0,Low Risk
29.54,0.38,17.12,82.2,1.28,0.69,2.25,Low Risk
19.45,0.64,7.95,58.4,0.92,-0.03,0.0,Low Risk
21.26,0.27,9.26,78.0,1.23,1.12,0.0,Low Risk
31.72,-1.15,0.74,44.9,0.99,0.39,17.71,Low Risk
28.85,-0.15,9.73,91.1,1.53,0.18,0.0,Low Risk
27.08,0.7,18.8,102.0,1.03,-0.16,0.0,Low Risk
28.09,-0.3,10.23,73.1,0.84,-0.03,0.0,Low Risk
29.74,-0.01,3.7,77.6,1.1,-0.56,0.0,Low Risk
25.3,-0.42,13.22,77.1,1.08,0.84,0.04,Low Risk
24.11,0.99,5.38,83.3,1.28,0.02,0.0,Low Risk
28.98,0.94,9.45,79.3,1.11,0.47,3.99,Low Risk
23.11,-0.34,8.02,93.8,1.62,1.47,0.0,Low Risk
30.04,0.17,5.76,102.2,0.97,0.4,0.0,Low Risk
19.49,-0.24,15.23,65.3,0.98,0.37,0.0,Low Risk
33.15,0.41,25.84,74.4,0.85,0.46,0.95,Low Risk
30.36,0.35,0.06,96.2,1.02,0.73,2.5,Low Risk
29.28,0.51,32.55,54.4,1.06,0.13,11.08,Low Risk
32.91,0.27,8.6,44.5,1.07,1.18,16.36,Low Risk
36.33,1.57,14.48,84.1,1.02,0.6,4.02,Low Risk
33.07,-0.41,23.22,88.9,0.85,0.07,0.32,Low Risk
18.8,-0.76,7.55,67.0,0.78,0.23,1.27,Low Risk
21.6,-0.1,21.62,69.6,0.91,1.41,2.38,Low Risk
24.88,-0.68,2.35,66.3,1.29,-0.03,0.0,Low Risk
28.13,-0.65,2.08,64.4,1.34,0.84,3.18,Low Risk
30.59,-0.4,12.86,92.5,0.98,0.88,1.55,Low Risk
24.37,-0.36,24.5,58.8,0.76,-0.36,4.29,Low Risk
28.93,-0.38,26.75,75.2,0.98,-0.66,1.34,Low Risk
24.22,0.36,12.39,63.7,1.52,0.24,0.0,Low Risk
24.94,-0.15,8.95,53.8,1.25,1.14,0.43,Low Risk
20.97,0.01,4.83,95.7,1.14,-0.68,0.0,Low Risk
23.38,0.55,46.94,70.6,1.24,-0.2,32.29,Low Risk
21.24,-0.28,4.62,83.4,1.39,1.04,0.0,Low Risk
23.12,-0.03,16.36,52.9,0.71,-0.35,0.0,Low Risk
33.27,0.28,9.11,66.6,5.31,17.04,43.08,Medium Risk
23.25,-0.87,11.25,93.6,0.87,2.62,2.96,Low Risk
41.16,-1.09,6.0,126.6,1.15,-0.15,3.43,Low Risk
30.47,0.27,40.17,44.4,1.04,1.68,42.87,Medium Risk
28.92,0.35,10.17,76.4,1.19,0.76,3.34,Low Risk
23.71,1.13,33.33,87.4,0.87,-0.13,12.52,Low Risk
31.5,0.18,0.09,68.9,1.34,1.77,0.0,Low Risk
25.12,0.51,10.2,95.3,0.98,0.83,2.91,Low Risk
28.61,0.0,15.16,64.4,1.17,1.45,1.93,Low Risk
40.8,0.25,16.4,82.8,1.3,2.38,6.78,Low Risk
27.52,0.93,28.24,70.6,1.28,0.41,2.84,Low Risk
33.75,-0.96,0.05,101.9,1.09,0.94,2.51,Low Risk
24.48,0.31,0.0,67.8,1.2,-0.39,1.8,Low Risk
27.83,1.17,7.67,73.7,1.44,0.13,0.0,Low Risk
36.85,0.24,0.36,97.0,1.13,0.43,7.55,Low Risk
24.87,0.93,44.04,61.5,0.82,0.67,28.47,Low Risk
37.06,-0.21,3.01,81.2,1.15,-1.2,7.1,Low Risk
31.54,0.08,7.68,47.2,0.99,1.74,20.56,Low Risk
25.19,0.12,0.76,60.4,0.41,1.01,0.98,Low Risk
31.16,-1.01,8.86,86.9,1.12,0.91,1.51,Low Risk
32.86,-0.48,5.74,62.2,1.03,2.14,1.45,Low Risk
31.11,-0.45,0.55,70.2,1.29,1.8,0.0,Low Risk
20.15,0.51,4.9,88.9,0.81,0.38,2.03,Low Risk
24.36,0.54,5.96,69.6,0.62,0.04,0.0,Low Risk
26.76,0.26,55.17,94.8,1.04,1.0,38.27,Low Risk
27.63,0.51,2.8,83.9,1.1,1.74,1.17,Low Risk
31.1,0.02,9.44,87.8,1.02,0.38,3.05,Low Risk
28.89,0.7,52.41,102.3,1.01,1.21,36.87,Low Risk
21.32,0.1,18.84,85.8,0.73,1.87,0.0,Low Risk
29.9,0.13,60.19,107.7,0.97,1.29,38.26,Low Risk
31.05,-0.03,41.42,96.4,0.91,-0.78,21.02,Low Risk
30.8,0.44,8.07,70.6,1.27,-0.46,2.29,Low Risk
33.4,-0.11,14.3,103.3,1.09,2.09,0.0,Low Risk
32.17,0.59,1.4,84.7,0.93,0.59,0.0,Low Risk
30.3,-0.47,6.98,72.9,1.43,0.76,0.0,Low Risk
27.65,-0.45,19.87,85.0,0.93,0.95,0.0,Low Risk
19.7,0.44,8.45,100.0,1.14,1.65,0.0,Low Risk
30.15,0.06,14.56,88.2,0.96,-0.13,0.0,Low Risk
29.04,-0.13,16.43,112.8,3.86,17.92,31.74,Low Risk
29.36,0.55,3.51,99.6,1.02,-0.3,0.0,Low Risk
21.62,-0.2,25.02,89.4,1.03,-1.15,0.0,Low Risk
22.59,-0.0,7.39,61.5,0.97,0.83,0.52,Low Risk
33.27,0.8,2.83,76.8,1.05,-0.19,0.04,Low Risk
27.8,0.87,24.07,81.3,1.3,1.27,0.0,Low Risk
31.41,0.89,6.49,92.5,1.21,0.01,1.41,Low Risk
28.14,-0.04,16.65,91.5,1.01,-0.58,1.14,Low Risk
28.15,0.72,9.53,83.1,1.43,1.34,0.0,Low Risk
32.69,-0.37,5.77,82.2,1.22,0.92,0.18,Low Risk
25.42,-0.35,19.92,93.0,0.89,0.37,0.0,Low Risk
28.48,-1.08,10.54,64.5,0.65,0.41,3.63,Low Risk
25.69,0.94,5.94,110.5,0.9,0.98,0.0,Low Risk
25.83,-0.33,1.39,43.2,1.1,1.86,19.1,Low Risk
26.45,0.04,27.1,106.2,1.15,0.82,4.46,Low Risk
29.11,-0.36,0.43,79.2,1.34,0.88,0.0,Low Risk
25.61,0.45,23.87,98.0,0.73,0.13,2.14,Low Risk
34.28,-0.09,5.35,86.5,0.89,0.31,0.0,Low Risk
23.53,-0.55,12.24,86.2,0.71,-2.15,0.0,Low Risk
27.07,0.32,30.64,90.0,0.67,-0.25,7.27,Low Risk
25.8,-0.62,1.97,94.6,0.84,-0.35,0.98,Low Risk
35.23,-0.32,10.04,74.1,1.09,-0.37,4.86,Low Risk
28.98,-0.95,17.35,98.6,1.19,0.19,1.22,Low Risk
33.16,-0.61,17.01,60.5,0.76,0.28,1.07,Low Risk
20.57,0.19,8.95,79.9,0.8,-0.35,0.0,Low Risk
29.34,-0.88,11.76,95.0,0.56,1.51,1.1,Low Risk
32.45,-0.64,17.0,97.9,1.05,0.98,0.0,Low Risk
28.41,0.1,22.07,88.3,0.82,0.67,0.0,Low Risk
33.33,-0.17,17.22,72.9,1.42,1.02,0.0,Low Risk
25.41,1.1,5.24,96.1,1.1,-0.88,0.37,Low Risk
35.05,1.02,68.66,68.0,0.96,-0.9,45.01,Medium Risk
39.49,-0.33,6.84,111.5,0.84,1.47,0.0,Low Risk
26.19,0.38,0.3,78.5,0.63,2.41,0.0,Low Risk
25.77,0.47,5.4,52.3,0.66,0.54,0.0,Low Risk
35.27,-0.2,1.64,58.5,0.84,2.3,6.17,Low Risk
35.9,-0.65,1.55,80.8,0.83,0.5,5.9,Low Risk
25.39,0.09,3.97,82.5,0.75,-0.07,0.57,Low Risk
25.9,0.01,0.66,115.5,7.93,40.72,45.87,Medium Risk
26.59,-0.12,14.0,61.3,1.13,-1.22,0.0,Low Risk
21.28,0.32,0.92,80.7,0.89,0.03,0.43,Low Risk
23.41,-0.28,2.73,60.9,1.48,-0.16,0.0,Low Risk
22.98,-0.48,1.17,71.1,0.56,-0.46,2.95,Low Risk
24.16,0.15,0.78,110.3,1.01,0.1,1.06,Low Risk
27.83,0.29,3.74,59.5,0.95,0.73,3.67,Low Risk
29.17,-0.49,10.18,90.6,0.86,1.55,2.54,Low Risk
35.75,0.56,40.12,87.1,0.83,1.33,26.4,Low Risk
23.01,-0.79,25.01,79.6,1.0,-0.77,0.0,Low Risk
32.92,-0.19,25.04,89.3,0.94,2.33,0.0,Low Risk
26.93,-0.03,2.32,59.1,0.9,1.5,0.0,Low Risk
27.75,-0.22,3.69,109.8,0.68,0.53,2.02,Low Risk
31.37,-0.18,0.95,114.6,0.6,1.58,1.92,Low Risk
22.39,1.04,18.09,80.8,0.93,-0.24,0.0,Low Risk
29.91,-0.33,0.87,123.6,0.9,1.18,2.63,Low Risk
28.83,1.32,9.76,72.8,0.95,-1.05,2.37,Low Risk
30.46,0.32,3.42,87.2,4.79,52.67,47.24,Medium Risk
29.45,0.15,3.35,105.8,0.87,1.59,1.02,Low Risk
40.28,0.34,56.17,71.7,0.95,0.13,45.25,Medium Risk
24.81,1.36,16.97,55.1,0.79,0.17,0.0,Low Risk
25.35,-0.4,21.76,51.0,1.38,0.02,0.0,Low Risk
24.88,-0.46,10.18,117.1,5.34,54.65,47.27,Medium Risk
25.22,-0.28,24.58,70.5,0.91,-0.31,0.0,Low Risk
24.81,0.12,12.44,76.7,0.82,1.77,0.0,Low Risk
33.95,-0.76,35.06,60.0,0.81,-0.46,18.25,Low Risk
35.1,0.11,3.96,97.1,1.01,0.76,2.55,Low Risk
25.15,0.95,10.86,65.9,4.98,40.07,45.3,Medium Risk
23.84,0.18,14.06,71.2,0.89,-0.09,3.32,Low Risk
30.36,-0.05,5.99,85.4,0.93,-0.66,4.2,Low Risk
25.24,-0.21,25.41,60.8,0.82,0.04,1.97,Low Risk
31.16,0.55,46.83,76.8,1.1,0.18,33.19,Low Risk
29.01,-0.31,8.17,105.2,1.51,1.24,1.49,Low Risk
20.42,1.02,5.94,87.7,0.78,0.38,1.61,Low Risk
35.74,1.07,7.66,82.3,1.1,0.5,7.44,Low Risk
36.98,0.23,22.99,83.9,1.01,-0.62,5.33,Low Risk
24.94,0.09,12.44,73.0,1.17,0.34,0.0,Low Risk
26.06,0.62,0.55,115.9,1.17,1.65,2.03,Low Risk
29.43,0.65,9.38,65.4,1.05,1.38,0.61,Low Risk
29.67,-0.3,0.21,83.8,0.99,0.1,0.32,Low Risk
31.29,-0.16,18.09,82.1,0.89,1.16,0.0,Low Risk
38.05,-0.56,4.78,98.2,0.81,0.39,0.0,Low Risk
27.12,0.3,7.66,99.9,0.98,0.9,2.51,Low Risk
24.01,0.43,19.23,79.4,0.68,0.26,0.0,Low Risk
21.1,-0.57,0.57,85.2,0.85,-0.27,0.03,Low Risk
24.35,-0.13,2.07,85.9,1.28,-0.31,0.0,Low Risk
27.83,-0.57,6.09,40.0,1.02,0.92,16.89,Low Risk
36.97,-0.35,3.14,51.4,1.22,-1.62,7.67,Low Risk
25.41,0.38,4.95,69.1,1.37,1.35,1.48,Low Risk
29.12,-0.27,75.67,69.9,0.96,0.31,40.58,Medium Risk
27.92,-0.05,20.94,58.4,1.05,-0.01,0.0,Low Risk
33.94,-0.71,25.84,93.5,0.92,1.3,1.72,Low Risk
40.63,0.19,33.19,80.0,0.8,-1.71,19.28,Low Risk
25.35,0.08,5.0,76.1,0.76,0.87,0.0,Low Risk
25.55,-0.26,4.23,57.4,1.21,1.81,0.0,Low Risk
33.22,0.01,3.2,79.2,1.05,-0.6,1.12,Low Risk
31.41,0.19,21.27,40.0,1.46,0.14,22.08,Low Risk
37.23,-0.31,13.66,77.1,1.24,0.86,10.17,Low Risk
30.92,-0.64,3.23,81.1,4.65,37.77,46.75,Medium Risk
26.2,1.0,5.68,84.4,1.21,0.7,0.0,Low Risk
30.95,-0.22,8.48,51.8,0.92,2.65,0.0,Low Risk
33.54,0.05,9.01,84.0,1.3,0.76,1.02,Low Risk
32.1,0.61,26.35,61.3,5.19,55.94,48.99,Medium Risk
30.54,1.86,5.75,65.4,0.74,-0.46,1.88,Low Risk
33.33,-0.52,28.7,92.9,0.8,1.56,7.19,Low Risk
33.85,0.32,6.99,116.3,0.81,-1.68,5.01,Low Risk
34.91,-0.25,16.46,80.9,0.79,0.47,5.58,Low Risk
31.24,-0.17,31.95,65.3,0.86,1.23,8.77,Low Risk
27.16,-0.26,28.58,83.4,1.21,-1.5,4.32,Low Risk
28.73,-0.46,0.7,96.9,1.45,-1.11,0.0,Low Risk
34.03,0.08,2.76,91.2,0.67,-0.68,2.8,Low Risk
23.92,-0.64,7.78,129.4,1.32,1.6,0.0,Low Risk
29.84,0.57,6.78,67.1,0.88,-0.01,0.0,Low Risk
26.03,0.13,12.29,84.5,1.09,1.22,0.0,Low Risk
28.14,0.31,34.74,107.9,4.2,26.22,52.76,Medium Risk
34.39,-0.13,1.43,106.8,1.13,-0.83,2.66,Low Risk
28.96,-0.08,7.21,44.9,0.5,0.19,23.15,Low Risk
28.23,0.24,2.56,79.9,1.08,0.32,0.12,Low Risk
21.2,-0.48,26.94,106.7,1.06,0.91,2.26,Low Risk
31.73,-0.08,40.09,132.0,1.05,0.68,23.79,Low Risk
31.23,-0.33,7.82,92.7,0.82,0.45,0.0,Low Risk
38.82,-0.35,1.32,73.4,1.14,1.43,4.48,Low Risk
26.46,-0.95,18.46,61.8,1.1,1.42,1.91,Low Risk
29.1,0.77,14.33,119.9,0.95,-0.66,0.41,Low Risk
29.25,-0.24,5.26,93.1,1.17,0.14,1.63,Low Risk
35.89,0.68,26.21,64.7,0.98,0.53,7.63,Low Risk
27.52,0.63,44.67,76.3,1.13,0.57,26.33,Low Risk
29.4,-0.54,9.79,85.6,0.97,0.94,0.0,Low Risk
31.04,-0.44,10.01,89.8,1.05,0.8,0.0,Low Risk
28.93,1.38,4.24,63.8,5.31,53.92,43.2,Medium Risk
25.77,0.98,10.54,68.9,0.9,1.07,0.0,Low Risk
28.97,0.08,6.95,50.2,0.69,0.27,0.43,Low Risk
33.37,0.23,4.32,98.7,1.07,0.23,2.76,Low Risk
22.87,-0.22,0.83,73.9,1.3,1.62,2.82,Low Risk
28.66,0.32,3.5,88.4,1.07,0.1,0.0,Low Risk
24.5,-0.26,2.65,105.6,1.08,1.09,0.0,Low Risk
33.98,-0.92,9.37,84.0,0.99,-0.1,0.45,Low Risk
20.38,-0.56,11.05,78.0,1.18,0.77,0.88,Low Risk
25.21,0.11,11.26,83.5,0.95,0.83,2.92,Low Risk
29.89,-0.47,5.9,81.1,0.89,1.02,0.0,Low Risk
35.83,0.07,6.56,102.4,1.28,1.77,4.62,Low Risk
27.67,-0.44,21.57,85.6,0.87,-0.3,1.73,Low Risk
25.22,-0.29,7.76,70.2,1.22,0.62,0.0,Low Risk
37.41,0.53,52.85,98.9,1.28,1.03,47.2,Medium Risk
20.76,0.22,6.95,102.1,1.14,1.03,0.0,Low Risk
17.01,0.1,12.58,55.9,0.69,0.25,0.75,Low Risk
30.2,0.54,0.62,107.6,1.01,0.81,0.08,Low Risk
25.49,0.34,12.71,86.6,0.95,0.48,0.0,Low Risk
22.89,0.82,22.88,85.1,7.36,42.6,44.87,Medium Risk
31.54,-0.13,34.26,98.1,1.04,0.44,12.2,Low Risk
29.22,-0.11,71.07,69.8,1.19,0.45,42.1,Medium Risk
25.18,-0.55,3.98,97.2,0.89,0.72,2.29,Low Risk
21.6,-0.11,10.28,73.2,0.96,0.1,0.99,Low Risk
32.36,0.58,7.19,53.5,0.94,-0.11,0.0,Low Risk
31.25,0.75,9.96,62.0,1.29,-0.56,3.29,Low Risk
27.5,0.58,2.06,90.2,0.94,0.39,0.09,Low Risk
37.23,-0.8,23.27,63.0,0.69,-0.09,10.41,Low Risk
22.65,0.64,28.84,109.0,0.61,0.26,7.14,Low Risk
20.37,-0.82,7.17,101.4,1.09,1.49,0.0,Low Risk
24.54,0.55,3.95,104.0,0.81,0.29,2.12,Low Risk
27.77,-0.08,1.82,82.2,1.17,1.51,1.74,Low Risk
29.22,0.45,13.82,84.6,0.67,0.81,0.15,Low Risk
26.79,-0.57,4.49,58.5,0.87,0.27,0.0,Low Risk
29.76,0.69,28.83,97.9,0.67,-0.32,7.0,Low Risk
21.74,-0.63,13.34,86.8,1.11,0.41,1.99,Low Risk
35.22,-0.23,12.45,90.2,1.16,0.18,4.01,Low Risk
27.59,-0.4,9.84,110.4,1.08,1.45,1.21,Low Risk
33.59,-0.78,0.56,69.1,0.73,2.08,1.71,Low Risk
29.71,0.15,32.25,77.7,0.81,1.32,9.05,Low Risk
30.28,1.0,11.86,85.9,1.06,-0.09,0.86,Low Risk
30.85,1.43,61.52,63.2,0.58,0.54,40.03,Medium Risk
30.24,0.15,9.25,76.6,0.94,0.32,1.04,Low Risk
31.21,0.66,14.86,88.9,1.38,0.03,0.0,Low Risk
34.65,0.22,0.69,74.1,0.96,0.43,1.68,Low Risk
28.98,0.35,11.99,103.6,0.63,0.39,0.0,Low Risk
31.55,-0.07,17.36,52.8,7.84,36.02,45.75,Medium Risk
27.55,0.2,18.09,100.2,0.84,0.76,4.31,Low Risk
35.2,0.37,17.64,91.9,1.54,1.16,2.86,Low Risk
24.62,-0.19,3.08,69.8,1.42,1.34,0.0,Low Risk
37.0,0.06,44.46,63.4,1.18,1.1,34.43,Low Risk
27.8,0.07,64.03,42.6,0.91,1.59,54.73,Medium Risk
20.85,0.51,0.94,65.7,1.3,0.2,0.0,Low Risk
28.64,-0.43,33.07,98.8,0.72,1.27,8.91,Low Risk
24.59,0.07,4.1,79.0,1.27,2.07,0.0,Low Risk
32.2,1.06,14.03,100.9,1.23,-0.08,3.31,Low Risk
24.74,0.68,4.95,68.8,0.96,0.23,1.31,Low Risk
25.77,0.77,41.21,92.7,1.28,0.17,23.04,Low Risk
18.55,0.11,1.28,67.1,0.89,2.22,3.9,Low Risk
25.74,0.26,8.26,62.6,0.68,-0.35,2.82,Low Risk
15.88,0.6,6.7,78.1,1.24,0.59,0.0,Low Risk
20.08,0.88,4.73,68.0,0.98,0.89,0.0,Low Risk
31.8,-0.88,12.45,52.2,1.15,0.06,0.0,Low Risk
31.93,-0.56,1.69,76.7,1.46,-0.29,0.0,Low Risk
30.13,0.75,15.13,81.9,0.82,-0.16,0.0,Low Risk
23.17,-0.04,47.3,102.8,0.96,0.3,34.32,Low Risk
27.76,-0.24,19.59,96.9,1.39,0.07,2.4,Low Risk
27.98,-0.53,23.59,102.0,1.17,1.65,1.84,Low Risk
22.21,-0.18,5.35,93.0,0.83,0.08,0.0,Low Risk
35.52,-0.6,4.71,86.0,0.76,0.07,4.9,Low Risk
32.39,1.15,8.73,57.9,0.87,0.82,0.0,Low Risk
26.9,0.09,0.56,82.7,0.82,0.73,4.41,Low Risk
28.13,0.07,34.88,90.7,1.06,-2.05,12.58,Low Risk
29.04,0.39,1.86,106.2,1.02,-0.2,0.0,Low Risk
17.79,0.58,28.0,92.4,1.07,0.1,5.33,Low Risk
26.76,0.57,1.05,102.3,0.79,-0.31,0.0,Low Risk
24.59,0.64,20.75,61.4,0.98,1.27,1.12,Low Risk
22.99,-0.22,1.98,74.1,0.49,-0.7,0.58,Low Risk
26.59,-0.05,0.47,87.7,1.04,1.34,0.0,Low Risk
36.99,0.48,15.25,100.9,1.29,-1.19,6.79,Low Risk
31.2,-0.16,3.95,77.4,0.64,0.56,0.0,Low Risk
25.14,0.1,15.04,78.5,1.12,1.75,2.03,Low Risk
30.86,0.3,9.72,92.4,0.85,0.02,0.0,Low Risk
35.0,0.49,1.38,59.7,1.2,0.52,4.07,Low Risk
32.62,-0.79,32.28,108.9,1.04,1.32,12.75,Low Risk
28.3,0.46,7.22,64.2,1.1,1.3,1.35,Low Risk
24.77,-0.02,15.91,45.5,1.02,0.74,20.47,Low Risk
31.49,0.45,8.34,80.2,1.33,0.35,2.09,Low Risk
29.97,0.49,11.13,110.6,1.09,0.35,0.0,Low Risk
32.48,0.9,4.33,90.6,0.82,-0.61,0.0,Low Risk
31.18,0.78,2.68,93.5,1.02,-0.32,0.3,Low Risk
33.25,0.77,9.39,80.7,0.91,0.53,1.8,Low Risk
25.32,0.82,6.96,77.3,1.04,0.72,2.87,Low Risk
34.59,0.25,5.93,52.2,0.9,2.56,3.35,Low Risk
28.99,0.12,13.4,40.0,0.83,1.12,23.18,Low Risk
38.38,0.54,14.07,83.5,1.05,0.22,1.19,Low Risk
24.55,0.47,0.56,103.6,1.01,0.91,0.0,Low Risk
36.68,-0.05,4.96,86.2,1.27,-0.91,6.39,Low Risk
28.99,0.3,6.37,91.2,0.9,0.57,0.0,Low Risk
24.74,0.08,1.22,108.5,0.5,1.05,2.27,Low Risk
25.58,-0.33,3.23,85.9,0.91,1.05,0.0,Low Risk
26.4,0.75,0.64,77.8,6.0,40.77,46.98,Medium Risk
30.12,0.13,67.01,65.3,1.1,0.96,39.93,Low Risk
30.61,1.12,16.01,116.4,0.58,0.28,0.0,Low Risk
25.13,-0.71,1.1,89.5,0.75,0.82,0.0,Low Risk
27.88,-0.18,0.25,63.0,0.91,-0.25,2.51,Low Risk
38.71,0.12,15.25,58.9,1.39,-0.4,5.43,Low Risk
36.64,0.67,6.94,102.6,0.73,1.51,4.46,Low Risk
30.18,0.3,18.55,61.3,1.0,0.35,3.23,Low Risk
28.19,0.26,30.84,113.4,1.14,0.85,5.29,Low Risk
28.6,-0.46,10.97,40.0,1.37,-0.13,19.66,Low Risk
31.07,-0.48,2.49,105.6,1.19,-0.4,0.0,Low Risk
22.89,0.26,18.29,88.8,1.27,0.06,0.0,Low Risk
26.71,-0.58,37.43,82.1,1.22,0.84,19.58,Low Risk
19.66,-0.17,10.42,76.8,4.25,43.41,44.85,Medium Risk
30.0,0.35,13.75,114.0,1.09,0.67,0.0,Low Risk
31.24,-0.39,4.94,92.7,1.21,1.04,2.94,Low Risk
25.58,0.9,5.77,63.7,0.76,-0.21,3.35,Low Risk
35.87,0.71,15.92,49.1,0.86,0.69,27.16,Low Risk
21.87,-0.69,31.53,83.2,0.8,0.63,8.45,Low Risk
20.68,-0.37,11.9,80.0,1.19,-0.19,0.44,Low Risk
29.12,-1.04,18.72,52.6,0.98,0.38,0.0,Low Risk
33.24,-0.29,2.26,79.0,0.92,0.49,3.81,Low Risk
36.42,0.48,2.86,69.7,0.68,-0.2,3.05,Low Risk
25.71,-0.11,9.11,80.2,0.98,0.22,0.8,Low Risk
33.39,0.33,2.33,93.1,0.86,0.48,4.4,Low Risk
27.81,-0.66,12.09,106.9,1.06,0.73,0.0,Low Risk
27.14,0.5,4.14,96.4,0.71,2.01,1.1,Low Risk
32.42,-0.18,18.82,67.0,1.04,-0.27,0.0,Low Risk
31.26,0.11,19.81,86.6,6.58,48.81,43.09,Medium Risk
20.12,0.05,7.48,81.1,0.69,-0.22,0.79,Low Risk
35.38,-0.54,2.39,56.0,0.67,0.5,5.98,Low Risk
34.9,-0.48,12.49,87.2,0.71,1.24,3.19,Low Risk
24.87,0.58,59.18,113.4,0.95,0.85,38.37,Low Risk
29.98,0.3,11.69,80.6,1.03,-1.38,0.0,Low Risk
30.47,0.63,0.44,51.3,7.58,41.56,41.33,Medium Risk
29.3,0.26,0.21,80.5,1.08,0.76,0.0,Low Risk
25.25,0.17,4.63,58.2,0.81,0.06,1.45,Low Risk
24.64,-0.76,2.61,95.5,1.26,0.4,2.65,Low Risk
27.87,-0.04,20.12,89.4,0.89,0.84,0.0,Low Risk
33.86,0.09,22.36,76.9,1.11,0.97,3.57,Low Risk
30.72,1.08,3.59,74.0,0.96,0.94,0.34,Low Risk
26.15,0.44,4.73,76.2,1.09,-0.07,1.07,Low Risk
31.86,0.87,3.23,80.1,0.95,0.49,0.0,Low Risk
15.0,0.4,28.68,66.1,1.1,-0.17,5.01,Low Risk
33.74,-0.26,8.38,55.0,1.0,1.11,3.7,Low Risk
19.3,0.16,12.81,100.5,1.2,0.3,0.81,Low Risk
26.19,0.22,6.44,73.1,0.8,0.85,1.21,Low Risk
22.4,-0.37,11.96,83.0,3.64,22.73,31.81,Low Risk
21.53,-0.09,5.85,85.1,0.76,0.57,0.32,Low Risk
33.8,-0.0,4.98,85.8,1.27,0.35,3.3,Low Risk
25.66,0.9,12.08,58.9,0.96,-0.47,0.0,Low Risk
29.73,-0.94,10.73,49.8,1.02,1.37,21.72,Low Risk
27.77,0.7,4.17,69.4,0.74,1.03,0.0,Low Risk
30.39,-0.37,1.94,87.1,1.02,-0.52,1.24,Low Risk
28.38,-0.59,5.52,66.9,0.74,-0.16,0.26,Low Risk
21.59,0.69,6.44,73.6,0.78,0.02,0.0,Low Risk
32.98,0.47,11.89,118.3,0.9,1.55,0.13,Low Risk
25.53,0.73,29.51,46.8,1.11,1.19,26.75,Low Risk
20.22,0.5,0.44,66.4,1.14,0.67,0.0,Low Risk
25.86,1.13,3.35,114.1,1.14,-0.77,0.0,Low Risk
35.5,0.38,2.58,79.2,0.6,0.87,6.1,Low Risk
32.25,0.02,8.37,67.3,1.0,0.64,0.0,Low Risk
26.26,0.27,6.74,101.0,0.95,0.22,0.18,Low Risk
26.25,0.72,15.67,81.0,0.62,1.56,0.0,Low Risk
26.39,-0.29,3.33,73.7,1.0,0.34,0.0,Low Risk
38.38,-0.23,10.83,83.5,0.94,1.44,0.0,Low Risk
29.91,-0.05,25.84,68.2,1.13,0.21,0.0,Low Risk
30.15,-0.95,28.99,61.7,1.02,-0.18,7.94,Low Risk
33.15,0.17,38.27,78.0,0.86,-0.5,21.74,Low Risk
29.19,-0.84,17.81,61.8,1.23,0.44,1.66,Low Risk
26.7,0.13,28.37,80.2,0.44,0.54,5.74,Low Risk
27.02,0.53,3.21,86.4,0.98,-0.26,0.0,Low Risk
27.64,-0.14,2.64,95.4,0.56,-0.23,0.0,Low Risk
27.81,0.94,0.08,100.3,0.77,1.44,1.79,Low Risk
31.64,-0.63,14.72,72.7,1.13,1.09,3.94,Low Risk
28.26,0.7,33.26,89.0,0.68,1.96,12.32,Low Risk
31.66,0.44,2.48,88.9,0.64,-0.79,2.78,Low Risk
27.6,-0.76,12.16,85.9,1.6,1.87,0.0,Low Risk
28.39,1.46,16.47,71.4,0.66,-0.13,0.0,Low Risk
18.01,0.07,31.51,61.5,1.41,-0.55,10.45,Low Risk
32.58,-0.34,12.49,89.0,0.96,0.7,0.0,Low Risk
29.73,-0.6,42.2,49.3,0.87,-0.99,40.84,Medium Risk
32.99,-0.01,5.07,75.2,5.91,20.58,47.98,Medium Risk
15.0,0.04,5.17,40.0,1.33,0.64,18.56,Low Risk
38.44,0.15,9.4,55.9,0.71,-0.06,0.0,Low Risk
27.3,-0.05,5.8,64.2,0.87,1.3,2.32,Low Risk
33.54,0.42,0.02,99.7,1.21,0.39,3.32,Low Risk
22.8,-0.09,15.79,92.4,1.07,0.53,1.4,Low Risk
31.06,-0.87,16.72,70.0,1.28,1.0,1.52,Low Risk
22.73,0.03,16.49,93.1,1.13,-0.0,1.94,Low Risk
24.88,-1.08,5.08,96.0,1.45,-0.34,1.01,Low Risk
37.57,0.28,8.87,77.1,1.04,0.4,5.38,Low Risk
27.05,-0.39,5.35,55.1,1.06,-0.58,0.0,Low Risk
29.09,0.18,0.19,76.3,1.08,0.16,2.01,Low Risk
32.35,0.76,9.92,78.2,0.96,-0.3,1.67,Low Risk
30.48,-0.37,1.59,57.8,1.21,0.25,0.0,Low Risk
28.75,0.63,1.0,86.6,7.68,20.02,41.63,Medium Risk
29.82,-0.12,16.9,85.0,1.2,0.23,0.0,Low Risk
40.02,0.98,0.11,88.0,1.24,1.32,9.32,Low Risk
27.71,-0.08,38.33,85.0,1.11,-0.09,17.16,Low Risk
29.01,-0.32,8.69,93.1,1.13,0.81,0.0,Low Risk
33.25,0.44,48.91,76.8,0.75,-0.95,36.02,Low Risk
33.53,-0.12,0.72,83.6,0.86,0.24,5.23,Low Risk
33.94,-0.32,10.51,72.8,1.21,-0.16,4.18,Low Risk
31.19,-0.14,5.16,69.5,1.36,0.55,0.0,Low Risk
22.28,0.08,22.26,104.1,0.51,0.06,0.0,Low Risk
36.17,0.77,5.38,43.2,0.86,1.19,27.48,Low Risk
22.27,-0.87,3.62,95.8,1.01,0.22,0.0,Low Risk
29.51,0.11,23.39,68.8,0.78,1.4,0.43,Low Risk
24.23,0.41,5.63,66.5,0.79,-1.17,0.0,Low Risk
27.68,0.2,0.2,84.7,1.12,0.53,0.0,Low Risk
29.64,0.75,5.94,53.2,1.4,0.61,0.0,Low Risk
29.61,0.06,12.75,65.3,0.49,-0.25,0.09,Low Risk
30.11,0.01,3.52,64.7,0.96,0.5,0.82,Low Risk
36.07,0.4,6.79,76.0,1.12,0.89,7.79,Low Risk
30.27,0.15,0.7,65.5,1.2,1.37,0.0,Low Risk
26.78,-0.1,10.64,108.8,1.08,0.27,1.91,Low Risk
32.82,0.36,16.94,112.3,1.44,0.15,2.69,Low Risk
33.95,-0.23,6.4,43.6,1.01,0.02,25.87,Low Risk
21.86,-0.21,6.54,89.8,1.33,0.54,0.0,Low Risk
30.99,-0.16,1.11,95.5,0.84,-0.25,0.14,Low Risk
31.51,0.78,2.71,89.8,1.01,1.1,0.0,Low Risk
26.51,-1.51,2.02,68.2,6.42,31.41,44.88,Medium Risk
34.88,0.3,7.89,75.6,4.27,53.57,48.69,Medium Risk
27.25,0.12,9.04,66.5,0.97,-0.6,0.3,Low Risk
28.63,-0.74,35.7,72.4,1.09,0.46,14.89,Low Risk
27.13,0.25,0.91,58.2,0.92,1.15,1.62,Low Risk
28.08,0.34,10.99,77.9,1.15,0.65,0.0,Low Risk
22.52,0.39,8.97,52.9,1.1,0.02,2.55,Low Risk
20.8,-1.23,8.71,76.4,0.75,1.07,0.0,Low Risk
35.97,0.78,24.78,57.5,0.77,-1.69,8.54,Low Risk
23.77,-0.27,2.76,83.7,0.99,0.45,0.0,Low Risk
23.04,0.44,0.5,67.8,1.16,-0.17,1.64,Low Risk
17.23,0.47,13.39,85.2,1.47,0.9,1.35,Low Risk
24.81,-0.34,5.08,99.5,1.08,-1.52,0.0,Low Risk
21.38,0.43,0.21,108.6,1.25,0.13,2.45,Low Risk
36.21,-0.09,3.47,40.0,0.6,-0.01,23.94,Low Risk
33.05,-0.94,4.44,65.0,1.5,1.22,0.0,Low Risk
24.56,0.68,11.51,74.5,1.15,-0.13,0.0,Low Risk
39.26,-0.29,2.27,88.3,4.25,56.85,45.92,Medium Risk
32.91,-0.33,6.39,50.3,0.96,0.56,0.15,Low Risk
26.38,-0.1,7.9,62.3,0.72,0.48,0.14,Low Risk
15.5,0.24,7.38,82.3,0.79,0.47,0.74,Low Risk
39.45,0.07,43.77,81.5,5.34,28.58,75.11,High Risk
21.05,0.37,0.56,86.8,0.75,0.5,0.0,Low Risk
19.77,-0.57,36.18,88.0,0.75,2.4,13.95,Low Risk
33.11,-0.27,10.47,86.1,0.82,-0.93,5.88,Low Risk
40.2,0.04,19.06,83.5,0.7,-0.13,3.61,Low Risk
34.92,1.05,6.75,81.0,1.0,0.46,2.36,Low Risk
30.82,0.04,7.26,92.0,1.27,1.39,0.0,Low Risk
30.97,0.64,25.38,40.0,0.85,1.26,22.47,Low Risk
32.27,0.12,27.15,107.8,0.66,1.33,5.34,Low Risk
31.79,-0.14,3.27,40.3,1.07,0.47,20.79,Low Risk
29.41,-0.02,2.67,60.6,3.55,44.29,40.66,Medium Risk
28.52,0.02,8.23,75.9,1.25,0.02,0.0,Low Risk
27.69,0.4,27.66,92.1,0.89,1.23,1.42,Low Risk
24.23,0.79,4.67,40.0,0.93,0.65,20.55,Low Risk
26.6,0.28,12.67,79.5,0.96,0.67,0.95,Low Risk
19.54,0.69,14.78,94.3,1.02,-0.56,0.38,Low Risk
27.51,-0.38,18.1,97.9,0.9,-0.92,0.0,Low Risk
23.06,-0.11,9.96,67.4,0.86,0.27,2.06,Low Risk
22.48,-0.26,6.18,74.6,0.54,0.43,0.0,Low Risk
28.9,0.26,40.94,68.9,0.86,-0.4,22.82,Low Risk
34.96,-0.08,11.34,72.9,1.18,1.24,4.38,Low Risk
32.59,0.46,15.65,61.4,1.21,-0.16,0.0,Low Risk
20.15,-0.37,5.08,64.0,0.88,0.96,0.0,Low Risk
23.05,0.12,13.3,87.8,1.32,0.26,0.84,Low Risk
32.7,0.44,3.58,82.4,0.99,1.13,0.0,Low Risk
23.09,-0.93,3.37,88.8,0.67,-0.46,0.0,Low Risk
26.88,1.16,15.05,83.9,0.59,-0.78,0.0,Low Risk
30.75,-0.04,8.84,92.7,1.3,0.93,0.0,Low Risk
23.16,-0.91,13.8,95.8,0.91,1.18,0.0,Low Risk
28.53,0.18,3.77,48.6,0.7,0.75,20.89,Low Risk
21.33,0.12,10.96,64.6,0.44,-0.21,0.26,Low Risk
24.99,0.06,7.04,75.8,0.9,1.04,0.0,Low Risk
29.6,0.6,10.9,79.6,1.1,0.95,1.24,Low Risk
20.04,0.47,4.12,67.9,0.83,-0.41,0.53,Low Risk
30.2,0.25,15.08,96.4,0.74,0.86,0.0,Low Risk
27.9,0.33,19.67,115.6,0.86,0.61,0.0,Low Risk
30.76,0.05,3.61,83.4,1.31,0.58,0.0,Low Risk
29.12,0.99,4.29,81.5,0.65,-0.61,0.0,Low Risk
34.82,-0.64,12.99,95.3,0.84,1.16,2.89,Low Risk
28.63,0.17,14.27,46.4,1.3,0.07,19.54,Low Risk
25.85,0.13,14.61,80.5,1.12,-0.02,3.87,Low Risk
28.61,0.51,13.77,97.6,1.04,0.86,0.0,Low Risk
30.72,-0.32,5.99,68.4,0.84,0.33,0.0,Low Risk
28.24,-0.77,6.03,57.9,6.56,33.02,47.99,Medium Risk
28.2,0.18,3.53,76.7,0.87,1.72,1.05,Low Risk
24.49,0.24,2.05,78.9,0.79,0.68,1.95,Low Risk
24.69,0.84,14.15,63.6,0.73,0.48,0.0,Low Risk
20.99,-0.54,1.17,117.7,1.2,0.47,1.38,Low Risk
36.75,0.68,33.33,71.4,0.98,0.51,18.53,Low Risk
21.78,1.28,21.03,59.2,1.08,0.58,1.73,Low Risk
24.54,-0.09,23.38,78.3,1.04,1.41,2.03,Low Risk
24.41,-0.55,28.46,96.3,1.11,1.76,6.69,Low Risk
32.47,-0.1,6.3,80.3,5.0,44.84,44.4,Medium Risk
26.53,0.11,22.5,88.7,0.88,1.04,0.18,Low Risk
34.24,0.38,2.06,64.3,0.8,1.0,1.44,Low Risk
24.63,-0.2,0.26,106.8,0.65,1.05,1.11,Low Risk
29.39,0.88,18.44,90.1,0.72,1.52,0.68,Low Risk
23.82,-0.46,0.93,98.9,0.91,1.18,0.0,Low Risk
38.73,-0.77,53.61,86.6,0.6,0.83,34.97,Low Risk
22.06,0.65,13.48,94.8,0.65,-0.01,0.87,Low Risk
29.55,-1.04,16.8,64.3,1.26,0.74,1.14,Low Risk
31.17,-0.0,3.39,71.2,1.06,-0.34,0.09,Low Risk
30.07,1.66,13.45,104.2,0.89,0.87,1.13,Low Risk
27.07,0.09,0.53,108.1,1.57,0.76,0.63,Low Risk
27.35,-0.46,21.83,59.4,0.59,-0.65,0.0,Low Risk
28.22,0.07,2.23,84.5,1.24,0.12,1.26,Low Risk
27.26,0.07,14.34,72.2,0.97,-0.09,0.0,Low Risk
32.82,0.18,3.05,67.5,1.2,1.06,0.0,Low Risk
39.05,0.43,0.85,85.1,1.03,0.26,5.21,Low Risk
25.21,-0.42,7.88,100.5,0.53,-0.64,0.0,Low Risk
21.15,0.94,2.23,88.1,1.02,0.86,0.0,Low Risk
27.56,0.22,15.69,74.2,1.08,0.67,0.0,Low Risk
40.9,0.46,3.25,89.3,0.45,0.6,12.21,Low Risk
23.98,-0.21,5.03,73.5,1.49,-0.38,0.0,Low Risk
36.2,0.74,10.06,87.4,1.08,0.97,10.15,Low Risk
36.39,-0.03,4.03,105.1,1.17,0.41,3.6,Low Risk
25.23,0.24,5.7,42.6,7.26,59.69,65.94,Medium Risk
30.84,-0.37,20.29,94.4,1.17,-0.51,1.3,Low Risk
36.14,-0.4,2.37,52.3,1.27,-0.48,4.37,Low Risk
26.1,0.44,1.03,102.1,1.06,3.78,0.0,Low Risk
26.98,-0.12,4.78,68.5,1.0,-0.42,0.0,Low Risk
25.09,-0.33,6.63,58.1,0.78,-1.19,2.17,Low Risk
22.93,-0.22,9.39,92.5,0.95,0.19,0.0,Low Risk
24.75,0.45,5.59,86.6,0.87,0.35,3.76,Low Risk
21.88,-0.21,18.72,62.0,1.14,-0.23,0.0,Low Risk
28.17,0.04,0.48,57.4,0.79,-0.16,0.85,Low Risk
24.15,0.11,6.78,76.6,1.14,0.4,0.0,Low Risk
29.17,-0.86,5.78,58.3,0.79,0.79,0.95,Low Risk
20.22,-0.64,12.52,60.9,0.93,-0.62,0.0,Low Risk
29.65,0.27,40.67,82.1,1.15,0.18,24.64,Low Risk
32.17,-0.27,8.57,62.6,0.82,0.5,0.45,Low Risk
18.03,0.63,52.0,87.7,1.16,0.31,34.76,Low Risk
29.87,0.58,4.32,106.8,1.14,-0.05,0.0,Low Risk
34.14,0.46,0.38,77.3,0.93,-0.32,3.98,Low Risk
21.95,1.01,2.17,82.3,3.62,56.7,44.58,Medium Risk
36.36,0.06,6.03,116.3,1.02,-1.37,5.82,Low Risk
30.1,0.42,4.56,58.6,1.28,1.32,0.06,Low Risk
24.47,-0.19,1.23,101.4,1.45,-0.41,0.57,Low Risk
27.72,1.33,6.8,99.3,0.94,0.69,1.28,Low Risk
30.79,1.09,4.95,95.4,1.16,0.56,0.0,Low Risk
28.38,0.11,1.57,103.3,0.84,-0.33,0.0,Low Risk
30.69,0.29,4.21,85.1,0.74,0.35,1.22,Low Risk
23.4,0.78,26.1,69.5,0.95,0.18,1.33,Low Risk
28.85,0.03,4.32,99.7,0.66,0.52,0.0,Low Risk
20.93,-0.23,15.02,100.4,5.66,26.97,48.18,Medium Risk
27.44,0.54,11.36,99.9,1.15,1.64,1.69,Low Risk
23.48,0.14,6.69,80.8,0.87,-0.11,0.0,Low Risk
24.32,0.19,3.28,67.1,1.18,0.78,0.0,Low Risk
34.18,-0.32,5.53,83.4,1.07,1.31,6.42,Low Risk
33.46,-0.76,10.76,97.0,5.55,58.03,48.1,Medium Risk
31.05,0.22,5.18,98.4,1.13,0.98,0.0,Low Risk
22.54,0.55,2.9,72.3,1.28,2.4,0.0,Low Risk
26.42,-0.01,1.49,85.7,7.45,34.11,41.47,Medium Risk
34.07,0.82,25.42,56.4,1.08,0.88,2.7,Low Risk
28.71,-0.25,6.96,97.7,1.29,-0.31,1.34,Low Risk
39.6,-0.43,11.78,65.9,1.17,-0.0,0.0,Low Risk
29.97,0.07,8.09,94.1,1.05,0.12,1.14,Low Risk
28.96,0.06,24.72,59.3,1.05,0.85,0.0,Low Risk
26.45,0.48,9.5,98.6,3.62,52.74,38.33,Low Risk
28.67,-0.29,7.87,85.8,0.83,0.02,0.0,Low Risk
27.24,0.78,31.02,65.9,0.82,1.31,12.37,Low Risk
31.54,1.08,15.26,92.4,1.36,-0.22,2.69,Low Risk
32.78,0.08,1.42,69.4,1.47,0.15,0.18,Low Risk
24.07,0.72,2.35,93.5,0.77,1.55,0.41,Low Risk
21.34,-0.43,18.56,75.1,0.83,1.27,0.0,Low Risk
18.82,0.64,21.68,49.0,1.29,0.17,16.06,Low Risk
30.54,0.62,9.45,62.3,1.13,0.02,0.0,Low Risk
22.48,0.53,9.7,72.3,1.17,0.87,1.28,Low Risk
17.24,0.09,11.99,104.6,6.55,22.9,42.65,Medium Risk
29.94,-1.38,6.94,96.2,0.94,0.12,2.14,Low Risk
40.46,-0.22,13.68,109.2,1.08,0.18,7.29,Low Risk
27.97,-0.21,1.38,109.8,1.06,0.36,0.0,Low Risk
32.19,-0.39,39.02,70.4,0.79,0.03,20.13,Low Risk
28.41,0.16,16.64,76.6,1.08,-0.81,2.6,Low Risk
27.51,-0.11,11.97,72.6,1.31,1.74,0.73,Low Risk
32.6,-0.31,4.56,67.9,4.26,24.18,39.58,Low Risk
26.55,-0.43,2.11,46.9,1.04,0.43,16.49,Low Risk
29.34,-0.26,6.32,79.7,1.05,-0.09,0.0,Low Risk
29.61,0.66,13.0,56.9,0.93,1.46,0.0,Low Risk
24.66,-0.23,12.05,79.4,5.2,51.13,47.49,Medium Risk
32.96,-0.16,5.79,118.1,0.83,-0.02,1.44,Low Risk
27.13,-0.13,11.4,70.8,1.33,0.91,0.0,Low Risk
24.22,0.27,20.17,83.5,1.16,0.56,0.0,Low Risk
30.68,0.33,0.32,96.3,0.77,0.61,1.04,Low Risk
23.51,-1.42,7.19,85.0,1.42,1.19,0.0,Low Risk
28.14,0.61,17.05,85.3,1.04,0.9,1.68,Low Risk
27.95,0.82,9.48,73.5,0.82,1.18,0.23,Low Risk
33.43,-0.43,12.65,75.8,1.28,1.97,1.54,Low Risk
30.37,-0.39,8.72,62.7,1.12,0.97,2.36,Low Risk
27.87,-0.13,57.75,95.2,0.56,2.38,40.2,Medium Risk
32.09,-0.28,0.67,48.7,0.87,1.46,22.47,Low Risk
34.95,0.21,8.1,97.5,1.07,0.3,2.81,Low Risk
30.79,-0.87,1.15,54.7,0.46,-0.71,2.38,Low Risk
28.05,-0.46,2.09,97.3,1.02,1.46,2.0,Low Risk
21.44,0.87,5.8,73.6,1.04,-0.53,0.0,Low Risk
22.67,-0.36,2.03,57.8,0.7,0.62,0.0,Low Risk
26.47,0.72,39.79,90.4,1.07,1.08,23.19,Low Risk
24.95,0.28,35.2,96.7,1.0,-0.36,16.19,Low Risk
27.07,-0.8,4.92,72.1,0.7,-0.0,0.0,Low Risk
28.28,0.42,12.25,93.0,1.23,-0.35,0.0,Low Risk
30.65,0.04,9.16,40.0,1.21,2.15,22.6,Low Risk
27.65,-0.13,20.29,56.2,0.93,1.09,1.13,Low Risk
30.43,0.22,11.85,103.3,0.95,-0.08,0.07,Low Risk
28.32,0.34,0.0,76.0,1.18,-0.73,0.0,Low Risk
18.12,0.45,17.29,46.5,0.95,-0.2,21.44,Low Risk
23.3,0.69,16.49,67.4,0.52,-0.0,0.0,Low Risk
27.28,0.3,8.55,63.4,1.12,0.06,0.0,Low Risk
21.95,-0.59,27.99,77.0,0.8,1.13,4.98,Low Risk
31.0,-0.14,28.69,73.3,6.12,26.48,52.14,Medium Risk
35.65,1.57,8.91,83.2,1.36,1.37,5.77,Low Risk
34.09,0.46,11.24,78.7,0.97,-0.95,2.42,Low Risk
26.93,1.28,67.94,104.5,1.0,0.44,42.15,Medium Risk
35.45,0.8,4.26,87.6,1.13,-0.06,2.87,Low Risk
28.74,0.22,4.71,88.2,1.13,1.3,0.0,Low Risk
26.31,0.25,2.42,101.0,0.77,1.65,2.17,Low Risk
24.93,0.08,27.15,73.0,0.98,1.15,0.64,Low Risk
26.49,-0.77,16.37,57.3,1.01,0.85,0.0,Low Risk
26.06,0.11,1.34,101.7,1.07,0.29,0.0,Low Risk
28.85,0.71,48.05,82.4,1.07,1.57,34.45,Low Risk
28.8,-0.2,15.75,82.5,1.65,-0.3,1.79,Low Risk
28.02,0.31,22.81,68.6,0.71,0.86,0.0,Low Risk
30.18,0.53,0.59,68.9,1.25,1.37,0.0,Low Risk
33.95,-0.35,8.44,95.2,1.3,1.23,0.0,Low Risk
32.75,-0.13,14.39,97.7,1.12,0.92,2.39,Low Risk
20.58,-0.41,9.4,94.1,4.74,30.29,39.58,Low Risk
15.23,-0.31,13.18,94.3,1.42,1.21,0.9,Low Risk
32.67,-0.54,20.44,90.2,0.45,0.39,0.59,Low Risk
21.17,-0.35,5.63,82.4,0.83,1.64,0.19,Low Risk
26.88,0.81,22.66,76.8,1.29,2.15,0.0,Low Risk
22.15,-0.36,2.13,101.8,0.91,-0.98,1.78,Low Risk
18.99,0.16,3.79,73.3,1.4,0.18,3.09,Low Risk
30.71,-0.15,0.53,86.7,0.62,-0.39,2.96,Low Risk
31.8,0.69,5.44,65.5,0.72,-0.02,0.13,Low Risk
25.12,0.76,5.73,68.1,0.87,0.6,0.0,Low Risk
15.04,0.53,19.63,75.7,1.1,0.88,0.0,Low Risk
25.27,0.25,12.71,65.5,0.94,0.37,0.54,Low Risk
29.96,-0.02,6.89,94.4,0.88,1.01,0.27,Low Risk
20.61,-0.5,12.67,55.7,1.36,-0.09,0.0,Low Risk
28.92,1.07,0.65,81.8,1.38,0.18,1.42,Low Risk
27.92,-0.28,2.39,82.4,0.9,1.02,1.54,Low Risk
30.9,0.43,11.83,47.4,0.57,0.24,21.55,Low Risk
28.6,0.63,12.31,72.1,0.46,-0.53,0.0,Low Risk
23.13,-0.18,17.85,84.6,1.06,2.29,0.0,Low Risk
33.98,0.62,6.19,87.7,3.81,26.08,34.89,Low Risk
27.21,0.48,15.39,76.3,1.02,0.63,2.36,Low Risk
27.86,0.96,13.82,92.2,0.98,1.21,0.0,Low Risk
23.33,-0.13,39.69,78.0,0.8,0.83,18.83,Low Risk
25.78,-0.54,2.91,80.2,1.16,-0.77,0.0,Low Risk
23.58,-0.15,9.63,84.5,1.42,0.62,0.0,Low Risk
27.14,0.2,11.05,96.7,0.45,-0.08,0.83,Low Risk
36.56,0.13,79.27,67.8,3.57,43.52,89.94,High Risk
21.14,-0.1,2.7,71.2,0.76,0.82,0.0,Low Risk
19.93,-0.85,8.89,68.0,6.4,25.75,47.02,Medium Risk
35.36,0.34,5.1,74.0,0.72,-0.29,7.34,Low Risk
26.95,1.09,8.96,105.7,1.09,-0.26,0.0,Low Risk
24.65,0.33,3.17,90.3,1.1,0.12,0.0,Low Risk
33.2,0.4,0.59,59.6,1.37,1.67,4.31,Low Risk
24.97,0.39,10.2,69.2,1.0,0.21,0.75,Low Risk
37.13,0.3,4.91,86.7,0.56,0.93,11.5,Low Risk
31.39,0.57,2.41,63.7,0.94,0.46,0.0,Low Risk
25.56,0.3,4.7,66.9,0.65,0.18,0.58,Low Risk
38.79,-0.06,0.61,104.2,0.7,0.61,4.62,Low Risk
24.97,-0.3,36.06,69.0,1.15,1.13,16.41,Low Risk
31.71,-0.02,10.44,97.2,1.05,1.04,0.0,Low Risk
29.5,0.26,20.23,102.6,1.15,-0.47,0.0,Low Risk
34.51,-0.06,6.6,66.8,0.91,0.77,7.36,Low Risk
35.81,0.26,28.04,64.0,1.2,1.8,8.73,Low Risk
28.16,0.32,7.92,75.0,0.9,0.74,0.95,Low Risk
24.23,0.52,10.24,60.4,4.47,37.89,40.32,Medium Risk
30.3,0.74,8.12,82.2,1.09,1.89,0.0,Low Risk
24.61,0.14,15.86,76.3,0.95,0.63,1.91,Low Risk
38.07,-0.55,10.03,86.5,1.05,0.45,0.0,Low Risk
28.68,-0.07,3.8,105.1,1.0,0.84,0.0,Low Risk
26.17,0.12,1.89,94.7,1.4,1.53,1.6,Low Risk
28.92,-0.82,11.18,88.8,1.06,0.37,0.0,Low Risk
21.26,0.79,8.06,44.6,1.0,-0.42,22.0,Low Risk
23.14,0.17,1.21,88.0,0.94,0.79,0.0,Low Risk
34.0,0.29,6.04,111.0,1.21,1.24,3.59,Low Risk
24.72,0.78,8.68,40.0,1.18,0.82,24.0,Low Risk
22.77,-0.22,21.05,92.4,0.93,0.85,0.32,Low Risk
30.68,0.39,0.95,77.1,0.71,0.47,1.39,Low Risk
33.93,0.05,5.14,64.7,0.77,0.31,0.0,Low Risk
31.59,0.01,20.76,94.4,5.56,49.46,45.29,Medium Risk
32.98,-0.29,12.54,110.8,1.34,-0.93,1.88,Low Risk
24.22,0.93,4.11,94.0,0.94,0.57,0.0,Low Risk
20.89,-0.09,22.4,73.3,0.85,-0.29,0.0,Low Risk
35.51,0.45,8.16,63.0,0.56,0.47,4.68,Low Risk
26.39,-0.84,8.28,82.6,1.38,0.71,0.0,Low Risk
26.75,0.69,45.05,95.7,1.14,0.9,27.06,Low Risk
34.64,0.63,35.28,73.0,1.2,0.61,22.57,Low Risk
30.78,0.15,5.33,74.8,1.24,1.61,0.04,Low Risk
30.28,-0.01,1.82,130.8,0.96,0.58,1.26,Low Risk
38.83,0.3,4.73,99.4,1.02,-0.35,7.33,Low Risk
24.78,1.24,0.37,100.7,1.37,1.33,0.0,Low Risk
32.64,-0.78,0.25,53.7,1.04,0.77,5.27,Low Risk
28.29,0.49,6.04,67.3,1.15,-0.27,1.49,Low Risk
29.34,-0.36,33.97,81.3,1.22,1.08,10.09,Low Risk
35.64,0.09,24.61,62.0,1.16,0.05,2.98,Low Risk
30.54,-0.02,8.6,108.8,0.97,1.25,1.6,Low Risk
30.69,-0.11,10.0,105.4,0.99,-0.51,1.55,Low Risk
33.36,0.09,0.07,70.4,1.19,0.4,2.91,Low Risk
26.18,-0.47,2.91,112.1,1.19,0.84,0.0,Low Risk
23.8,0.61,0.3,79.9,1.29,-0.35,0.47,Low Risk
22.78,-0.8,16.86,126.6,1.14,0.92,0.0,Low Risk
18.17,0.37,1.89,82.6,1.15,1.33,0.0,Low Risk
38.28,-0.06,24.4,90.4,0.89,0.34,0.0,Low Risk
22.48,-0.49,12.37,105.2,0.85,0.81,0.0,Low Risk
26.89,0.2,3.13,103.0,4.29,58.16,40.79,Medium Risk
26.62,-0.68,2.06,89.2,0.86,2.79,3.01,Low Risk
29.54,0.12,11.85,77.5,0.99,0.5,0.0,Low Risk
32.08,-0.61,27.73,89.3,4.42,32.91,47.19,Medium Risk
32.3,0.33,15.21,65.3,1.31,0.29,0.0,Low Risk
25.08,-0.36,5.14,82.7,1.08,-0.03,0.0,Low Risk
27.16,-0.13,10.62,60.0,0.93,1.27,0.0,Low Risk
29.41,0.25,4.47,47.9,0.97,-1.43,23.81,Low Risk
26.76,-0.29,84.84,80.9,1.22,-0.96,47.55,Medium Risk
36.04,0.07,16.58,102.7,0.99,0.76,4.16,Low Risk
30.45,-0.66,11.43,96.7,0.86,0.21,1.84,Low Risk
31.67,0.42,6.6,78.5,1.3,1.18,2.14,Low Risk
31.31,0.98,11.55,111.4,1.05,0.09,0.41,Low Risk
33.87,1.5,5.02,69.8,4.62,49.56,48.15,Medium Risk
28.91,0.15,0.35,45.5,1.12,0.45,19.97,Low Risk
21.52,0.49,6.03,40.7,1.24,0.29,18.43,Low Risk
30.0,-0.79,31.99,58.7,4.33,40.93,52.01,Medium Risk
24.74,0.85,11.81,94.7,0.95,1.13,0.0,Low Risk
25.36,0.49,1.05,68.6,0.94,0.79,2.07,Low Risk
30.93,-0.14,25.95,88.3,1.11,-0.29,4.65,Low Risk
34.19,0.72,3.76,109.6,1.16,-0.73,4.01,Low Risk
28.11,-0.03,3.35,60.2,0.86,0.78,0.0,Low Risk
29.54,-0.13,4.23,88.6,0.63,-0.27,0.0,Low Risk
36.51,0.34,10.33,89.7,1.26,-0.27,7.48,Low Risk
29.2,-0.43,9.44,64.5,0.72,0.41,1.12,Low Risk
41.01,0.61,8.11,104.4,1.07,0.54,10.87,Low Risk
30.83,-0.43,15.17,74.8,0.97,0.9,0.0,Low Risk
19.2,-0.43,4.57,73.1,1.04,1.35,2.34,Low Risk
31.77,-0.35,18.28,118.0,1.41,0.13,0.25,Low Risk
29.91,0.48,2.31,89.4,1.76,0.97,0.92,Low Risk
34.45,-0.21,18.31,96.7,0.59,0.36,0.0,Low Risk
31.37,-0.57,13.08,104.4,1.25,1.44,0.0,Low Risk
27.31,-0.2,13.79,68.3,0.96,-0.18,1.42,Low Risk
21.88,0.08,7.88,102.5,1.26,0.92,0.0,Low Risk
26.95,-0.49,13.2,71.0,1.24,-0.16,0.0,Low Risk
23.75,-0.48,1.0,70.2,1.35,-0.23,2.26,Low Risk
25.1,1.16,22.89,75.1,1.07,0.13,0.25,Low Risk
30.94,-0.33,0.69,68.8,0.78,-1.18,0.4,Low Risk
36.35,-0.06,1.93,94.8,1.23,1.29,7.33,Low Risk
29.97,-0.08,10.32,84.8,1.03,-0.2,0.52,Low Risk
22.02,-0.11,16.14,71.2,0.94,0.13,0.0,Low Risk
30.22,0.41,0.95,92.1,0.88,-0.27,0.0,Low Risk
33.98,0.57,30.42,75.0,1.25,1.26,10.28,Low Risk
24.95,-0.05,43.62,74.1,1.4,0.71,26.39,Low Risk
27.33,-0.52,11.18,80.9,0.7,0.94,0.05,Low Risk
28.07,0.74,7.88,88.3,1.16,0.64,0.0,Low Risk
24.08,0.05,16.23,87.0,0.91,0.63,1.76,Low Risk
31.24,0.97,4.78,73.5,0.63,0.77,0.0,Low Risk
27.4,-1.02,8.16,95.2,1.04,1.26,0.37,Low Risk
30.1,0.2,29.74,76.0,0.79,-0.42,9.83,Low Risk
23.56,1.06,37.39,68.2,0.61,0.04,14.47,Low Risk
25.81,-0.08,31.42,53.6,0.8,-0.34,4.45,Low Risk
31.61,-0.01,3.65,97.7,0.74,0.98,0.69,Low Risk
26.14,0.25,3.17,80.2,0.84,0.85,1.17,Low Risk
36.63,-0.18,4.24,83.8,0.67,1.07,11.31,Low Risk
26.0,-0.06,6.99,98.8,0.9,-1.54,0.06,Low Risk
29.12,-0.07,4.53,71.4,0.82,0.15,0.0,Low Risk
32.66,-0.21,5.62,55.3,1.09,-1.4,0.0,Low Risk
20.91,0.71,11.63,81.3,1.15,2.06,2.17,Low Risk
19.2,0.33,17.25,85.5,1.07,0.6,1.02,Low Risk
20.37,0.23,15.96,75.3,0.94,-0.15,1.64,Low Risk
34.31,0.5,20.21,106.5,0.93,0.4,4.02,Low Risk
25.24,-0.03,0.39,40.0,0.79,0.49,21.71,Low Risk
40.79,-0.29,0.59,100.2,0.8,2.08,8.35,Low Risk
25.18,-0.2,18.69,94.2,1.18,0.35,1.19,Low Risk
28.92,0.1,9.14,88.2,0.56,0.65,0.0,Low Risk
35.71,-0.43,10.36,40.0,0.98,0.03,23.63,Low Risk
38.03,-0.15,0.65,103.1,0.92,2.19,0.0,Low Risk
38.31,-0.16,3.54,61.5,1.15,1.76,3.01,Low Risk
34.04,1.16,12.21,70.9,0.64,-1.06,3.48,Low Risk
33.12,-1.29,23.52,76.9,1.0,1.18,0.0,Low Risk
30.96,0.01,29.86,87.3,1.09,0.86,10.37,Low Risk
31.89,0.96,8.33,91.5,0.52,-0.12,0.92,Low Risk
25.24,0.16,9.46,96.1,0.73,-0.29,0.0,Low Risk
23.91,0.48,21.48,94.7,0.98,-1.12,0.0,Low Risk
27.98,0.15,9.26,84.6,1.13,1.01,0.0,Low Risk
27.15,-0.23,8.73,87.5,1.05,-0.59,0.0,Low Risk
25.73,-1.02,28.26,60.4,1.14,0.75,2.87,Low Risk
31.48,0.2,18.72,66.5,0.73,-0.37,1.25,Low Risk
32.78,-0.29,28.77,96.1,0.6,-0.46,6.02,Low Risk
28.44,-0.3,2.95,95.1,1.02,0.54,2.18,Low Risk
35.39,-0.15,8.92,93.0,0.69,1.5,0.77,Low Risk
22.29,0.97,22.18,70.7,0.78,-0.11,4.52,Low Risk
27.03,1.3,1.41,96.4,1.23,0.45,2.49,Low Risk
24.42,0.21,19.0,59.1,4.35,50.19,45.86,Medium Risk
18.67,-0.13,2.43,99.4,0.86,0.44,0.0,Low Risk
27.59,-0.49,19.81,75.3,0.83,0.75,1.58,Low Risk
27.39,0.33,11.36,110.3,1.16,0.51,0.18,Low Risk
35.57,0.99,2.58,52.6,1.05,-0.89,4.95,Low Risk
31.15,-0.02,7.69,111.7,0.7,1.54,1.49,Low Risk
22.88,-1.09,13.74,73.5,0.51,0.82,1.74,Low Risk
37.27,0.44,12.06,73.2,1.47,0.33,8.62,Low Risk
34.11,0.59,6.69,83.5,5.46,37.43,47.2,Medium Risk
30.91,-0.69,27.56,67.5,1.13,0.21,3.34,Low Risk
26.87,0.19,8.79,78.7,1.38,1.2,0.0,Low Risk
23.2,0.33,8.46,66.7,1.04,-0.56,0.0,Low Risk
26.14,0.06,0.77,67.4,0.85,-0.17,0.0,Low Risk
33.44,-0.3,30.63,88.8,0.64,0.43,11.99,Low Risk
37.42,0.61,2.34,63.8,5.54,33.49,53.37,Medium Risk
35.72,-0.1,9.02,66.2,1.09,-0.28,7.48,Low Risk
25.56,-0.64,19.53,55.3,1.36,0.28,2.58,Low Risk
22.4,-0.92,2.91,70.9,0.9,-1.46,0.72,Low Risk
28.7,0.73,8.99,103.6,0.86,0.31,0.0,Low Risk
19.16,0.41,3.3,64.8,1.17,-0.55,1.63,Low Risk
29.62,0.14,17.11,66.8,0.83,1.45,0.0,Low Risk
27.26,-0.12,9.97,83.5,1.07,0.06,0.0,Low Risk
25.67,-0.16,23.25,73.3,1.01,1.09,2.71,Low Risk
20.03,-0.44,27.0,120.1,0.9,0.81,2.78,Low Risk
30.57,-0.12,12.55,77.1,1.0,-0.13,0.92,Low Risk
25.34,-0.96,15.51,86.0,1.44,0.78,0.0,Low Risk
22.15,-0.27,9.56,97.0,1.15,1.86,0.0,Low Risk
15.0,-0.06,5.82,96.6,1.27,0.54,0.56,Low Risk
27.86,0.4,12.53,84.2,0.77,0.22,0.19,Low Risk
36.86,0.08,28.67,77.1,1.27,0.8,14.01,Low Risk
36.31,0.5,6.47,116.4,1.16,0.89,5.19,Low Risk
25.71,0.77,4.53,78.2,5.78,39.26,47.29,Medium Risk
24.99,0.63,5.9,72.0,1.13,-1.82,0.0,Low Risk
30.34,0.34,6.86,68.4,0.87,-0.21,0.05,Low Risk
23.01,0.11,0.92,48.9,0.61,-0.54,18.02,Low Risk
29.51,-0.39,8.28,94.8,1.03,0.48,1.11,Low Risk
31.83,0.47,8.18,40.0,1.13,1.44,18.48,Low Risk
34.13,0.94,10.65,79.9,1.04,0.89,3.73,Low Risk
27.5,0.27,5.41,76.3,0.97,0.1,1.63,Low Risk
26.98,1.06,11.4,120.3,0.92,0.71,1.85,Low Risk
23.61,-0.66,25.27,47.0,7.74,45.04,70.61,Medium Risk
23.87,-0.48,37.34,63.8,0.7,0.92,17.29,Low Risk
26.87,0.53,10.51,77.6,1.22,0.96,0.0,Low Risk
29.84,0.23,0.52,76.4,1.0,1.54,0.0,Low Risk
32.57,0.76,41.78,70.1,0.79,0.39,25.57,Low Risk
23.98,0.09,14.68,78.5,0.99,-0.94,0.0,Low Risk
35.46,-0.33,4.91,57.3,0.65,-0.56,3.51,Low Risk
26.64,-0.01,1.91,86.4,0.85,0.51,0.0,Low Risk
27.89,-0.67,1.86,40.0,0.99,0.28,22.51,Low Risk
24.26,-0.46,2.2,79.5,4.34,35.19,42.59,Medium Risk
15.88,0.59,0.56,69.2,1.13,1.33,2.65,Low Risk
32.42,0.54,27.89,98.3,0.76,0.53,1.83,Low Risk
31.68,0.28,9.34,111.6,0.64,-0.5,0.0,Low Risk
26.59,-0.76,14.45,74.0,0.73,0.95,0.0,Low Risk
28.33,-0.08,21.13,105.0,1.54,0.72,0.27,Low Risk
30.58,-0.51,18.82,74.3,0.51,1.01,0.0,Low Risk
20.19,0.69,25.71,62.6,1.11,-0.08,3.78,Low Risk
25.35,-0.19,41.03,111.4,0.81,2.88,21.72,Low Risk
31.97,-0.44,6.94,89.4,0.91,-0.9,3.71,Low Risk
21.73,0.11,36.03,80.1,1.15,0.57,17.17,Low Risk
29.47,-0.22,15.42,92.4,1.14,1.07,1.81,Low Risk
21.22,0.84,0.88,84.9,0.83,1.16,3.46,Low Risk
30.33,-0.27,13.74,78.8,0.66,0.51,0.14,Low Risk
27.82,-0.6,13.93,56.1,1.16,1.0,1.69,Low Risk
19.92,-0.98,28.36,75.1,1.14,1.22,5.33,Low Risk
33.82,0.08,5.6,91.2,0.93,0.59,1.16,Low Risk
24.33,-0.18,10.55,77.8,1.11,0.68,0.0,Low Risk
23.95,-0.61,0.15,96.2,0.89,1.01,0.0,Low Risk
29.0,0.69,4.84,86.9,0.79,0.52,0.9,Low Risk
33.74,0.43,0.77,64.2,1.0,1.57,4.12,Low Risk
22.92,0.09,8.85,56.3,1.13,1.3,1.12,Low Risk
28.31,0.78,20.41,77.2,1.08,0.25,1.16,Low Risk
30.14,0.43,2.77,70.6,1.13,-0.07,0.0,Low Risk
31.47,-0.31,9.0,86.1,0.81,1.12,0.0,Low Risk
28.88,-0.42,2.74,67.1,1.4,0.57,1.53,Low Risk
26.16,0.51,1.54,68.9,0.91,0.03,0.0,Low Risk
23.86,0.3,8.58,99.0,0.97,0.12,4.31,Low Risk
28.43,0.18,0.99,82.7,0.67,1.02,0.69,Low Risk
22.64,-0.32,10.62,67.4,0.95,0.13,2.76,Low Risk
15.0,0.4,0.38,80.3,1.13,1.66,0.0,Low Risk
30.18,-0.28,1.35,104.8,1.19,-0.3,2.26,Low Risk
32.52,0.05,9.58,85.3,1.39,0.1,2.21,Low Risk
16.19,0.82,10.74,90.7,1.13,-0.24,0.75,Low Risk
22.95,-0.23,0.35,66.5,1.07,-0.48,0.0,Low Risk
31.1,-0.69,10.22,98.5,0.89,-0.14,0.0,Low Risk
38.29,-0.43,21.88,121.7,0.83,0.09,0.0,Low Risk
28.1,0.6,15.38,65.8,1.24,0.16,0.0,Low Risk
24.36,0.23,1.69,58.7,1.24,-1.23,0.0,Low Risk
27.09,0.04,10.77,83.2,0.73,-0.45,0.0,Low Risk
34.87,-0.15,13.39,95.8,1.18,0.64,5.32,Low Risk
24.77,0.34,0.46,78.4,1.16,-0.06,2.84,Low Risk
24.0,-0.32,23.2,61.0,0.72,1.33,0.83,Low Risk
25.59,0.25,28.41,78.0,1.14,0.31,7.21,Low Risk
23.23,-0.27,22.8,90.8,0.74,0.97,0.0,Low Risk
28.61,-0.35,20.89,72.7,0.39,0.2,4.08,Low Risk
36.12,-0.22,16.4,90.9,6.59,32.15,53.85,Medium Risk
29.62,-0.09,12.04,101.0,1.06,-1.37,1.79,Low Risk
26.74,0.08,13.62,84.3,0.97,0.59,0.91,Low Risk
26.54,0.22,19.7,79.5,1.72,1.72,0.79,Low Risk
20.18,-1.74,13.03,94.9,1.09,-0.67,0.0,Low Risk
32.42,-0.3,4.77,64.6,1.04,1.1,0.0,Low Risk
27.61,-0.1,5.66,62.8,1.11,0.81,1.31,Low Risk
27.1,0.85,27.28,75.2,0.89,-0.64,3.34,Low Risk
43.97,-0.44,0.21,71.1,1.23,0.78,13.84,Low Risk
29.49,0.18,14.4,65.5,1.09,0.77,0.0,Low Risk
24.24,0.85,37.15,112.9,1.08,0.43,20.06,Low Risk
25.87,-0.56,14.7,119.1,0.84,1.41,0.0,Low Risk
33.74,0.3,61.22,73.6,5.58,31.79,86.74,High Risk
28.57,-0.3,13.96,81.7,0.87,1.15,0.0,Low Risk
20.81,-0.15,0.42,76.6,1.07,1.62,0.65,Low Risk
32.6,-0.3,21.05,99.9,0.89,-0.15,5.66,Low Risk
24.66,-0.27,4.02,103.5,1.07,0.08,2.32,Low Risk
37.37,1.46,7.09,48.0,0.94,-0.03,26.91,Low Risk
33.4,0.52,4.49,88.6,1.11,0.09,0.09,Low Risk
25.76,0.65,3.75,56.5,0.76,0.11,0.71,Low Risk
34.41,0.35,6.78,111.6,1.05,0.39,2.95,Low Risk
28.34,-0.7,5.71,87.9,0.84,0.19,0.0,Low Risk
32.26,0.3,12.04,65.2,0.62,-0.37,4.37,Low Risk
30.42,0.64,20.13,75.7,0.96,1.14,0.0,Low Risk
23.77,-0.33,4.23,74.8,1.38,-0.2,1.42,Low Risk
24.78,0.58,2.89,89.5,7.2,15.58,48.89,Medium Risk
33.15,0.45,13.19,98.8,1.03,1.15,0.0,Low Risk
26.33,1.03,13.32,59.3,1.2,-0.44,0.0,Low Risk
25.98,-0.11,27.77,113.1,1.58,0.48,3.22,Low Risk
23.22,-0.45,0.19,108.9,0.88,-0.63,3.22,Low Risk
30.12,-0.08,23.01,64.2,0.84,1.52,0.0,Low Risk
38.31,0.82,8.83,81.3,0.71,0.5,8.97,Low Risk
22.66,-0.81,11.65,110.8,1.29,0.47,1.7,Low Risk
28.12,-0.93,1.15,102.2,0.78,0.68,0.0,Low Risk
35.06,0.14,6.8,73.9,7.95,56.34,47.33,Medium Risk
27.6,-0.12,3.09,94.7,0.54,-0.03,0.0,Low Risk
30.26,0.1,3.52,133.9,1.22,0.42,4.48,Low Risk
22.69,0.57,8.42,81.9,1.29,1.5,5.14,Low Risk
30.14,-0.18,20.08,68.6,1.21,0.05,0.0,Low Risk
27.06,-0.84,16.34,83.1,0.6,1.62,0.0,Low Risk
32.93,1.12,10.73,84.4,1.15,0.12,2.7,Low Risk
33.94,-0.4,9.3,70.6,0.58,0.64,2.51,Low Risk
40.95,-0.43,6.69,87.9,1.01,2.07,4.29,Low Risk
30.9,0.65,43.21,57.4,7.79,54.06,73.61,Medium Risk
29.63,-0.09,9.86,68.0,1.08,0.78,3.06,Low Risk
28.97,0.07,3.52,93.6,1.13,1.02,0.57,Low Risk
26.23,0.34,3.14,48.4,1.0,1.3,18.7,Low Risk
29.69,0.64,11.34,96.3,0.51,-0.17,0.78,Low Risk
26.52,-0.07,8.88,43.8,1.13,0.9,22.05,Low Risk
28.84,0.86,0.09,48.8,1.02,0.71,22.69,Low Risk
34.59,-0.97,21.27,71.0,0.77,-1.23,6.13,Low Risk
22.97,0.48,14.61,85.2,4.68,52.4,39.82,Low Risk
33.7,-0.32,13.01,103.9,1.39,-0.29,3.53,Low Risk
34.59,0.79,0.86,81.0,1.31,0.59,5.42,Low Risk
27.41,0.17,5.39,75.6,1.18,1.29,1.85,Low Risk
17.39,-0.24,32.87,90.4,0.83,-0.25,11.74,Low Risk
24.96,0.43,23.82,64.3,0.37,0.4,0.09,Low Risk
34.48,0.55,4.03,82.5,1.19,0.16,3.14,Low Risk
27.89,0.42,2.05,58.4,1.09,1.41,0.0,Low Risk
23.0,-0.41,7.15,81.5,0.91,0.06,0.0,Low Risk
25.48,-0.14,5.28,77.7,1.28,0.67,2.76,Low Risk
32.2,0.1,13.76,65.5,1.21,1.01,1.73,Low Risk
30.73,0.08,40.73,83.0,6.5,46.96,68.68,Medium Risk
26.81,0.47,5.41,82.9,1.01,-0.28,0.0,Low Risk
26.17,-0.91,0.77,101.2,1.01,0.3,1.07,Low Risk
26.04,0.27,27.35,51.1,1.17,1.78,6.97,Low Risk
23.39,-0.04,0.46,78.6,0.79,0.49,0.28,Low Risk
36.08,-0.32,36.63,66.3,1.11,1.32,23.98,Low Risk
26.39,-0.27,13.11,95.7,0.77,2.15,0.0,Low Risk
34.09,-0.01,34.1,93.6,1.33,0.45,15.1,Low Risk
35.61,-1.7,2.67,89.1,3.95,38.19,44.83,Medium Risk
32.99,-0.25,0.5,67.3,0.83,1.26,0.1,Low Risk
25.84,-0.34,8.04,95.9,1.02,-0.59,0.0,Low Risk
30.02,0.37,7.19,52.5,0.79,0.82,0.0,Low Risk
27.88,-0.3,4.83,48.8,1.38,1.7,20.41,Low Risk
23.48,-0.01,37.94,57.0,1.41,-0.76,16.9,Low Risk
29.62,0.87,20.75,79.4,1.17,0.41,0.34,Low Risk
22.1,0.6,13.0,92.2,1.39,0.59,0.0,Low Risk
33.94,0.55,2.13,40.0,1.04,0.42,23.24,Low Risk
25.68,-0.15,15.91,103.8,1.19,0.34,0.0,Low Risk
29.01,0.37,15.58,82.4,1.31,-0.39,2.16,Low Risk
29.42,-0.02,6.64,51.8,1.0,0.81,0.0,Low Risk
26.71,0.0,31.05,81.8,7.6,18.68,56.58,Medium Risk
30.93,0.3,2.19,99.7,1.23,-0.08,0.86,Low Risk
25.63,-0.2,3.73,90.8,1.16,-1.01,1.18,Low Risk
32.36,0.85,0.78,99.8,0.81,-0.64,0.0,Low Risk
21.27,0.02,19.04,55.4,0.45,1.68,1.09,Low Risk
28.63,0.41,11.67,72.5,0.96,0.56,0.38,Low Risk
37.69,0.83,4.54,63.4,0.48,1.09,6.24,Low Risk
23.0,0.62,2.15,110.9,0.75,-0.21,1.54,Low Risk
24.61,-0.6,0.49,91.5,0.78,-1.06,0.0,Low Risk
30.57,0.32,2.19,131.2,0.86,-0.03,5.68,Low Risk
28.9,0.53,7.25,71.6,1.21,-1.03,0.0,Low Risk
29.75,0.55,3.41,67.0,1.26,-0.06,0.0,Low Risk
30.45,-0.46,3.6,77.4,1.13,1.42,3.39,Low Risk
31.17,-0.23,25.01,104.8,1.16,0.42,1.57,Low Risk
33.55,0.6,8.69,73.4,1.16,1.66,3.23,Low Risk
30.05,-0.28,15.68,82.2,0.38,0.96,0.0,Low Risk
26.79,-0.05,0.44,81.7,1.0,1.35,0.13,Low Risk
31.36,0.89,5.45,80.7,0.55,0.31,0.0,Low Risk
37.5,0.08,7.83,68.3,1.13,-0.61,10.03,Low Risk
27.34,-0.26,2.48,77.5,0.48,-0.31,0.0,Low Risk
23.13,-0.34,1.54,76.8,0.95,1.48,0.0,Low Risk
33.54,0.27,24.51,79.9,1.14,0.64,3.75,Low Risk
27.4,-0.57,33.65,97.0,0.72,-0.6,14.76,Low Risk
17.14,-0.02,0.99,111.7,1.24,1.02,0.0,Low Risk
32.24,0.27,5.15,64.9,1.13,-0.75,1.65,Low Risk
25.32,0.75,38.12,72.9,7.76,17.87,65.45,Medium Risk
27.55,0.43,1.04,65.1,1.17,0.29,0.0,Low Risk
29.66,-0.26,12.38,83.4,0.91,1.05,0.0,Low Risk
28.95,0.69,43.0,70.3,1.04,0.29,21.77,Low Risk
31.55,-0.05,45.92,84.3,1.0,1.08,33.41,Low Risk
25.82,-0.52,7.65,99.9,1.0,-0.72,0.49,Low Risk
30.57,0.01,2.13,40.0,0.83,0.77,21.82,Low Risk
26.7,0.82,2.71,88.9,0.69,0.14,0.0,Low Risk
31.69,0.18,26.44,71.7,7.94,51.68,46.03,Medium Risk
31.08,0.11,29.12,88.3,0.9,0.25,5.56,Low Risk
23.32,0.92,11.23,63.9,0.82,-0.22,0.0,Low Risk
33.43,-0.62,17.44,101.5,1.21,0.42,6.88,Low Risk
25.32,-0.54,16.16,96.4,0.71,1.49,0.79,Low Risk
32.04,-0.71,13.01,90.2,0.96,0.02,1.41,Low Risk
29.84,0.29,21.07,94.3,5.44,15.43,41.75,Medium Risk
37.19,0.18,13.88,66.6,1.23,-0.04,7.95,Low Risk
26.88,0.87,9.16,68.8,1.3,-1.07,1.36,Low Risk
26.25,0.22,3.25,93.5,0.85,0.56,0.0,Low Risk
27.9,-0.1,16.35,66.2,1.2,3.61,2.8,Low Risk
26.48,0.1,7.7,106.0,7.69,43.55,43.35,Medium Risk
32.0,0.16,4.19,74.2,0.93,1.27,2.43,Low Risk
19.92,-0.74,19.43,89.0,0.95,-1.4,2.34,Low Risk
22.73,1.46,14.32,117.8,0.86,0.46,4.17,Low Risk
22.66,0.36,33.24,67.3,0.91,-0.61,8.05,Low Risk
32.75,0.21,2.17,81.2,0.88,0.85,3.29,Low Risk
36.55,0.41,12.57,99.0,0.75,0.06,5.5,Low Risk
27.48,0.45,3.36,97.1,1.21,0.03,1.79,Low Risk
27.16,0.03,28.07,74.1,0.95,-0.41,6.07,Low Risk
28.35,-0.22,1.26,70.7,1.05,-1.22,0.0,Low Risk
33.81,0.4,12.81,75.8,1.04,0.26,4.14,Low Risk
23.36,0.29,18.79,106.1,5.1,58.33,44.32,Medium Risk
29.19,-0.3,5.26,75.0,1.02,0.17,0.0,Low Risk
32.88,0.81,36.99,81.4,5.38,19.39,57.15,Medium Risk
30.51,0.25,22.82,72.3,1.35,-0.17,2.82,Low Risk
28.95,0.46,4.19,92.7,1.19,0.6,0.0,Low Risk
33.01,0.8,0.09,82.8,1.0,0.33,0.0,Low Risk
15.0,0.11,4.22,61.9,0.89,1.16,0.63,Low Risk
31.39,0.26,3.96,62.6,0.97,2.4,0.21,Low Risk
24.73,0.51,26.48,44.0,1.1,0.68,20.24,Low Risk
18.85,-0.26,40.98,65.0,1.37,1.39,20.57,Low Risk
30.56,0.13,0.88,94.3,0.66,0.6,2.22,Low Risk
34.87,0.16,7.65,103.8,1.16,0.87,4.73,Low Risk
27.31,-0.38,9.54,92.3,1.28,0.24,0.0,Low Risk
32.76,1.26,1.17,90.0,0.63,0.42,0.38,Low Risk
36.06,-0.6,5.69,77.7,0.95,-0.14,5.36,Low Risk
34.57,-0.55,4.58,93.9,0.73,1.63,0.51,Low Risk
36.2,0.76,9.22,85.2,1.11,1.27,8.18,Low Risk
31.71,0.46,12.99,112.5,0.91,0.7,0.0,Low Risk
28.38,-0.41,14.59,78.2,0.97,-0.32,0.0,Low Risk
19.99,0.4,1.76,104.2,0.9,0.36,1.12,Low Risk
26.77,0.83,20.12,95.7,1.18,1.27,2.49,Low Risk
23.78,0.08,13.62,93.2,1.06,2.46,0.4,Low Risk
38.85,1.4,26.39,43.8,1.06,0.56,28.89,Low Risk
27.12,-0.76,7.16,96.7,1.04,1.48,0.0,Low Risk
28.62,0.45,26.92,77.7,1.14,0.64,2.55,Low Risk
30.76,0.68,24.1,72.0,0.93,1.52,0.0,Low Risk
28.22,0.55,6.92,53.3,1.43,-1.17,0.95,Low Risk
36.48,-0.0,5.76,79.9,0.69,-0.19,8.03,Low Risk
24.89,-0.05,32.4,80.6,0.57,0.75,10.55,Low Risk
28.97,0.32,15.07,56.5,0.55,-0.47,0.0,Low Risk
24.29,0.51,31.61,53.5,0.48,0.84,9.68,Low Risk
21.4,0.4,19.13,88.8,1.17,0.53,2.05,Low Risk
24.94,0.62,11.28,95.7,1.14,-0.78,0.0,Low Risk
27.81,-0.41,1.48,83.4,1.3,-0.93,1.59,Low Risk
25.85,-0.01,4.13,100.7,0.74,0.77,0.86,Low Risk
24.54,-0.37,41.62,78.4,1.19,-0.42,19.49,Low Risk
20.97,-0.09,4.62,79.0,3.7,49.36,40.28,Medium Risk
27.58,0.61,1.17,63.5,1.04,1.0,1.05,Low Risk
20.48,0.15,14.75,51.9,1.16,0.43,0.27,Low Risk
31.8,1.4,15.89,113.4,0.81,0.16,1.88,Low Risk
28.41,0.2,4.03,100.4,1.65,-0.71,0.47,Low Risk
20.71,0.13,4.24,54.9,1.33,1.7,1.3,Low Risk
26.45,0.15,7.59,82.8,0.87,1.14,0.0,Low Risk
24.24,-0.22,0.26,78.2,0.73,-0.02,0.67,Low Risk
29.6,0.07,18.69,75.1,0.98,-0.22,0.0,Low Risk
34.7,0.66,4.58,72.6,1.05,0.05,5.79,Low Risk
18.62,0.16,23.07,86.9,1.27,-0.28,0.54,Low Risk
28.58,-0.3,19.47,94.7,0.71,0.26,0.0,Low Risk
27.2,-0.36,13.0,87.2,1.07,1.39,0.0,Low Risk
31.36,-0.13,4.71,77.8,0.62,1.31,5.0,Low Risk
29.07,0.14,8.72,77.2,1.11,1.31,0.0,Low Risk
24.24,0.7,7.06,96.9,0.97,-0.54,0.0,Low Risk
26.4,-0.57,4.97,88.3,1.48,-0.33,0.0,Low Risk
24.02,-0.06,22.62,81.3,0.61,1.27,0.0,Low Risk
33.38,0.17,7.93,79.4,1.34,0.86,0.12,Low Risk
28.11,-0.82,21.46,86.2,0.57,0.15,4.04,Low Risk
37.51,-0.32,1.33,71.6,0.67,1.07,8.99,Low Risk
27.7,-0.24,1.82,94.8,0.58,0.9,0.0,Low Risk
24.46,-0.3,45.44,60.6,1.06,-0.73,28.65,Low Risk
20.43,0.2,10.63,72.6,0.71,-1.31,2.06,Low Risk
18.98,0.02,8.55,91.0,0.66,0.49,0.85,Low Risk
20.08,-0.18,8.89,59.6,1.05,-1.23,0.0,Low Risk
29.34,0.31,2.91,51.7,1.11,1.38,1.3,Low Risk
30.54,0.96,15.22,81.1,1.01,0.91,0.06,Low Risk
20.09,0.92,1.06,49.5,0.96,0.21,20.43,Low Risk
32.48,-0.86,10.22,56.6,1.46,-0.49,4.42,Low Risk
25.58,0.39,10.15,93.6,1.04,-0.25,0.0,Low Risk
28.73,0.01,29.47,76.3,1.2,-1.92,4.85,Low Risk
36.06,0.18,8.96,103.1,1.04,1.62,2.63,Low Risk
32.48,-0.1,1.77,58.3,0.73,0.66,0.0,Low Risk
26.66,0.16,10.2,78.3,1.14,0.36,0.0,Low Risk
23.54,0.18,1.15,87.2,0.84,1.97,0.0,Low Risk
17.24,-0.19,2.73,58.9,0.98,-0.26,1.34,Low Risk
24.4,-0.35,0.38,98.6,1.08,0.34,1.01,Low Risk
26.94,-0.12,8.64,89.2,0.51,-0.06,0.0,Low Risk
23.06,0.22,1.06,51.0,0.6,2.16,0.0,Low Risk
27.34,0.4,7.6,79.3,1.23,0.27,0.5,Low Risk
28.38,0.53,32.43,86.9,0.83,0.65,11.65,Low Risk
26.88,-0.15,15.27,69.4,0.85,1.8,3.53,Low Risk
24.75,0.24,0.97,53.4,1.04,1.37,0.7,Low Risk
28.84,0.58,3.05,85.0,0.9,-0.8,0.92,Low Risk
30.21,0.68,13.44,119.8,1.1,0.25,0.34,Low Risk
22.55,0.07,27.01,73.0,0.99,0.44,2.43,Low Risk
35.05,-0.01,0.4,108.2,1.05,0.63,6.15,Low Risk
27.51,0.2,20.08,66.5,0.82,0.75,0.0,Low Risk
28.09,-0.47,9.9,83.9,1.05,-0.22,0.0,Low Risk
31.54,0.0,9.48,93.9,1.28,1.72,0.0,Low Risk
29.17,0.47,37.99,79.8,0.86,0.86,17.59,Low Risk
32.77,0.42,16.52,74.6,1.23,1.02,1.82,Low Risk
29.44,-0.04,22.77,93.1,0.99,1.6,1.25,Low Risk
24.94,0.21,5.24,114.0,1.18,0.72,0.0,Low Risk
29.81,-0.31,9.7,85.4,1.03,0.33,0.42,Low Risk
22.28,0.45,11.47,70.7,0.99,0.21,0.0,Low Risk
28.54,0.06,4.66,76.6,1.09,0.32,1.26,Low Risk
27.83,-0.04,10.13,125.4,1.3,0.37,2.94,Low Risk
26.96,-0.08,3.24,82.4,1.06,-1.03,1.1,Low Risk
27.36,0.07,1.86,69.3,1.12,0.0,0.0,Low Risk
18.59,-0.12,5.62,59.4,0.91,-0.37,2.05,Low Risk
25.26,0.43,16.13,47.1,7.95,27.56,62.53,Medium Risk
28.46,-0.1,29.75,86.5,1.16,0.63,7.25,Low Risk
28.8,0.9,7.34,91.8,1.02,0.85,5.66,Low Risk
22.86,0.83,12.35,72.9,0.97,-0.19,0.0,Low Risk
34.33,-0.35,1.3,79.7,1.24,0.28,2.85,Low Risk
23.67,0.13,28.18,58.9,0.85,0.95,4.01,Low Risk
32.85,-0.23,10.09,82.4,0.55,0.26,0.0,Low Risk
30.14,-0.06,18.19,88.7,1.02,0.39,0.0,Low Risk
24.77,1.1,18.98,70.4,1.3,0.3,0.06,Low Risk
36.88,-0.05,3.56,110.4,1.4,0.98,10.53,Low Risk
22.03,0.28,9.04,64.9,0.97,0.49,0.96,Low Risk
32.6,0.37,38.77,85.1,1.01,0.24,22.42,Low Risk
33.0,-0.4,1.13,95.3,1.13,0.12,3.18,Low Risk
24.65,-0.33,13.79,78.6,0.93,-0.17,0.69,Low Risk
34.96,-0.5,39.33,76.6,1.13,0.98,20.92,Low Risk
26.75,-0.34,4.29,54.3,0.98,0.95,3.23,Low Risk
29.44,-1.33,23.72,104.4,1.25,0.5,2.06,Low Risk
29.3,0.37,32.56,76.9,1.18,1.25,11.14,Low Risk
27.33,1.13,16.5,89.7,1.2,0.51,0.0,Low Risk
32.05,0.17,3.16,92.1,0.95,0.76,0.0,Low Risk
31.97,-0.61,4.88,68.7,7.78,53.2,42.6,Medium Risk
19.26,-0.22,0.44,76.4,1.12,1.46,0.0,Low Risk
34.52,-0.13,21.37,104.0,1.06,0.63,4.52,Low Risk
19.69,-0.41,22.73,59.9,0.81,0.81,0.0,Low Risk
33.16,0.53,12.02,118.3,0.98,0.55,1.93,Low Risk
33.63,0.51,5.22,66.6,1.03,0.57,3.56,Low Risk
22.55,-0.48,0.96,58.8,7.56,40.34,47.62,Medium Risk
25.95,0.46,16.78,82.4,0.93,-1.14,0.0,Low Risk
22.47,0.86,15.56,119.8,3.94,19.71,28.09,Low Risk
26.93,1.05,29.25,45.6,1.01,-0.07,24.34,Low Risk
26.46,1.53,15.74,77.5,0.56,0.31,1.21,Low Risk
31.9,-0.35,21.17,88.6,0.97,-0.02,1.67,Low Risk
34.55,1.51,16.44,80.6,0.91,1.16,5.55,Low Risk
34.98,-0.08,11.95,86.9,0.99,-0.13,3.08,Low Risk
25.19,-0.2,6.68,67.1,1.26,0.26,0.65,Low Risk
26.95,0.26,27.89,69.2,1.51,-0.02,7.08,Low Risk
19.58,-0.19,12.63,77.3,1.17,-0.09,1.5,Low Risk
23.97,0.3,6.1,59.7,0.69,-0.08,0.0,Low Risk
32.82,-0.56,1.05,79.2,0.91,-0.49,1.14,Low Risk
36.08,-0.02,4.12,73.0,1.15,0.05,5.45,Low Risk
21.83,0.74,9.42,71.5,1.12,0.65,0.0,Low Risk
25.04,0.07,3.87,85.8,1.25,-0.23,2.94,Low Risk
27.87,0.17,3.0,47.2,0.98,0.6,17.23,Low Risk
29.4,0.34,8.99,75.9,0.91,0.92,0.0,Low Risk
23.95,0.69,2.23,121.7,1.44,0.39,2.62,Low Risk
30.12,-0.73,19.34,60.5,1.01,-0.45,0.0,Low Risk
25.63,0.39,7.95,103.1,0.75,-0.91,0.0,Low Risk
27.93,-0.03,10.24,81.0,1.37,1.15,0.98,Low Risk
30.73,0.18,1.91,69.1,0.63,1.73,0.0,Low Risk
28.03,0.63,4.71,56.2,0.13,1.63,0.0,Low Risk
25.82,-0.5,6.33,82.5,1.19,0.74,0.6,Low Risk
27.45,-0.41,19.82,106.2,1.23,0.75,1.27,Low Risk
27.56,-0.87,17.64,73.0,1.1,0.33,1.57,Low Risk
26.15,-0.17,3.03,78.5,0.67,0.31,0.0,Low Risk
26.71,0.77,11.49,98.2,0.99,-0.08,0.0,Low Risk
35.99,0.04,3.35,86.1,0.93,-0.18,7.7,Low Risk
30.8,-0.57,53.32,51.7,0.87,-1.0,38.49,Low Risk
26.52,-0.14,36.47,81.8,1.35,1.06,21.25,Low Risk
31.48,-0.64,9.94,107.2,0.74,0.94,6.26,Low Risk
26.33,-0.46,14.4,79.3,1.08,0.2,3.52,Low Risk
33.87,0.29,19.4,40.0,1.3,1.51,20.73,Low Risk
29.85,-0.49,15.32,87.0,1.1,2.29,0.0,Low Risk
27.46,0.66,14.44,76.4,1.31,-0.69,1.29,Low Risk
30.24,0.06,38.2,47.1,1.14,0.95,39.41,Low Risk
20.15,0.14,10.89,49.8,1.11,0.48,19.66,Low Risk
22.37,-0.04,12.14,97.6,1.09,1.79,2.65,Low Risk
22.03,0.49,22.71,66.8,1.15,0.08,0.0,Low Risk
28.71,0.49,13.3,63.7,0.9,1.35,0.45,Low Risk
36.66,0.27,15.84,79.4,0.67,1.05,7.15,Low Risk
39.16,0.38,3.2,68.4,1.24,1.42,5.76,Low Risk
31.19,-0.01,5.57,81.8,1.29,-0.08,1.1,Low Risk
30.5,0.37,1.91,76.4,1.06,0.19,0.0,Low Risk
18.99,-0.07,8.46,58.4,0.86,0.92,0.0,Low Risk
25.29,0.1,7.3,70.8,0.61,1.41,0.0,Low Risk
24.06,-0.04,70.38,88.0,1.02,0.68,41.61,Medium Risk
24.9,-0.13,11.34,80.8,0.66,-1.02,0.99,Low Risk
27.16,-0.24,18.53,78.5,0.63,1.45,0.0,Low Risk
25.64,0.33,4.88,114.9,0.99,1.54,0.58,Low Risk
18.1,0.76,21.37,93.2,0.81,0.06,0.54,Low Risk
31.74,0.69,11.46,95.3,1.09,1.18,0.0,Low Risk
22.64,-0.53,14.33,77.0,0.96,0.89,0.0,Low Risk
29.2,0.74,4.19,84.0,0.85,-0.21,0.0,Low Risk
38.37,-0.06,9.55,72.2,0.57,1.21,0.0,Low Risk
23.4,0.4,12.06,94.0,0.79,0.47,2.44,Low Risk
15.35,-0.35,10.67,78.0,5.44,57.02,45.4,Medium Risk
26.57,0.17,29.61,84.0,4.61,21.7,43.34,Medium Risk
33.5,0.26,27.43,82.9,0.92,2.19,6.41,Low Risk
37.79,-0.64,42.48,79.7,5.75,27.18,79.09,High Risk
21.85,0.4,13.21,132.9,0.96,0.74,6.34,Low Risk
30.48,0.77,42.87,68.0,1.06,0.71,27.7,Low Risk
25.67,0.01,21.44,67.8,0.79,-0.42,0.7,Low Risk
27.47,0.78,3.79,92.5,1.11,1.32,4.29,Low Risk
41.22,0.01,6.69,69.3,0.66,-0.37,7.9,Low Risk
20.49,0.52,3.27,74.8,0.72,0.57,2.43,Low Risk
29.27,-1.01,0.05,60.4,7.93,35.37,43.94,Medium Risk
30.34,1.31,2.5,88.8,1.17,-0.32,0.11,Low Risk
33.43,0.85,0.05,89.1,1.22,0.8,3.49,Low Risk
28.49,-0.04,15.27,74.3,1.4,-0.07,0.43,Low Risk
29.54,-0.89,6.65,92.9,0.91,1.52,0.58,Low Risk
26.04,0.24,4.5,46.6,7.29,16.19,65.5,Medium Risk
29.35,-0.62,17.21,67.3,0.74,1.19,2.61,Low Risk
26.28,0.32,21.44,76.9,0.69,1.14,0.2,Low Risk
31.11,0.31,44.41,58.9,1.06,1.45,25.99,Low Risk
26.15,-0.37,12.33,48.5,0.81,0.27,19.9,Low Risk
29.89,0.66,7.43,74.5,1.31,0.4,2.59,Low Risk
27.85,0.5,4.37,92.5,0.63,-0.21,1.71,Low Risk
33.63,0.59,3.02,103.1,1.12,0.61,2.23,Low Risk
27.74,0.1,2.87,70.1,7.09,34.26,43.45,Medium Risk
19.13,-0.61,6.32,93.2,4.38,27.98,37.13,Low Risk
34.31,0.59,57.62,91.5,1.13,-0.23,40.72,Medium Risk
23.47,-0.04,0.01,101.9,0.83,0.15,0.0,Low Risk
24.73,-0.59,2.64,73.7,6.41,23.9,43.54,Medium Risk
25.02,0.78,2.5,47.6,0.8,0.9,21.9,Low Risk
34.87,1.15,15.15,81.3,1.45,-0.42,3.17,Low Risk
17.32,0.08,5.22,61.8,0.85,0.02,0.0,Low Risk
43.69,1.18,7.33,67.0,1.01,0.25,19.73,Low Risk
33.28,0.15,1.93,74.6,4.31,44.11,46.95,Medium Risk
29.12,-0.09,6.23,73.9,1.06,0.66,0.0,Low Risk
27.73,-0.22,1.31,82.5,4.69,37.91,44.75,Medium Risk
29.43,0.92,9.14,92.7,0.95,0.39,0.0,Low Risk
30.61,-0.29,1.24,73.4,1.1,0.57,0.0,Low Risk
31.23,0.47,18.76,87.1,0.78,-0.13,0.0,Low Risk
30.78,-0.18,10.03,80.3,1.27,1.7,1.18,Low Risk
28.45,-0.13,15.45,96.8,1.3,0.83,0.02,Low Risk
27.01,0.62,6.51,76.6,1.15,0.27,5.24,Low Risk
27.24,-0.09,5.77,78.6,1.02,1.48,1.38,Low Risk
27.03,-0.1,1.24,73.3,0.25,0.8,0.81,Low Risk
33.67,0.67,8.9,77.1,1.11,0.68,1.9,Low Risk
30.97,0.9,8.67,65.9,0.9,0.5,0.0,Low Risk
15.0,0.42,7.58,64.1,0.94,1.31,2.02,Low Risk
31.28,-0.23,16.19,94.0,0.53,1.79,0.0,Low Risk
28.97,-0.16,21.44,60.5,1.12,1.3,2.25,Low Risk
27.91,0.14,16.67,74.3,0.64,0.53,2.33,Low Risk
26.06,0.26,1.86,98.3,1.03,1.57,0.0,Low Risk
33.62,-0.39,11.68,73.7,1.23,0.29,4.74,Low Risk
32.74,0.46,1.0,94.9,0.88,-0.21,0.53,Low Risk
24.14,0.14,14.23,69.4,1.3,1.15,0.0,Low Risk
30.04,-0.76,5.77,61.1,0.81,1.65,1.02,Low Risk
23.14,-0.36,1.71,51.3,1.15,0.5,0.0,Low Risk
21.1,-0.15,23.77,103.6,0.67,1.82,1.43,Low Risk
24.87,0.06,11.42,59.5,1.26,-0.66,0.0,Low Risk
32.31,1.04,5.26,93.4,1.22,0.43,1.02,Low Risk
32.77,0.22,0.37,62.0,1.12,-0.18,6.42,Low Risk
30.57,-0.32,9.25,103.7,0.9,-0.2,0.96,Low Risk
31.63,0.21,30.8,119.7,0.65,0.47,10.3,Low Risk
30.58,-0.08,10.89,49.6,0.9,1.88,21.82,Low Risk
24.79,0.26,42.76,60.5,1.28,1.55,20.9,Low Risk
30.16,0.39,1.76,93.9,1.03,1.62,0.0,Low Risk
32.0,0.7,10.08,89.2,0.61,0.86,2.74,Low Risk
31.77,0.09,19.2,94.0,0.72,0.27,0.0,Low Risk
33.94,0.92,8.95,69.7,1.31,0.77,2.57,Low Risk
31.54,0.55,1.15,115.8,5.5,46.47,49.26,Medium Risk
29.76,-0.25,10.49,82.1,0.69,1.74,0.0,Low Risk
33.35,1.2,11.35,58.1,0.56,-0.93,4.33,Low Risk
27.87,0.26,15.65,75.4,0.84,0.4,0.0,Low Risk
23.59,-0.32,17.19,58.3,0.54,0.5,1.14,Low Risk
27.18,0.93,17.68,108.6,0.96,1.18,1.46,Low Risk
24.28,1.14,13.07,68.1,1.61,0.85,1.62,Low Risk
24.62,0.08,2.92,88.9,0.6,0.9,0.0,Low Risk
27.28,-0.15,6.21,71.5,0.95,-1.38,2.35,Low Risk
24.04,0.01,17.96,68.9,1.33,0.37,0.0,Low Risk
26.46,0.46,36.8,45.6,1.19,-0.01,33.39,Low Risk
18.53,0.74,0.99,90.8,0.96,0.62,0.0,Low Risk
29.07,0.39,9.2,103.4,0.96,0.39,0.0,Low Risk
28.01,0.15,4.5,63.5,0.71,0.68,1.51,Low Risk
23.91,0.85,3.06,52.2,0.93,-0.45,2.04,Low Risk
31.3,-0.06,8.46,94.5,1.06,0.58,0.3,Low Risk
32.69,0.62,11.18,50.4,1.28,1.9,0.0,Low Risk
19.96,-0.04,0.12,102.0,0.84,2.2,0.0,Low Risk
24.19,0.32,18.18,63.7,0.95,1.58,0.0,Low Risk
24.15,0.04,20.57,60.1,0.76,-0.96,0.0,Low Risk
23.3,0.07,40.41,84.5,1.06,0.27,19.35,Low Risk
32.15,-0.09,2.39,61.3,1.2,0.1,0.21,Low Risk
27.03,0.77,10.83,67.3,1.16,0.62,0.0,Low Risk
26.68,-0.27,6.67,86.4,5.0,32.75,42.8,Medium Risk
17.98,-0.27,4.89,40.0,1.04,0.46,22.6,Low Risk
31.18,1.16,10.01,109.6,0.83,-0.24,0.0,Low Risk
21.8,0.59,18.3,80.8,1.25,1.43,0.0,Low Risk
28.3,-1.09,0.28,56.7,0.96,0.8,2.58,Low Risk
29.39,-0.18,41.84,61.7,0.62,1.12,24.19,Low Risk
34.8,-0.81,19.92,97.8,0.95,1.31,3.63,Low Risk
21.46,-0.38,16.69,90.8,1.11,0.23,0.0,Low Risk
15.0,-1.47,17.14,105.0,1.06,-0.44,0.0,Low Risk
28.92,0.03,5.91,67.7,0.87,0.67,0.0,Low Risk
37.0,-0.47,16.71,85.3,0.85,0.23,6.47,Low Risk
34.19,0.13,5.87,87.7,0.75,0.56,3.64,Low Risk
29.05,-0.71,27.48,92.5,0.9,1.63,1.65,Low Risk
25.54,0.14,2.34,100.3,0.79,0.66,0.0,Low Risk
32.04,-0.11,4.15,67.1,1.24,1.97,3.44,Low Risk
23.13,0.85,9.62,77.9,0.77,0.74,0.0,Low Risk
30.38,0.81,4.61,69.0,1.03,0.27,0.0,Low Risk
30.53,0.49,6.62,79.1,4.36,21.19,37.78,Low Risk
33.3,-0.06,8.14,92.6,1.24,0.68,1.01,Low Risk
41.8,1.09,23.28,50.2,1.27,-0.23,15.65,Low Risk
29.96,-0.68,8.89,100.0,1.17,0.93,1.68,Low Risk
25.46,-0.6,5.4,59.5,1.09,0.41,1.86,Low Risk
27.87,0.06,3.42,74.5,0.74,0.38,1.02,Low Risk
19.15,1.23,6.3,102.4,0.73,0.57,0.0,Low Risk
24.53,-0.0,8.7,85.9,7.45,54.1,42.41,Medium Risk
25.95,0.01,16.45,86.1,5.6,27.63,48.6,Medium Risk
25.38,-0.62,1.55,58.7,1.02,2.21,0.26,Low Risk
28.76,0.57,3.01,61.2,1.22,-0.12,0.93,Low Risk
23.89,0.58,5.73,96.9,1.25,1.32,0.0,Low Risk
33.61,0.49,5.36,69.4,7.79,56.5,48.06,Medium Risk
28.0,-0.21,5.97,71.1,1.01,-0.39,0.0,Low Risk
27.95,-0.25,18.93,97.4,1.0,0.55,0.0,Low Risk
26.36,-0.55,4.7,61.1,0.92,0.78,0.0,Low Risk
28.78,0.14,8.36,84.8,0.87,0.64,0.9,Low Risk
32.13,-0.44,11.74,80.8,4.04,29.22,31.56,Low Risk
23.66,-0.49,3.17,80.0,1.01,1.0,2.26,Low Risk
24.71,-0.11,15.22,70.7,1.0,-1.18,3.83,Low Risk
26.48,-0.14,9.51,69.6,0.8,0.42,0.0,Low Risk
21.27,-0.17,7.1,60.6,1.17,0.16,1.78,Low Risk
23.9,0.33,19.92,88.7,0.75,-0.08,0.0,Low Risk
25.62,0.14,3.35,68.0,1.11,1.2,0.0,Low Risk
32.37,-0.04,25.77,97.4,1.12,1.33,0.52,Low Risk
29.31,0.19,9.88,76.0,0.9,1.41,0.0,Low Risk
28.97,-0.4,11.27,60.9,1.08,1.18,0.0,Low Risk
32.25,0.15,24.96,75.7,1.05,-0.46,0.0,Low Risk
27.31,0.18,20.42,72.6,0.99,0.62,0.66,Low Risk
29.95,-0.65,11.04,98.2,1.0,1.39,0.0,Low Risk
27.48,0.6,16.79,73.4,5.6,55.21,44.21,Medium Risk
29.33,-0.34,6.82,75.0,1.03,1.8,0.0,Low Risk
25.09,0.15,9.51,105.4,1.02,-0.5,0.0,Low Risk
15.81,0.68,0.77,89.1,0.72,-0.21,0.52,Low Risk
27.33,0.56,1.13,109.9,0.96,1.11,2.73,Low Risk
35.11,0.12,21.22,102.7,1.07,2.06,4.57,Low Risk
32.63,-0.08,0.74,64.0,3.95,22.9,33.11,Low Risk
32.83,0.57,2.23,97.8,4.33,37.89,40.82,Medium Risk
34.18,0.44,19.07,107.5,1.16,1.5,1.52,Low Risk
28.44,-0.21,0.01,107.6,7.22,40.93,47.34,Medium Risk
28.99,-0.3,3.98,97.8,5.13,32.74,45.92,Medium Risk
24.91,-0.94,10.53,97.4,0.92,0.67,0.0,Low Risk
26.42,0.18,10.86,74.6,1.0,2.25,0.0,Low Risk
31.08,0.06,18.02,64.9,1.0,1.12,3.28,Low Risk
34.02,0.67,8.46,73.7,1.15,0.78,0.55,Low Risk
27.3,0.28,8.55,50.0,1.04,0.96,0.0,Low Risk
25.75,0.77,15.51,104.2,1.31,0.83,0.0,Low Risk
28.0,-0.25,8.28,74.9,1.06,1.23,0.0,Low Risk
31.01,0.67,11.25,103.2,0.79,-0.01,0.37,Low Risk
20.78,-0.16,27.37,57.8,0.88,0.45,5.03,Low Risk
16.52,0.49,6.16,99.5,1.15,0.48,1.32,Low Risk
25.25,-0.63,5.84,71.1,0.6,-0.24,1.2,Low Risk
21.9,0.22,0.04,56.9,0.66,-0.38,0.0,Low Risk
25.46,-0.89,11.41,109.3,1.0,1.62,0.34,Low Risk
27.26,-0.03,0.36,99.9,1.24,1.07,0.66,Low Risk
25.73,0.32,8.42,83.8,3.56,16.34,24.16,Low Risk
35.26,-0.16,19.57,80.6,0.95,0.9,0.72,Low Risk
29.63,-0.43,9.58,87.9,1.27,0.76,0.1,Low Risk
29.5,0.52,3.77,83.5,1.02,0.34,0.0,Low Risk
31.11,0.05,18.51,65.7,0.62,1.31,0.0,Low Risk
22.31,-0.14,3.77,72.6,1.0,-0.52,0.0,Low Risk
33.2,0.12,15.85,115.3,0.85,0.74,0.38,Low Risk
27.62,1.42,11.31,128.1,1.23,1.24,3.15,Low Risk
31.35,0.68,2.24,108.1,0.99,0.43,1.72,Low Risk
22.64,0.68,28.26,88.6,0.68,0.85,7.5,Low Risk
20.23,0.32,2.69,73.9,0.63,1.77,0.0,Low Risk
32.09,0.18,54.78,65.6,0.99,0.32,38.71,Low Risk
29.88,-1.1,0.09,66.8,0.39,0.84,2.48,Low Risk
23.49,-0.24,3.67,70.0,0.87,1.32,2.97,Low Risk
23.65,-0.14,2.68,118.7,5.8,36.98,44.49,Medium Risk
33.63,-0.84,0.17,112.5,0.74,-0.36,1.48,Low Risk
22.05,-0.48,15.82,93.4,7.7,39.98,44.82,Medium Risk
36.21,-0.89,14.19,62.7,1.3,0.59,6.5,Low Risk
23.5,0.08,18.86,96.1,7.73,50.56,42.38,Medium Risk
31.19,0.51,3.56,75.7,0.93,0.64,0.0,Low Risk
26.36,0.65,7.05,41.2,1.25,-0.45,22.23,Low Risk
31.02,0.31,12.91,85.2,1.0,0.3,0.0,Low Risk
25.28,-0.38,6.95,64.8,0.65,1.07,0.15,Low Risk
27.19,-0.87,14.34,65.5,0.96,0.5,0.95,Low Risk
28.2,-0.78,12.06,75.5,0.79,0.09,2.49,Low Risk
22.99,-0.53,1.46,71.0,1.28,-0.09,1.21,Low Risk
31.7,-0.34,18.23,79.4,1.15,0.72,1.86,Low Risk
25.43,0.02,15.3,78.5,0.92,1.17,0.87,Low Risk
26.86,-0.41,12.8,46.2,1.04,1.32,20.58,Low Risk
23.03,0.27,2.02,107.4,6.15,38.46,46.75,Medium Risk
15.19,-0.02,3.74,62.3,0.81,1.8,0.0,Low Risk
27.04,0.11,5.99,62.9,1.39,0.59,1.41,Low Risk
40.06,0.67,3.94,74.1,1.01,-0.81,4.36,Low Risk
31.92,-0.49,3.1,78.0,1.23,0.6,0.0,Low Risk
27.9,0.31,19.64,106.3,1.06,-0.3,1.79,Low Risk
26.69,0.09,12.2,84.8,1.33,0.83,0.0,Low Risk
28.11,-0.07,10.0,90.2,0.5,0.72,0.0,Low Risk
30.74,0.54,3.07,84.9,0.95,-0.72,0.48,Low Risk
22.1,0.54,30.02,84.2,1.41,1.65,10.75,Low Risk
33.57,-0.37,2.55,85.6,1.24,-0.02,0.0,Low Risk
31.58,0.01,19.01,45.2,1.33,-0.95,18.56,Low Risk
31.59,0.24,40.82,75.5,1.0,1.52,24.93,Low Risk
30.19,-0.04,15.58,100.9,0.87,0.99,0.0,Low Risk
28.1,0.39,59.3,151.0,0.74,0.3,54.17,Medium Risk
31.36,0.24,12.63,58.3,0.73,0.54,1.37,Low Risk
30.96,1.02,2.94,87.6,1.2,0.41,0.0,Low Risk
26.23,-0.67,2.74,69.7,1.13,-0.77,1.77,Low Risk
25.13,0.04,4.71,116.9,0.98,-0.62,0.0,Low Risk
28.51,-0.35,0.09,55.6,1.13,1.26,0.0,Low Risk
35.75,0.4,13.74,91.2,1.04,0.83,3.99,Low Risk
21.8,-0.71,3.75,54.7,1.24,1.23,1.01,Low Risk
20.66,0.27,20.26,74.3,1.24,1.47,0.0,Low Risk
28.82,-0.22,5.34,79.4,0.73,-2.15,0.55,Low Risk
28.25,-0.27,7.85,99.3,1.07,0.17,0.0,Low Risk
28.87,-0.62,40.47,60.6,0.58,-0.42,21.57,Low Risk
29.22,-0.13,3.33,91.9,1.03,0.4,0.0,Low Risk
26.88,0.64,15.33,80.3,1.15,-0.98,0.0,Low Risk
35.45,0.09,16.88,84.9,0.67,0.98,3.46,Low Risk
20.0,0.41,3.0,97.2,0.9,1.03,0.0,Low Risk
23.86,0.93,8.34,56.9,1.0,2.32,3.5,Low Risk
27.48,0.23,5.17,94.6,1.06,0.42,0.37,Low Risk
19.78,-0.18,17.74,69.8,0.93,1.04,0.0,Low Risk
27.12,0.33,11.69,99.7,0.71,1.28,0.0,Low Risk
36.31,-0.17,7.75,86.0,0.99,1.88,8.43,Low Risk
28.1,-0.15,18.13,76.2,0.59,-0.41,0.0,Low Risk
29.15,-0.66,3.22,69.4,0.94,1.22,1.12,Low Risk
21.7,0.56,16.81,94.8,0.89,0.82,0.0,Low Risk
24.92,-0.09,24.06,102.7,0.97,-0.79,0.0,Low Risk
26.12,0.19,25.31,70.4,0.86,0.87,0.0,Low Risk
26.41,-0.42,18.37,59.6,0.62,1.09,0.0,Low Risk
34.41,0.32,6.29,92.5,0.91,-0.85,1.04,Low Risk
30.79,-0.28,48.08,53.9,1.23,0.44,30.78,Low Risk
22.44,0.03,5.73,56.5,1.32,0.56,0.46,Low Risk
29.23,0.54,12.21,60.9,1.61,0.54,0.47,Low Risk
30.49,0.5,2.11,72.5,1.42,1.0,0.86,Low Risk
33.7,0.09,47.22,55.9,0.7,0.02,32.31,Low Risk
35.9,-0.78,14.61,45.1,0.9,-0.38,28.01,Low Risk
22.92,1.6,16.8,59.6,0.99,0.89,0.0,Low Risk
23.95,0.97,0.82,91.6,0.98,1.76,0.0,Low Risk
21.71,0.46,17.3,57.1,1.02,1.7,0.0,Low Risk
26.83,-0.28,17.89,73.9,1.6,2.41,0.7,Low Risk
30.33,0.04,13.37,115.0,0.73,0.2,0.57,Low Risk
32.94,-0.17,4.14,79.1,0.82,0.37,0.47,Low Risk
27.62,0.73,8.07,86.2,1.41,-1.22,1.87,Low Risk
26.4,0.23,1.4,63.0,6.6,27.99,44.56,Medium Risk
28.76,-0.29,7.65,118.9,1.1,-0.76,1.35,Low Risk
23.82,-0.14,3.35,70.3,1.26,0.22,2.71,Low Risk
38.45,0.66,5.15,75.9,1.12,1.59,3.4,Low Risk
19.96,0.9,2.13,103.7,1.05,1.35,0.0,Low Risk
28.92,0.86,3.14,76.7,1.23,0.24,0.0,Low Risk
38.12,0.48,0.96,80.9,6.23,36.73,45.79,Medium Risk
28.03,-0.03,30.29,74.9,0.88,-0.15,8.74,Low Risk
27.05,-1.52,9.07,75.1,1.13,1.19,1.31,Low Risk
26.21,0.25,6.06,86.7,0.48,0.25,0.0,Low Risk
27.1,0.1,9.19,90.0,1.35,0.71,0.0,Low Risk
34.86,0.17,11.88,68.4,1.08,1.04,7.05,Low Risk
16.94,0.13,30.59,66.2,1.04,1.09,6.12,Low Risk
35.67,-0.56,2.36,69.0,0.59,-1.73,4.96,Low Risk
20.88,0.38,4.2,54.8,0.68,0.95,0.07,Low Risk
26.67,0.42,44.65,51.4,0.9,0.58,27.82,Low Risk
25.85,0.44,5.57,85.3,1.2,-0.94,0.0,Low Risk
30.94,0.57,0.27,96.9,0.48,1.61,0.31,Low Risk
20.01,0.4,1.92,95.7,1.2,0.66,0.0,Low Risk
30.31,-0.11,0.32,40.0,0.91,-0.74,18.68,Low Risk
38.12,0.06,55.17,75.6,0.94,0.03,36.45,Low Risk
21.18,0.15,3.92,60.2,1.06,0.33,0.0,Low Risk
28.95,0.15,30.85,82.6,1.07,2.59,9.5,Low Risk
24.69,0.6,65.92,72.5,0.82,-0.2,37.93,Low Risk
30.13,0.42,10.99,90.7,1.16,-0.05,3.34,Low Risk
28.1,1.14,0.41,79.7,0.42,0.64,0.81,Low Risk
24.79,1.2,1.02,45.9,0.89,2.21,19.49,Low Risk
30.44,0.14,7.88,62.6,1.04,0.31,1.45,Low Risk
37.02,-1.82,6.25,80.1,0.91,0.14,4.17,Low Risk
27.05,0.72,11.18,81.6,0.54,0.64,0.35,Low Risk
31.6,-0.17,6.93,54.7,1.19,0.24,0.0,Low Risk
21.53,-0.3,32.63,52.3,0.69,0.22,12.3,Low Risk
23.22,-0.1,9.18,81.0,0.98,1.27,0.0,Low Risk
30.36,-0.12,14.2,54.7,1.04,0.1,0.0,Low Risk
35.42,0.41,27.22,50.0,1.0,0.22,25.48,Low Risk
29.78,-0.68,1.91,72.0,1.29,1.3,0.0,Low Risk
26.43,-0.44,3.13,71.2,0.99,-0.64,0.67,Low Risk
28.0,0.27,1.36,64.2,1.11,0.22,0.0,Low Risk
21.75,0.41,1.8,67.3,0.99,-0.83,0.0,Low Risk
31.02,0.42,8.62,80.2,5.54,56.23,44.12,Medium Risk
32.41,-0.29,4.65,67.0,1.35,0.22,3.8,Low Risk
25.74,-0.39,6.6,81.3,1.03,0.23,0.0,Low Risk
25.65,-0.15,48.54,73.2,1.2,0.19,33.38,Low Risk
29.33,0.22,2.05,83.0,1.36,0.72,0.0,Low Risk
25.82,0.84,9.34,95.8,1.34,-0.39,5.39,Low Risk
27.67,-0.92,1.25,95.1,0.9,0.81,0.0,Low Risk
38.5,-0.01,4.6,103.2,1.26,0.1,1.37,Low Risk
26.76,-0.57,9.0,95.1,1.06,1.11,0.0,Low Risk
26.21,-0.73,35.17,84.3,1.28,0.45,15.04,Low Risk
24.76,0.58,5.96,72.2,1.14,0.03,0.0,Low Risk
31.72,0.37,0.81,73.0,1.07,-0.55,0.45,Low Risk
27.09,0.32,5.9,64.2,1.11,0.74,0.0,Low Risk
24.75,0.56,1.89,80.1,1.06,0.35,0.93,Low Risk
34.61,-0.14,3.14,92.6,1.07,1.67,5.98,Low Risk
35.1,-0.12,11.55,66.9,0.96,1.73,1.81,Low Risk
25.0,1.19,0.84,79.3,0.94,0.11,3.31,Low Risk
18.67,-0.02,7.5,67.8,1.44,-1.39,0.0,Low Risk
33.04,0.47,11.28,83.8,1.12,1.21,2.44,Low Risk
24.58,0.1,6.58,70.1,0.86,0.07,0.0,Low Risk
31.95,-0.82,0.23,66.7,0.93,0.22,0.23,Low Risk
18.15,-0.92,50.82,67.8,1.26,1.46,34.47,Low Risk
32.46,-0.19,5.49,89.1,0.82,0.78,4.63,Low Risk
21.94,0.63,18.09,78.3,0.63,1.18,0.0,Low Risk
31.65,0.49,4.73,72.3,0.65,1.35,3.19,Low Risk
28.07,0.56,7.73,84.7,0.57,0.37,0.0,Low Risk
23.23,-0.39,5.9,72.5,0.68,1.05,3.19,Low Risk
25.96,0.91,5.03,100.3,0.7,0.58,1.94,Low Risk
31.43,-0.38,0.27,62.5,1.35,0.93,0.0,Low Risk
28.53,0.21,5.36,76.6,0.99,0.62,0.0,Low Risk
30.92,0.09,26.43,54.7,0.91,1.59,2.31,Low Risk
37.88,0.01,14.07,73.8,0.64,-0.52,8.83,Low Risk
20.18,0.77,1.89,49.8,0.96,0.15,20.8,Low Risk
36.09,-0.25,10.73,93.4,0.57,0.43,6.36,Low Risk
28.52,-0.57,26.73,93.8,0.91,0.6,0.42,Low Risk
23.51,0.11,14.45,94.1,1.52,-0.53,0.0,Low Risk
21.35,-0.1,1.93,80.5,1.17,-0.09,0.55,Low Risk
27.05,1.79,24.28,64.2,0.95,0.53,0.0,Low Risk
32.61,0.44,4.31,65.6,1.17,0.06,0.0,Low Risk
27.36,-0.1,7.26,107.5,0.87,-0.87,1.05,Low Risk
35.56,-0.43,8.96,105.8,0.8,0.21,5.81,Low Risk
20.74,-0.84,22.81,82.2,1.43,-0.47,0.0,Low Risk
27.94,-0.41,32.19,70.7,0.71,0.98,12.09,Low Risk
21.74,0.16,31.85,104.6,0.91,0.74,11.53,Low Risk
29.82,0.81,0.1,67.5,1.08,1.22,0.0,Low Risk
32.43,0.66,30.6,84.1,0.77,0.67,9.81,Low Risk
25.9,0.21,0.67,104.3,1.16,-0.36,0.0,Low Risk
15.0,-0.06,3.71,64.9,0.92,-2.02,0.52,Low Risk
28.99,0.23,8.68,94.9,1.17,1.41,0.5,Low Risk
30.18,-0.16,7.85,89.4,1.15,0.16,0.0,Low Risk
30.02,0.96,11.14,79.3,0.94,-1.29,0.0,Low Risk
34.18,0.01,7.83,62.1,1.43,1.75,3.38,Low Risk
22.64,0.06,32.69,67.0,3.56,59.12,54.85,Medium Risk
31.4,-1.01,3.3,85.2,1.34,1.74,0.0,Low Risk
33.96,0.0,3.84,54.4,1.29,0.84,5.71,Low Risk
19.11,0.52,30.42,82.4,1.44,1.03,8.84,Low Risk
29.6,-0.43,0.96,89.7,1.04,0.09,0.0,Low Risk
25.48,-0.28,11.29,97.7,0.8,1.07,1.89,Low Risk
27.59,0.5,13.74,54.8,1.52,2.05,0.0,Low Risk
29.74,-0.64,8.45,103.7,0.92,1.16,0.0,Low Risk
25.56,0.63,14.22,110.5,0.8,0.21,0.67,Low Risk
24.62,-0.17,2.28,87.4,0.95,-0.55,0.0,Low Risk
28.17,-0.09,22.98,61.3,0.75,1.42,0.0,Low Risk
22.56,-0.46,1.81,74.1,4.25,51.91,42.82,Medium Risk
22.57,0.29,6.15,79.1,0.85,0.58,0.19,Low Risk
31.4,1.33,0.94,84.9,0.93,-1.08,0.33,Low Risk
22.26,0.49,9.46,80.4,1.24,-1.14,2.11,Low Risk
31.33,-0.33,13.29,85.1,1.16,0.57,0.0,Low Risk
30.31,0.67,34.01,78.4,1.0,-0.22,11.14,Low Risk
19.37,-0.06,16.13,84.8,1.04,0.67,2.57,Low Risk
24.61,0.79,9.35,71.7,1.0,1.26,1.04,Low Risk
33.97,0.5,32.37,73.9,0.89,0.05,13.89,Low Risk
23.09,-1.37,7.81,69.6,1.0,0.69,0.0,Low Risk
25.68,-0.4,9.88,114.5,1.12,0.41,0.8,Low Risk
30.31,0.57,10.88,106.4,0.97,2.86,0.06,Low Risk
31.92,0.18,6.33,90.0,1.1,0.08,0.2,Low Risk
26.74,-0.41,21.88,103.9,0.79,-0.06,0.92,Low Risk
25.01,-0.22,2.46,94.4,0.85,0.14,0.0,Low Risk
35.11,-0.85,9.71,83.3,0.82,1.43,5.04,Low Risk
36.69,0.06,15.37,52.9,0.86,0.1,3.15,Low Risk
32.89,1.21,28.12,75.3,1.32,1.09,5.72,Low Risk
28.43,0.5,25.84,74.0,1.18,0.53,0.17,Low Risk
23.96,1.2,8.53,59.6,0.73,0.55,1.63,Low Risk
23.85,0.54,12.37,53.2,1.11,1.78,0.0,Low Risk
30.61,0.61,6.02,88.9,0.9,-0.94,0.39,Low Risk
30.09,1.09,7.58,85.8,0.83,0.61,1.24,Low Risk
35.01,0.29,28.41,59.0,4.63,17.32,46.72,Medium Risk
31.25,0.01,32.03,66.6,1.24,0.81,8.54,Low Risk
20.48,0.62,27.09,100.9,0.66,-0.67,2.22,Low Risk
33.26,0.83,1.79,64.2,0.99,-0.41,2.72,Low Risk
23.01,-0.14,22.77,83.1,0.76,0.72,0.0,Low Risk
26.08,-0.26,35.56,76.6,1.19,-1.37,13.89,Low Risk
29.25,0.17,5.38,89.1,4.09,49.87,42.9,Medium Risk
37.98,0.52,8.77,64.6,0.97,-0.48,5.35,Low Risk
43.55,0.5,18.12,81.6,0.97,0.65,19.3,Low Risk
31.03,-0.61,9.91,83.0,1.08,0.37,0.05,Low Risk
27.08,1.06,60.4,84.1,1.0,0.8,36.02,Low Risk
30.67,-0.22,7.3,81.4,0.99,-0.19,0.0,Low Risk
32.44,-0.03,15.02,86.2,0.87,0.71,1.3,Low Risk
26.4,-0.35,18.88,119.5,0.61,0.5,0.0,Low Risk
36.98,1.45,8.18,126.1,0.72,-0.19,6.13,Low Risk
29.15,0.22,23.34,68.5,1.18,1.38,0.0,Low Risk
30.49,-0.33,9.48,40.0,0.92,1.06,17.52,Low Risk
31.33,0.53,6.37,90.7,0.83,-0.01,3.31,Low Risk
30.11,0.48,1.37,83.4,0.65,-0.13,0.0,Low Risk
32.19,0.01,6.0,99.1,0.57,1.24,0.0,Low Risk
24.91,0.52,15.89,85.1,0.82,-0.79,0.45,Low Risk
25.21,-0.31,30.5,81.1,1.22,-0.53,6.99,Low Risk
22.5,-0.15,3.48,100.3,7.85,53.34,48.86,Medium Risk
30.2,-0.91,5.27,102.8,1.1,1.95,2.82,Low Risk
31.89,-0.56,2.01,55.0,0.85,0.02,3.0,Low Risk
30.29,1.0,14.08,65.3,1.16,0.11,1.1,Low Risk
36.37,0.92,38.68,78.1,0.91,0.32,27.06,Low Risk
27.97,0.13,12.29,81.8,0.69,0.12,0.0,Low Risk
31.34,0.93,11.52,75.9,0.93,0.16,1.35,Low Risk
22.54,0.02,9.68,87.8,1.46,0.01,0.0,Low Risk
26.06,-0.02,1.11,97.9,1.45,0.65,0.0,Low Risk
31.48,0.13,15.69,111.0,1.12,1.06,0.0,Low Risk
32.25,0.04,11.06,90.4,0.97,0.63,0.0,Low Risk
26.53,-0.01,13.0,64.7,1.08,0.37,1.12,Low Risk
27.64,0.67,27.49,77.3,1.08,0.01,5.67,Low Risk
20.41,0.18,18.39,78.6,0.99,-0.44,0.9,Low Risk
26.21,0.46,18.22,89.3,1.11,-0.54,2.75,Low Risk
32.45,0.62,31.44,87.0,1.05,-0.7,6.85,Low Risk
30.88,0.29,55.18,116.9,0.92,1.01,37.6,Low Risk
30.5,-0.39,10.45,71.7,0.7,0.03,0.0,Low Risk
28.25,-0.58,1.38,86.9,0.88,0.82,0.84,Low Risk
28.04,0.17,7.37,122.4,1.2,-0.07,0.0,Low Risk
24.7,0.01,18.59,69.5,0.99,0.44,0.0,Low Risk
31.49,0.14,0.34,82.6,1.08,0.23,1.71,Low Risk
30.1,0.09,0.7,63.0,0.93,1.76,0.49,Low Risk
30.46,1.39,0.83,81.5,0.74,0.12,0.0,Low Risk
25.37,-0.57,15.76,66.0,0.94,1.17,0.0,Low Risk
17.23,-0.89,8.35,98.8,0.74,-0.62,0.0,Low Risk
33.49,0.27,5.52,82.7,0.73,1.58,2.09,Low Risk
25.61,-0.09,1.34,63.2,1.3,1.16,0.0,Low Risk
23.69,0.26,15.81,95.1,0.89,0.03,0.49,Low Risk
31.47,0.39,4.65,83.2,0.81,0.02,0.0,Low Risk
26.04,0.74,3.7,97.2,5.67,56.07,44.62,Medium Risk
33.3,-0.65,12.68,59.3,4.77,35.71,47.08,Medium Risk
31.09,-0.18,9.82,86.6,4.19,56.61,44.03,Medium Risk
31.42,0.31,5.4,93.9,1.11,-0.19,2.12,Low Risk
21.17,0.49,12.31,72.4,0.94,1.36,0.74,Low Risk
34.06,1.2,3.8,57.3,0.83,0.12,1.23,Low Risk
29.31,0.58,19.01,79.3,1.12,0.77,0.0,Low Risk
26.15,0.07,3.13,102.1,0.92,0.04,3.11,Low Risk
28.72,-0.35,2.08,100.3,1.02,0.32,2.2,Low Risk
19.12,-0.18,18.3,72.3,1.26,2.02,0.0,Low Risk
30.04,-0.2,14.77,56.9,1.23,0.44,0.58,Low Risk
22.85,0.43,2.42,72.2,0.86,1.65,0.0,Low Risk
21.24,0.23,1.48,71.6,1.12,-0.72,1.3,Low Risk
20.39,-0.56,21.87,88.0,0.72,-0.89,0.33,Low Risk
33.56,-0.12,17.99,78.1,1.11,0.97,0.0,Low Risk
24.85,0.54,4.76,66.4,1.04,-0.12,2.29,Low Risk
35.67,0.28,12.88,99.9,1.09,0.48,8.2,Low Risk
25.32,0.38,1.59,82.5,0.93,-1.2,0.0,Low Risk
19.46,0.29,8.49,87.8,1.52,-1.13,0.62,Low Risk
22.42,0.91,0.23,49.0,0.77,0.51,22.17,Low Risk
34.18,0.22,5.96,40.0,1.24,0.11,30.06,Low Risk
27.22,-0.09,0.93,54.1,0.74,0.23,1.05,Low Risk
25.26,-0.36,7.74,71.4,1.13,1.83,0.7,Low Risk
28.8,0.22,6.57,90.4,1.14,0.88,1.72,Low Risk
30.51,-1.12,7.05,40.0,1.01,2.22,21.92,Low Risk
33.59,0.01,0.56,108.7,0.88,0.56,3.44,Low Risk
35.24,-0.0,5.39,83.1,1.04,1.7,2.29,Low Risk
26.2,-0.58,16.95,104.5,1.07,1.29,0.35,Low Risk
21.37,-0.36,5.52,64.1,1.45,0.1,0.59,Low Risk
25.93,0.5,15.07,89.1,6.26,25.82,42.06,Medium Risk
29.3,0.22,5.53,81.5,0.86,0.22,1.27,Low Risk
23.18,0.15,6.6,94.7,6.63,40.38,42.74,Medium Risk
23.21,0.25,9.96,75.8,0.94,0.72,2.64,Low Risk
29.72,0.15,36.11,88.5,0.97,-0.24,13.96,Low Risk
27.76,0.72,1.38,99.8,1.27,-0.53,1.89,Low Risk
28.16,0.16,0.4,68.3,0.29,-0.5,0.0,Low Risk
24.21,-0.63,11.24,84.4,0.85,-0.22,2.52,Low Risk
26.85,0.92,35.73,46.0,0.56,-0.26,37.8,Low Risk
23.38,0.29,54.93,92.6,0.7,-0.47,37.61,Low Risk
32.45,-0.19,7.94,115.2,1.6,1.4,0.0,Low Risk
33.18,-0.53,7.58,57.6,1.15,-0.72,2.61,Low Risk
18.77,0.3,12.43,78.4,1.24,0.82,0.0,Low Risk
23.35,0.04,9.73,95.8,0.98,2.32,0.0,Low Risk
20.52,0.89,12.06,80.6,1.19,0.57,0.0,Low Risk
24.75,-0.07,24.86,83.0,0.56,0.57,0.0,Low Risk
27.58,-0.32,16.46,73.0,1.26,0.68,0.0,Low Risk
20.75,0.55,8.24,72.3,0.8,-0.68,0.0,Low Risk
23.39,0.56,7.44,78.4,0.87,0.85,0.0,Low Risk
22.98,0.18,12.25,80.8,1.13,0.77,0.03,Low Risk
29.04,0.44,7.3,58.7,1.08,0.47,0.0,Low Risk
28.35,0.08,7.34,78.8,5.19,54.22,41.97,Medium Risk
24.39,0.22,0.2,108.2,0.66,2.01,0.0,Low Risk
28.88,0.68,2.29,72.5,1.02,0.69,0.0,Low Risk
25.27,0.41,8.05,57.7,1.24,-0.48,0.0,Low Risk
26.64,0.02,20.76,77.3,0.87,-0.3,0.0,Low Risk
36.37,0.78,3.92,67.1,1.33,-0.12,6.9,Low Risk
34.7,-1.08,8.87,55.9,0.78,1.77,4.86,Low Risk
21.5,1.13,5.08,82.5,1.0,0.4,0.26,Low Risk
32.15,-0.75,1.33,67.2,1.38,0.4,1.68,Low Risk
32.06,-0.21,38.13,68.8,0.83,0.08,18.46,Low Risk
22.26,0.08,23.15,82.8,4.03,22.26,33.38,Low Risk
32.09,0.03,0.98,52.4,1.49,1.36,0.0,Low Risk
35.69,0.6,15.27,48.7,1.04,-0.71,26.52,Low Risk
22.39,-0.43,5.12,92.1,0.87,0.42,0.0,Low Risk
23.41,0.23,63.22,45.2,0.81,0.33,60.22,Medium Risk
33.09,-0.19,4.32,62.4,1.33,-0.26,1.44,Low Risk
29.36,0.25,3.27,47.6,1.32,0.03,20.01,Low Risk
30.76,0.07,10.07,71.2,1.36,0.27,0.0,Low Risk
29.7,0.15,21.63,87.7,0.99,-0.31,0.0,Low Risk
29.95,-0.17,2.57,82.0,1.26,0.73,4.07,Low Risk
21.37,-0.16,14.83,123.1,0.99,0.72,0.0,Low Risk
33.24,0.24,0.76,99.6,0.78,0.91,0.95,Low Risk
33.85,0.57,30.15,63.2,1.28,0.13,11.55,Low Risk
26.85,-0.2,1.01,58.5,1.41,-1.22,0.0,Low Risk
27.78,-0.33,29.47,128.7,0.74,-0.07,6.48,Low Risk
20.34,0.41,8.1,99.1,0.74,-0.34,0.0,Low Risk
30.57,0.08,7.13,90.6,1.01,0.36,1.7,Low Risk
30.86,0.52,43.48,81.3,1.24,0.96,25.38,Low Risk
27.69,-0.35,55.73,84.9,0.72,2.01,33.43,Low Risk
33.62,-0.79,12.6,53.3,1.06,-0.22,5.81,Low Risk
26.33,-0.17,1.63,82.8,0.85,0.6,0.0,Low Risk
30.82,-0.28,8.47,81.3,1.18,0.64,0.32,Low Risk
22.9,0.06,9.04,63.7,0.8,1.65,0.0,Low Risk
27.88,-0.22,8.67,70.3,1.19,0.68,0.33,Low Risk
27.13,0.47,10.11,107.3,0.96,0.21,1.97,Low Risk
29.13,-0.04,0.23,77.7,0.77,0.47,0.0,Low Risk
26.15,0.18,14.91,117.3,1.02,0.78,0.0,Low Risk
27.34,0.18,14.95,48.7,0.52,1.09,17.39,Low Risk
32.13,0.2,1.47,70.6,0.86,1.86,2.54,Low Risk
25.82,0.09,10.13,52.1,1.08,1.78,0.0,Low Risk
19.97,0.36,10.08,58.2,0.56,-0.11,1.1,Low Risk
36.75,-0.3,13.77,65.1,0.36,-0.7,8.51,Low Risk
34.91,0.8,1.07,85.7,0.42,-0.5,3.91,Low Risk
21.54,-0.02,11.82,84.8,1.33,0.69,0.0,Low Risk
31.45,-0.56,3.95,67.8,0.98,1.4,0.02,Low Risk
25.49,0.19,8.49,40.0,0.87,0.3,21.61,Low Risk
29.32,-0.33,17.81,106.6,1.24,-0.27,0.0,Low Risk
29.47,0.43,14.68,74.9,0.9,-0.67,0.0,Low Risk
26.83,1.2,1.52,59.9,1.07,1.77,0.59,Low Risk
24.08,-0.29,10.73,84.9,1.01,0.11,0.63,Low Risk
24.55,0.27,41.73,83.7,0.88,-0.73,24.67,Low Risk
23.42,-0.78,2.05,74.2,1.07,0.48,0.0,Low Risk
23.84,0.33,23.0,82.7,1.19,0.5,0.0,Low Risk
27.66,-0.34,14.55,59.2,0.95,1.21,0.82,Low Risk
24.42,-0.21,17.85,93.7,0.88,-0.45,0.0,Low Risk
31.41,-0.45,3.97,62.1,0.91,1.43,3.51,Low Risk
35.44,0.47,4.07,69.1,0.43,1.55,2.06,Low Risk
25.1,0.6,28.38,91.7,1.07,0.57,2.46,Low Risk
29.2,0.11,5.35,101.7,0.7,0.98,0.0,Low Risk
30.5,-0.33,0.78,108.5,1.16,1.15,0.0,Low Risk
30.36,0.89,11.01,99.0,3.85,28.38,35.13,Low Risk
28.38,-0.28,1.6,74.2,1.03,-0.61,0.17,Low Risk
31.71,-0.98,19.11,52.3,1.18,0.03,0.0,Low Risk
30.41,0.33,12.32,105.3,0.77,-0.91,4.15,Low Risk
21.81,-0.45,24.93,104.7,1.09,0.88,1.5,Low Risk
32.35,0.59,18.44,67.9,6.7,36.79,46.04,Medium Risk
32.44,-0.09,1.43,96.6,0.95,-0.19,2.09,Low Risk
24.18,0.4,5.76,74.0,0.77,0.13,0.8,Low Risk
28.19,0.8,17.88,107.0,1.15,0.3,0.39,Low Risk
31.42,-0.5,6.48,70.7,1.18,2.15,1.01,Low Risk
26.95,-0.18,43.06,115.6,1.03,0.14,25.21,Low Risk
33.36,0.06,15.97,94.2,0.73,1.4,3.39,Low Risk
39.82,0.87,0.19,112.4,0.87,0.53,9.05,Low Risk
24.07,-0.23,25.44,71.7,0.98,-2.04,0.06,Low Risk
21.09,-0.2,1.28,87.3,1.17,0.1,3.26,Low Risk
29.52,0.34,1.82,62.6,0.6,1.2,0.17,Low Risk
31.61,-0.19,15.91,95.2,0.86,0.1,0.0,Low Risk
26.85,0.18,24.03,96.2,0.9,0.91,0.0,Low Risk
35.27,-0.68,9.22,123.1,0.98,1.89,2.9,Low Risk
21.31,1.21,4.09,88.7,4.8,47.96,45.09,Medium Risk
31.46,-0.57,5.19,93.0,0.95,-0.01,0.0,Low Risk
24.97,-0.06,5.04,71.5,0.92,1.07,0.0,Low Risk
36.6,0.08,4.75,89.7,0.74,0.89,9.48,Low Risk
37.96,1.06,3.34,73.2,0.97,1.28,11.03,Low Risk
24.17,-0.56,11.26,82.1,0.86,0.43,0.0,Low Risk
25.25,1.09,27.68,83.1,1.12,-0.15,3.06,Low Risk
32.3,0.48,4.4,73.7,0.78,0.93,0.0,Low Risk
26.06,0.31,2.48,81.1,1.02,0.96,0.0,Low Risk
27.77,-0.39,21.88,73.2,0.8,0.08,0.0,Low Risk
28.13,0.39,16.25,73.2,0.85,-0.73,0.0,Low Risk
18.4,-0.26,32.06,99.4,1.07,0.13,8.1,Low Risk
27.93,0.73,2.17,83.2,1.06,-0.44,0.0,Low Risk
24.55,-0.39,1.87,86.2,0.9,0.28,0.0,Low Risk
25.53,0.04,9.36,53.8,0.93,1.12,2.52,Low Risk
35.22,-0.18,11.44,87.6,0.64,-1.1,3.56,Low Risk
21.72,-0.39,7.85,89.5,1.35,0.75,3.88,Low Risk
32.07,0.47,10.96,72.8,1.17,0.83,0.0,Low Risk
26.61,0.37,2.39,117.5,6.62,36.61,45.16,Medium Risk
26.6,0.7,7.84,40.0,0.6,0.78,20.65,Low Risk
31.95,-0.79,12.88,94.1,0.85,1.44,0.0,Low Risk
29.7,0.63,6.8,92.8,0.92,0.85,0.0,Low Risk
30.85,1.35,13.65,89.7,5.63,18.92,46.8,Medium Risk
32.84,-0.13,7.2,83.2,1.22,0.57,3.45,Low Risk
26.34,1.05,4.87,89.9,1.36,1.3,2.79,Low Risk
24.94,-0.03,4.34,95.6,1.52,2.13,0.0,Low Risk
22.57,-0.59,6.35,66.9,0.74,0.91,0.74,Low Risk
23.87,-0.05,0.28,85.4,1.03,1.9,0.08,Low Risk
42.75,0.62,13.25,76.7,1.33,0.87,14.79,Low Risk
34.22,-0.32,22.38,60.3,0.94,1.67,2.57,Low Risk
21.24,-0.2,5.26,92.9,0.86,-0.39,1.55,Low Risk
21.39,0.4,0.57,69.8,0.53,0.55,5.26,Low Risk
30.41,0.1,51.91,53.0,1.28,2.48,36.13,Low Risk
30.74,0.39,3.67,70.3,1.0,-0.96,0.36,Low Risk
30.74,0.22,1.62,65.6,0.82,-0.12,0.0,Low Risk
26.73,0.34,5.54,98.5,1.07,2.24,1.35,Low Risk
27.37,-0.12,16.1,82.8,1.04,0.41,0.0,Low Risk
29.64,0.22,4.18,104.9,1.04,0.41,0.0,Low Risk
28.43,-0.36,10.26,68.0,0.95,1.23,0.73,Low Risk
16.9,0.74,6.45,95.7,1.41,1.5,0.49,Low Risk
26.85,-0.22,1.5,131.1,0.97,0.2,0.7,Low Risk
23.74,0.66,4.81,86.4,1.4,-0.81,0.0,Low Risk
28.88,-0.02,15.49,95.5,1.14,-0.24,2.99,Low Risk
42.93,0.2,11.36,92.5,1.09,0.05,13.78,Low Risk
29.84,-0.15,1.53,54.4,0.97,-0.44,0.0,Low Risk
26.43,-0.41,2.14,90.5,1.24,-0.19,2.52,Low Risk
32.61,-0.77,12.28,85.5,1.03,0.51,3.33,Low Risk
30.41,-0.43,20.15,75.3,0.77,-0.18,0.0,Low Risk
30.1,-0.06,5.16,64.1,0.76,1.91,0.0,Low Risk
31.03,0.21,10.86,92.5,1.11,0.18,0.95,Low Risk
38.28,0.61,2.25,62.5,0.77,-0.72,6.2,Low Risk
22.35,-0.12,4.48,118.4,0.98,1.44,1.97,Low Risk
30.37,-0.34,0.25,82.1,1.26,3.08,0.0,Low Risk
23.37,-0.62,17.55,58.0,1.08,0.24,0.0,Low Risk
30.78,0.34,6.15,70.7,0.82,0.71,0.0,Low Risk
23.41,0.79,20.32,75.0,1.35,1.54,1.1,Low Risk
25.91,0.73,14.79,123.4,5.16,18.52,39.92,Low Risk
26.52,0.45,21.18,64.1,1.25,2.0,0.99,Low Risk
32.88,0.42,4.04,77.9,0.43,-0.78,0.0,Low Risk
32.59,0.95,2.46,70.3,1.08,0.41,0.0,Low Risk
21.77,0.27,42.87,89.0,1.21,-0.15,26.0,Low Risk
28.27,0.42,15.16,70.6,1.43,-0.41,0.0,Low Risk
24.45,-0.06,21.55,59.5,0.63,-0.13,3.56,Low Risk
21.71,-0.58,0.16,76.5,1.3,0.91,2.22,Low Risk
26.91,-0.24,5.25,74.6,1.41,1.24,2.77,Low Risk
26.46,0.1,16.3,69.3,0.5,1.07,1.54,Low Risk
40.13,0.13,0.97,70.3,1.12,-0.68,2.24,Low Risk
30.16,1.06,10.05,101.3,1.15,0.94,2.25,Low Risk
21.11,0.14,6.73,74.2,0.92,0.4,1.45,Low Risk
25.18,0.69,0.21,59.6,0.88,0.03,0.0,Low Risk
33.11,-0.12,3.23,71.7,1.17,0.33,0.76,Low Risk
38.44,-0.06,4.02,81.0,0.85,1.83,2.39,Low Risk
20.07,-0.56,1.42,55.9,0.95,0.28,0.0,Low Risk
18.6,-0.27,11.98,109.3,1.2,1.11,1.84,Low Risk
37.35,0.36,3.33,95.6,1.44,1.33,6.74,Low Risk
29.95,0.1,3.9,105.7,1.13,1.2,0.33,Low Risk
23.66,0.57,27.42,87.1,1.03,0.13,3.79,Low Risk
30.67,0.19,7.55,42.3,0.87,0.18,17.29,Low Risk
15.0,-0.08,5.97,107.6,0.75,0.72,0.0,Low Risk
28.02,1.17,15.44,64.5,1.28,0.06,0.5,Low Risk
29.64,0.05,28.84,65.9,0.96,-0.18,5.28,Low Risk
32.62,0.68,0.3,82.8,1.29,0.58,1.49,Low Risk
22.93,-0.1,7.14,104.8,7.43,30.18,42.97,Medium Risk
28.43,0.45,11.32,99.0,0.84,0.15,1.75,Low Risk
23.37,0.56,4.6,96.3,1.11,0.28,2.42,Low Risk
29.28,0.2,17.76,74.4,0.98,0.06,0.0,Low Risk
23.52,-1.08,42.68,74.1,0.7,0.3,22.45,Low Risk
25.96,0.11,34.47,86.2,1.45,0.16,12.12,Low Risk
23.02,0.72,3.71,77.7,0.84,2.13,0.58,Low Risk
31.26,0.36,3.08,96.0,1.23,1.91,0.9,Low Risk
32.29,0.32,37.9,94.9,1.21,0.16,22.4,Low Risk
26.83,-0.76,7.36,90.6,0.69,0.13,1.65,Low Risk
28.19,-0.26,2.8,40.0,0.75,0.32,19.49,Low Risk
20.76,0.31,14.73,82.3,0.92,0.69,1.06,Low Risk
26.5,0.31,4.02,78.0,0.78,0.42,0.66,Low Risk
27.75,0.71,3.73,83.0,6.65,43.68,45.1,Medium Risk
41.1,0.03,25.37,66.4,0.95,1.13,11.74,Low Risk
22.44,0.3,2.13,56.2,1.22,-0.19,0.0,Low Risk
35.32,0.11,0.8,88.3,1.13,0.02,6.18,Low Risk
32.98,-0.39,3.76,73.6,1.07,-0.65,2.64,Low Risk
29.4,-1.03,11.21,90.3,1.01,0.18,3.63,Low Risk
36.79,0.32,1.58,67.9,1.31,0.53,3.06,Low Risk
29.86,0.19,7.65,105.5,0.79,0.54,2.43,Low Risk
29.95,-0.21,11.84,98.0,1.43,1.5,0.0,Low Risk
27.73,-0.71,22.66,85.3,0.68,-0.2,0.0,Low Risk
34.12,0.41,3.13,76.2,1.2,-0.81,1.28,Low Risk
33.48,-0.03,20.4,95.3,0.65,0.57,0.0,Low Risk
24.87,0.38,3.21,87.1,0.92,0.35,2.37,Low Risk
21.4,1.03,13.55,84.3,1.02,1.18,3.23,Low Risk
26.99,-0.97,6.76,98.8,0.88,0.57,0.0,Low Risk
24.0,-0.25,1.46,105.7,0.95,1.52,0.0,Low Risk
27.68,-0.0,15.03,57.5,0.65,0.39,2.26,Low Risk
34.19,0.83,2.95,61.1,0.75,0.09,6.62,Low Risk
25.71,-0.72,2.33,66.0,1.12,1.07,0.3,Low Risk
27.79,1.07,5.32,53.0,1.01,0.89,0.0,Low Risk
28.29,0.17,12.71,78.9,0.83,-0.07,0.0,Low Risk
32.24,0.05,3.2,90.8,1.33,0.94,0.0,Low Risk
16.77,0.0,2.44,79.6,0.7,0.85,3.26,Low Risk
24.97,-0.12,0.12,70.4,0.91,0.46,0.0,Low Risk
29.06,0.62,7.66,100.3,0.87,1.4,0.78,Low Risk
34.0,-0.43,6.72,82.5,1.15,1.67,2.52,Low Risk
25.54,0.27,3.2,86.2,1.01,0.04,0.0,Low Risk
18.62,-0.09,0.66,100.8,0.97,0.89,0.0,Low Risk
31.1,-0.28,6.73,77.8,0.54,0.56,0.0,Low Risk
24.82,1.39,18.63,117.1,1.22,0.14,3.26,Low Risk
22.05,0.31,15.08,71.9,0.95,0.4,0.0,Low Risk
24.88,0.41,23.66,116.0,1.03,-0.91,1.13,Low Risk
27.08,0.67,0.12,62.5,0.81,1.36,0.0,Low Risk
24.98,-0.61,40.73,89.3,0.77,1.13,21.79,Low Risk
16.97,0.98,5.01,68.4,1.37,-1.04,0.0,Low Risk
32.49,-1.15,55.75,100.2,0.56,0.35,37.21,Low Risk
34.37,-0.28,3.49,71.4,0.74,0.77,4.42,Low Risk
31.26,-0.13,7.65,85.2,1.37,1.18,0.49,Low Risk
22.31,0.39,5.24,68.3,1.16,0.29,0.0,Low Risk
26.99,0.21,5.28,96.9,5.42,54.37,43.54,Medium Risk
27.97,0.02,22.16,68.2,1.31,0.79,0.0,Low Risk
30.99,0.09,16.46,110.3,1.11,-0.04,4.24,Low Risk
31.34,-0.39,58.17,62.1,1.06,1.83,35.95,Low Risk
24.33,-0.65,11.41,55.8,1.06,0.58,0.0,Low Risk
28.41,0.46,7.47,97.1,1.12,0.66,0.0,Low Risk
30.29,0.45,1.13,69.4,1.13,1.58,0.66,Low Risk
35.28,0.89,68.07,79.9,1.55,0.48,47.27,Medium Risk
31.52,-0.3,9.62,74.2,0.95,1.59,0.78,Low Risk
31.95,0.45,14.47,56.4,0.96,-0.78,0.0,Low Risk
28.42,-0.04,6.27,78.6,0.69,1.42,1.26,Low Risk
35.05,0.7,9.52,102.8,0.99,1.33,7.61,Low Risk
30.05,0.61,34.29,98.1,1.47,-1.14,13.09,Low Risk
23.69,0.21,2.18,84.2,1.25,0.24,0.0,Low Risk
35.02,-0.07,4.15,100.0,0.86,0.82,8.03,Low Risk
31.49,0.58,1.98,60.9,1.01,1.15,0.0,Low Risk
25.78,0.42,18.86,74.1,0.68,1.55,0.27,Low Risk
25.6,-0.24,0.77,87.1,0.76,-0.7,0.7,Low Risk
29.48,-0.56,1.02,77.7,1.04,0.56,0.59,Low Risk
30.32,-0.04,4.25,75.6,0.88,-0.25,1.28,Low Risk
28.99,0.86,8.66,58.4,0.74,-0.07,0.0,Low Risk
29.56,0.67,6.26,42.5,1.12,1.14,19.46,Low Risk
36.5,-0.46,0.55,94.7,0.98,-0.14,5.99,Low Risk
33.36,-0.48,37.9,84.4,6.43,19.42,62.85,Medium Risk
28.95,0.74,36.66,96.2,0.48,0.14,13.43,Low Risk
32.71,-0.47,3.93,72.1,0.86,1.3,3.59,Low Risk
22.84,0.35,15.78,67.2,0.6,-0.97,0.32,Low Risk
29.99,-0.21,10.37,80.1,0.53,1.49,0.0,Low Risk
37.05,0.91,3.25,95.4,4.76,45.22,50.69,Medium Risk
26.91,-0.29,3.65,75.8,0.98,0.98,0.0,Low Risk
23.76,0.67,8.11,94.4,0.93,0.68,1.82,Low Risk
24.74,0.19,6.52,61.9,0.95,-1.13,0.0,Low Risk
22.55,0.23,4.13,77.1,0.72,1.01,1.12,Low Risk
24.08,-0.89,19.77,78.7,1.1,1.31,2.89,Low Risk
26.15,-1.0,7.88,102.1,0.97,0.58,1.09,Low Risk
20.97,-0.01,12.77,83.7,0.81,-0.02,0.0,Low Risk
28.08,0.22,2.52,111.4,0.85,1.67,0.0,Low Risk
32.51,-0.46,9.15,55.7,0.69,-0.19,0.17,Low Risk
23.46,-0.44,4.59,82.3,0.9,1.4,0.0,Low Risk
35.6,0.38,8.97,83.2,0.94,0.92,5.35,Low Risk
30.55,0.38,18.21,91.2,0.89,0.36,0.0,Low Risk
33.15,0.03,17.58,65.4,1.01,2.45,0.0,Low Risk
24.71,0.49,5.25,110.3,0.98,0.89,0.93,Low Risk
32.27,-0.49,14.22,80.2,1.06,0.97,2.29,Low Risk
22.54,-0.08,34.02,60.4,1.24,0.91,14.69,Low Risk
32.45,0.92,11.79,79.7,1.15,0.74,0.0,Low Risk
28.86,0.13,1.93,74.4,1.24,0.42,2.02,Low Risk
30.77,0.16,13.66,130.1,0.79,1.11,3.26,Low Risk
22.12,1.25,1.33,98.9,0.87,0.58,0.0,Low Risk
23.52,-0.6,24.68,80.9,1.16,-0.96,0.0,Low Risk
30.99,0.5,8.72,78.0,1.17,-0.16,0.0,Low Risk
23.26,0.93,5.84,97.1,0.83,1.42,0.0,Low Risk
30.32,-0.06,0.7,98.0,1.15,1.21,2.86,Low Risk
21.16,0.53,5.75,40.0,0.76,-0.33,18.19,Low Risk
32.24,-0.39,28.02,91.6,1.12,0.07,6.02,Low Risk
21.84,-0.24,0.25,80.5,0.99,0.01,0.0,Low Risk
30.76,0.29,7.72,56.4,0.65,1.66,0.0,Low Risk
31.13,0.5,32.11,95.8,0.89,-0.73,8.36,Low Risk
24.52,0.66,6.03,120.4,1.55,0.01,1.16,Low Risk
30.91,0.88,6.71,90.0,1.05,0.56,0.0,Low Risk
29.3,0.07,10.37,99.8,1.58,-0.66,0.0,Low Risk
25.31,0.7,7.46,112.5,0.64,0.57,0.0,Low Risk
22.96,-0.07,2.22,65.1,1.19,-0.34,0.0,Low Risk
18.19,0.55,0.22,46.6,0.37,-0.17,17.71,Low Risk
29.75,0.2,11.29,91.8,1.0,0.08,1.37,Low Risk
20.18,0.32,30.43,75.5,1.16,0.36,8.3,Low Risk
28.48,0.31,1.35,55.3,1.21,0.05,0.0,Low Risk
26.68,-0.7,2.84,78.6,0.8,0.58,0.0,Low Risk
31.4,-0.46,5.55,93.1,1.26,1.5,0.54,Low Risk
26.49,0.15,19.85,77.3,0.87,1.19,1.9,Low Risk
26.35,-0.74,3.76,65.8,0.96,1.71,0.0,Low Risk
31.66,0.52,25.65,76.0,0.89,0.44,2.26,Low Risk
29.68,0.54,0.68,79.6,0.72,0.44,0.0,Low Risk
29.58,0.26,33.95,45.3,6.68,20.13,77.07,High Risk
30.35,-0.46,9.87,77.4,1.01,-0.73,0.0,Low Risk
20.32,0.79,12.9,55.8,1.27,1.33,2.23,Low Risk
31.78,1.12,5.5,91.9,1.26,0.2,0.0,Low Risk
31.06,0.17,18.28,51.9,0.76,0.46,0.0,Low Risk
22.92,0.36,2.19,98.2,1.3,0.84,0.0,Low Risk
26.78,0.2,0.6,72.6,1.13,-0.12,3.89,Low Risk
27.8,0.37,6.04,70.2,0.74,-0.09,0.0,Low Risk
27.33,0.04,23.06,85.3,1.11,0.81,0.0,Low Risk
29.67,0.08,16.87,64.4,0.74,0.85,1.62,Low Risk
35.16,0.55,8.74,85.0,1.4,2.33,6.12,Low Risk
33.41,1.27,10.19,66.8,1.2,0.69,1.38,Low Risk
21.44,-0.6,1.67,70.0,0.98,0.93,1.06,Low Risk
31.11,0.05,22.04,87.3,1.32,2.36,0.0,Low Risk
34.64,-0.49,18.56,59.5,0.6,0.78,2.02,Low Risk
29.93,0.9,12.82,57.2,0.81,0.85,3.4,Low Risk
33.45,-0.19,7.53,84.5,0.94,-1.83,0.84,Low Risk
38.06,-0.62,40.04,79.5,1.56,0.19,15.41,Low Risk
33.12,0.42,25.35,83.0,0.73,0.66,0.0,Low Risk
29.25,0.97,12.41,85.9,3.93,21.71,34.72,Low Risk
33.23,0.43,5.58,81.0,0.64,0.67,2.18,Low Risk
28.72,0.2,11.55,90.9,1.23,1.07,1.68,Low Risk
28.12,0.3,10.28,81.8,0.85,1.24,3.72,Low Risk
26.24,0.81,6.02,43.9,0.96,0.41,18.98,Low Risk
35.82,-0.34,4.4,48.5,3.91,26.22,63.77,Medium Risk
23.91,0.04,6.27,114.7,0.96,0.57,0.0,Low Risk
35.66,-0.13,10.24,80.0,1.05,0.16,5.64,Low Risk
30.5,-0.48,6.71,97.1,1.13,-0.11,2.8,Low Risk
21.0,-0.06,3.67,73.8,0.89,0.27,0.08,Low Risk
29.84,0.65,17.17,79.0,0.96,0.22,1.67,Low Risk
17.5,0.38,9.1,71.8,1.06,0.33,0.0,Low Risk
31.13,0.42,0.84,124.4,1.22,0.13,0.8,Low Risk
32.43,0.17,5.51,84.6,0.8,1.65,3.44,Low Risk
25.04,0.36,25.94,70.4,0.24,0.71,2.52,Low Risk
28.62,-0.3,16.89,50.3,1.17,0.72,0.0,Low Risk
37.77,-0.05,4.69,115.5,1.23,0.83,8.82,Low Risk
25.47,0.2,33.4,77.1,1.05,-0.6,10.95,Low Risk
22.71,0.24,0.96,93.4,1.07,1.31,0.0,Low Risk
35.41,0.26,39.0,95.4,0.86,3.1,27.73,Low Risk
37.81,0.03,3.38,71.7,1.13,-0.27,8.99,Low Risk
28.02,-0.09,0.11,92.1,1.21,-0.04,1.72,Low Risk
33.06,1.68,6.83,69.1,1.01,0.06,2.59,Low Risk
34.71,0.55,5.34,62.2,1.62,0.74,6.66,Low Risk
24.29,0.31,9.29,101.0,0.61,0.39,0.0,Low Risk
25.57,-0.02,19.12,77.2,1.04,0.09,0.41,Low Risk
34.15,-0.13,22.17,89.3,0.71,0.97,6.94,Low Risk
36.43,0.03,6.15,87.4,1.22,0.81,5.32,Low Risk
30.81,0.25,6.74,91.5,0.6,1.48,4.38,Low Risk
23.6,-0.84,1.92,52.0,0.67,0.62,0.0,Low Risk
37.94,-0.68,0.58,69.5,0.84,0.47,8.36,Low Risk
25.35,-0.22,12.3,74.2,1.07,0.15,1.62,Low Risk
26.32,0.2,0.8,65.0,0.85,0.69,0.3,Low Risk
29.71,-0.02,15.88,87.7,0.85,-0.33,0.0,Low Risk
35.77,0.84,9.29,101.4,6.83,59.95,51.47,Medium Risk
32.27,-0.64,2.66,104.2,0.94,1.0,0.68,Low Risk
30.07,-0.28,9.31,73.9,1.37,0.68,0.0,Low Risk
30.32,0.86,2.43,85.3,1.17,0.18,0.0,Low Risk
28.22,0.17,6.93,88.0,0.92,1.81,0.0,Low Risk
30.79,0.54,19.29,91.2,1.52,0.06,0.0,Low Risk
15.35,1.13,7.44,64.2,1.12,-0.18,1.46,Low Risk
26.52,-0.25,1.93,112.8,0.76,0.25,0.35,Low Risk
29.21,0.05,15.44,96.7,1.06,1.16,2.02,Low Risk
22.24,-0.04,2.48,97.1,1.13,1.65,3.72,Low Risk
29.93,-0.88,16.1,101.7,0.83,1.35,0.0,Low Risk
26.98,-0.06,7.83,89.6,0.74,-0.55,0.0,Low Risk
36.78,0.54,7.26,61.5,1.02,0.45,9.07,Low Risk
35.87,0.37,22.88,77.5,0.91,0.12,5.49,Low Risk
25.67,0.41,14.8,50.3,1.37,0.82,0.0,Low Risk
27.25,-0.09,0.4,87.5,1.19,0.27,5.41,Low Risk
27.63,-0.23,4.21,77.0,0.84,1.12,2.5,Low Risk
25.74,0.73,24.57,79.3,1.11,0.14,0.32,Low Risk
28.98,-0.15,0.22,101.7,1.32,-0.18,1.02,Low Risk
24.21,0.25,9.46,71.8,0.65,1.55,0.43,Low Risk
22.35,0.18,15.62,75.5,0.74,0.47,0.0,Low Risk
31.11,0.83,11.67,80.4,1.0,1.21,0.71,Low Risk
31.15,0.59,17.15,46.9,1.01,-0.42,19.72,Low Risk
23.98,-0.55,15.52,75.2,0.99,-0.26,0.0,Low Risk
32.48,-0.49,14.13,40.0,0.92,-0.51,19.95,Low Risk
24.84,0.39,20.68,69.5,0.92,-0.12,0.0,Low Risk
29.27,0.07,12.45,95.4,5.04,55.73,41.92,Medium Risk
32.1,-0.13,6.18,88.1,1.28,-0.11,0.0,Low Risk
27.83,0.61,7.66,69.3,0.88,0.47,0.0,Low Risk
30.27,0.19,15.14,80.7,1.61,-0.3,3.84,Low Risk
25.42,0.13,25.08,60.7,1.49,-0.11,2.92,Low Risk
27.02,0.49,3.81,80.0,1.33,0.67,0.0,Low Risk
26.97,-0.09,5.02,132.7,1.16,2.07,3.26,Low Risk
24.27,0.88,32.04,113.2,1.5,0.88,9.84,Low Risk
27.12,-0.29,10.37,80.9,0.93,0.81,0.0,Low Risk
20.26,0.43,2.37,82.9,6.43,27.9,43.12,Medium Risk
25.54,0.82,13.08,62.4,0.87,-1.08,0.0,Low Risk
26.58,-0.59,56.21,65.6,0.75,0.34,35.9,Low Risk
26.72,-0.07,20.81,86.5,1.03,-0.32,0.0,Low Risk
26.79,0.67,16.43,70.6,1.07,1.32,4.11,Low Risk
27.69,0.68,2.8,96.3,7.77,41.78,44.81,Medium Risk
30.4,0.01,25.06,108.3,1.0,-0.23,0.0,Low Risk
32.37,-0.27,8.95,86.0,1.03,0.48,0.16,Low Risk
24.75,0.58,26.41,81.8,1.43,-0.59,4.3,Low Risk
21.98,0.69,4.8,49.7,1.16,1.16,24.08,Low Risk
22.79,-0.48,0.77,93.5,1.23,1.5,0.0,Low Risk
25.56,-0.5,7.75,59.4,1.05,0.96,0.09,Low Risk
26.24,0.21,3.77,72.5,3.56,52.0,42.0,Medium Risk
24.15,0.41,15.07,97.3,0.55,0.46,2.01,Low Risk
21.52,-0.05,37.79,98.5,1.52,0.9,17.56,Low Risk
25.72,0.44,14.09,71.6,4.35,48.47,45.02,Medium Risk
28.91,-0.26,26.16,72.6,3.98,35.54,38.81,Low Risk
30.98,-0.96,7.24,67.4,1.06,1.5,0.0,Low Risk
25.21,-0.11,17.72,58.4,1.14,1.13,1.89,Low Risk
25.94,0.13,22.22,68.6,1.17,0.04,0.0,Low Risk
23.37,-0.04,14.89,51.0,1.44,1.94,0.0,Low Risk
27.84,-0.48,8.51,92.3,1.38,-0.06,0.0,Low Risk
23.76,-0.81,11.8,87.1,0.8,2.05,0.0,Low Risk
30.87,-0.16,14.47,90.1,1.24,-0.54,0.0,Low Risk
19.07,0.55,3.5,62.8,0.9,0.38,0.0,Low Risk
26.2,0.73,19.9,58.5,0.97,0.86,0.0,Low Risk
29.51,0.69,36.03,81.0,0.73,0.78,14.48,Low Risk
28.92,-0.31,7.51,81.2,0.58,0.65,0.11,Low Risk
41.47,-0.48,14.49,77.3,0.99,1.52,10.03,Low Risk
29.75,0.35,16.03,74.8,0.76,0.85,0.0,Low Risk
22.98,0.42,13.03,110.8,1.23,0.91,3.06,Low Risk
27.52,0.3,9.51,87.7,0.93,0.01,0.0,Low Risk
19.12,-0.91,25.61,115.5,1.08,1.16,1.76,Low Risk
27.6,-0.33,7.15,102.8,1.34,0.15,2.54,Low Risk
23.83,0.09,0.76,110.7,0.63,1.41,0.0,Low Risk
32.58,0.34,22.34,60.7,0.82,1.65,1.27,Low Risk
25.25,0.48,13.45,90.7,1.05,0.56,1.47,Low Risk
27.42,0.17,22.71,72.2,1.08,0.92,2.09,Low Risk
24.82,0.27,1.79,50.1,1.28,0.73,0.0,Low Risk
36.69,0.14,0.37,106.9,1.22,0.44,7.88,Low Risk
26.39,0.44,32.69,74.7,1.02,0.32,10.64,Low Risk
37.16,0.26,1.92,61.0,1.08,-0.41,8.74,Low Risk
32.07,0.13,19.91,72.5,1.08,-0.03,1.09,Low Risk
30.41,-0.03,20.79,65.7,0.63,0.58,0.0,Low Risk
29.84,0.14,14.8,67.5,7.39,27.55,45.02,Medium Risk
29.97,0.34,1.69,76.0,1.06,0.77,1.08,Low Risk
18.36,0.23,13.21,111.2,1.11,1.41,0.0,Low Risk
26.61,0.29,26.39,68.0,0.77,-0.89,3.46,Low Risk
32.23,0.77,6.65,109.9,0.68,1.59,0.0,Low Risk
27.76,0.23,6.4,95.3,0.94,1.03,3.97,Low Risk
20.97,-0.22,7.02,87.1,1.49,1.33,0.98,Low Risk
27.74,0.54,1.03,93.5,0.8,-1.05,0.51,Low Risk
36.52,-0.58,26.71,80.2,1.29,0.18,8.04,Low Risk
34.23,-0.44,24.41,103.1,1.4,-0.34,3.12,Low Risk
27.69,0.27,74.04,90.2,1.01,1.07,43.07,Medium Risk
32.76,0.36,10.56,50.0,0.83,0.91,3.62,Low Risk
26.17,-0.52,16.69,85.3,1.13,1.25,0.0,Low Risk
19.48,-0.09,2.72,94.1,1.05,0.2,0.0,Low Risk
23.38,-0.2,13.21,74.8,0.79,1.16,0.0,Low Risk
35.81,-0.14,12.59,82.3,0.84,0.5,4.92,Low Risk
26.63,0.57,27.78,69.0,1.11,1.44,3.0,Low Risk
26.78,0.45,21.32,55.2,1.23,1.05,0.96,Low Risk
26.5,0.09,33.46,52.1,0.92,-0.08,12.31,Low Risk
37.52,-0.17,24.38,52.3,7.42,52.61,52.82,Medium Risk
36.13,-0.57,24.36,92.0,1.17,-0.61,8.92,Low Risk
39.09,0.81,0.79,40.0,0.96,1.46,31.39,Low Risk
27.2,0.4,22.45,68.0,0.93,1.03,1.1,Low Risk
29.48,-0.25,11.22,66.2,0.81,1.06,0.89,Low Risk
20.42,0.46,5.75,74.9,5.63,31.61,45.15,Medium Risk
35.38,0.06,0.7,46.6,1.67,0.68,22.84,Low Risk
22.16,-0.04,13.59,87.3,0.95,-0.67,1.98,Low Risk
29.08,0.32,4.77,57.1,1.34,1.27,0.0,Low Risk
22.51,-0.27,7.57,100.4,1.42,-0.09,0.0,Low Risk
25.06,-0.07,13.74,68.8,0.95,-0.16,0.27,Low Risk
23.81,0.16,29.13,78.3,1.09,1.1,3.39,Low Risk
24.96,-0.15,20.95,80.1,1.03,0.08,2.63,Low Risk
25.3,0.43,7.19,84.4,0.6,0.63,1.68,Low Risk
25.26,1.03,5.89,80.7,0.61,1.08,0.0,Low Risk
32.17,-0.28,3.29,72.3,1.01,1.06,0.0,Low Risk
22.48,-0.73,5.59,86.2,0.89,1.38,0.0,Low Risk
29.1,-0.9,1.41,88.4,1.47,0.06,0.0,Low Risk
34.09,0.02,42.53,66.2,0.94,0.26,25.43,Low Risk
25.43,-0.23,10.24,87.7,1.49,0.78,0.63,Low Risk
24.41,0.2,1.64,101.5,0.88,-0.53,0.61,Low Risk
26.85,0.17,5.22,92.7,1.48,-0.14,0.0,Low Risk
33.9,-0.7,9.5,96.8,1.13,-0.21,6.93,Low Risk
28.97,-0.81,9.13,83.1,1.14,-1.18,0.0,Low Risk
25.34,0.25,0.43,63.1,0.87,0.07,0.0,Low Risk
30.42,0.17,36.15,65.4,1.14,0.51,16.9,Low Risk
22.49,-0.11,3.87,85.8,1.42,0.63,0.0,Low Risk
31.41,-0.73,0.2,97.0,0.96,0.13,0.0,Low Risk
30.04,0.34,0.95,130.1,0.92,-0.19,0.39,Low Risk
26.46,0.74,10.42,97.7,0.94,0.4,0.0,Low Risk
23.81,0.24,1.78,58.9,1.41,0.09,1.4,Low Risk
23.57,-0.32,0.51,66.2,1.21,-1.39,0.0,Low Risk
30.67,0.12,5.73,121.0,5.97,53.57,44.01,Medium Risk
34.14,-0.58,11.7,76.1,1.08,0.75,3.65,Low Risk
24.81,0.63,1.42,80.9,1.01,0.49,1.59,Low Risk
30.29,0.14,4.51,62.7,1.11,0.65,0.0,Low Risk
17.56,-0.78,6.49,108.2,1.27,0.99,0.0,Low Risk
25.08,-0.05,2.08,89.0,0.94,0.72,2.59,Low Risk
27.84,0.33,8.46,66.1,1.34,0.57,0.09,Low Risk
23.45,-0.07,1.07,62.1,1.09,0.18,0.0,Low Risk
23.32,-0.04,0.57,85.5,0.4,-0.05,0.16,Low Risk
24.66,-0.51,8.8,80.8,1.22,0.55,0.02,Low Risk
29.46,0.38,3.42,95.0,0.68,-0.32,0.51,Low Risk
27.06,-0.22,1.2,89.8,1.21,1.07,0.46,Low Risk
16.81,-0.98,6.62,75.2,1.23,-0.26,0.03,Low Risk
17.4,-0.09,29.6,70.2,1.08,1.62,7.1,Low Risk
24.97,0.59,15.46,77.1,3.56,50.86,38.42,Low Risk
30.29,-0.09,20.29,70.1,1.27,1.41,4.52,Low Risk
15.0,0.97,24.66,77.7,0.88,-0.36,0.14,Low Risk
25.5,0.31,43.18,80.3,1.2,1.82,23.31,Low Risk
25.37,0.27,17.29,63.8,1.29,-0.37,0.0,Low Risk
34.94,0.04,11.25,91.4,1.44,0.46,5.34,Low Risk
26.07,0.07,5.46,73.3,0.72,-0.54,0.0,Low Risk
29.91,-0.03,2.41,64.8,1.1,0.52,0.6,Low Risk
28.71,-0.05,13.93,73.7,0.76,0.39,4.24,Low Risk
17.35,0.37,63.46,84.4,0.75,-1.33,39.09,Low Risk
31.84,-0.37,7.56,81.5,1.09,0.62,2.18,Low Risk
29.08,-0.44,15.43,87.6,1.02,0.92,0.0,Low Risk
30.54,-0.46,8.2,96.2,1.29,-0.19,0.52,Low Risk
47.63,1.12,6.79,103.5,0.91,0.27,27.99,Low Risk
17.58,0.37,6.34,85.1,0.97,0.32,0.0,Low Risk
36.62,0.25,8.43,60.8,1.05,1.82,7.31,Low Risk
26.56,-0.43,5.49,75.2,0.78,0.66,2.97,Low Risk
29.44,0.41,16.58,61.9,0.82,0.06,1.93,Low Risk
27.77,0.04,24.88,110.5,1.28,-0.38,5.44,Low Risk
25.88,0.21,25.74,115.8,0.86,-0.87,0.93,Low Risk
25.15,-0.39,3.1,91.7,1.3,0.4,0.68,Low Risk
29.65,0.18,27.15,95.5,1.15,0.59,4.34,Low Risk
20.41,-0.11,5.01,84.5,0.61,-0.47,0.23,Low Risk
31.75,-0.28,4.44,86.6,1.13,-0.63,1.77,Low Risk
25.92,0.47,15.57,51.2,1.13,0.88,0.0,Low Risk
22.35,-0.67,4.36,78.7,1.11,1.28,0.0,Low Risk
25.75,0.38,0.65,64.1,0.96,0.27,0.0,Low Risk
34.29,0.44,5.61,85.1,0.76,0.91,1.41,Low Risk
25.32,-0.34,15.34,78.9,1.34,0.42,0.0,Low Risk
29.79,-0.31,4.75,115.0,0.97,2.58,0.0,Low Risk
24.35,-0.01,11.92,96.5,0.78,0.43,0.0,Low Risk
31.79,0.24,12.95,85.1,1.11,1.6,0.0,Low Risk
31.43,0.02,15.88,75.2,0.81,0.95,0.0,Low Risk
37.24,0.32,27.29,110.2,0.76,0.07,14.28,Low Risk
27.12,0.98,6.8,79.5,0.91,0.97,0.0,Low Risk
31.34,-0.15,2.18,86.0,0.83,0.45,0.0,Low Risk
28.49,-0.76,4.61,80.8,0.77,-0.32,0.06,Low Risk
34.48,0.51,6.79,72.7,1.2,0.57,4.25,Low Risk
24.41,0.94,15.02,80.7,0.97,0.16,0.0,Low Risk
31.73,0.3,0.16,44.7,1.31,0.46,23.23,Low Risk
27.03,-0.44,4.55,52.1,0.79,0.44,1.18,Low Risk
27.68,0.04,18.16,86.3,0.57,0.32,0.0,Low Risk
28.46,-0.46,13.34,108.2,1.04,-0.26,1.05,Low Risk
29.26,0.42,15.79,86.3,1.46,1.48,3.1,Low Risk
27.42,-0.58,20.04,67.0,1.13,0.44,0.0,Low Risk
29.07,-0.05,18.35,54.0,1.8,0.68,0.0,Low Risk
35.89,-0.4,13.76,94.1,1.08,0.34,5.89,Low Risk
32.93,0.16,6.95,69.8,1.06,0.18,0.0,Low Risk
32.35,-0.08,49.32,91.6,0.46,0.66,35.14,Low Risk
25.72,0.19,10.1,87.0,1.11,1.62,3.29,Low Risk
23.55,0.11,2.72,88.6,1.04,-0.75,0.0,Low Risk
32.78,-0.39,4.16,80.6,0.9,-0.37,0.0,Low Risk
32.38,0.41,14.19,86.9,0.97,0.24,2.17,Low Risk
35.36,0.08,31.04,77.8,0.98,-0.13,16.79,Low Risk
24.98,-0.39,2.36,68.6,0.96,2.11,0.0,Low Risk
26.85,1.22,1.03,62.7,1.52,0.22,1.06,Low Risk
19.8,0.34,25.6,40.0,0.91,0.88,22.13,Low Risk
26.04,0.02,29.62,76.7,1.04,0.27,7.42,Low Risk
32.98,0.81,3.88,107.3,0.9,-1.53,1.94,Low Risk
25.67,1.02,5.68,93.1,1.2,0.17,0.24,Low Risk
31.2,0.03,12.95,84.1,1.04,-0.44,0.0,Low Risk
27.05,0.27,4.8,66.8,0.93,0.76,2.96,Low Risk
29.62,-0.39,25.16,98.0,0.52,0.26,0.41,Low Risk
22.26,0.03,1.37,77.9,1.06,-0.11,4.82,Low Risk
28.43,0.0,0.46,108.3,0.92,0.41,1.89,Low Risk
15.0,0.19,2.81,62.3,0.98,0.16,0.22,Low Risk
27.07,0.27,4.04,66.5,0.7,1.32,0.0,Low Risk
19.85,0.38,1.44,64.7,1.36,0.95,1.13,Low Risk
34.03,0.22,0.82,53.3,1.21,1.89,1.38,Low Risk
31.89,-0.51,16.91,63.1,1.36,1.08,0.0,Low Risk
30.33,-0.37,2.15,81.9,1.29,0.89,0.0,Low Risk
35.61,-0.17,29.43,67.2,1.15,0.98,9.05,Low Risk
23.26,-0.04,5.51,40.0,0.71,1.09,23.52,Low Risk
36.74,0.63,13.33,99.3,1.46,-0.94,4.7,Low Risk
32.66,-0.48,3.06,49.7,0.77,0.91,21.54,Low Risk
26.82,-0.08,3.3,90.6,0.93,-0.78,0.0,Low Risk
33.68,0.58,10.26,80.6,1.18,-1.03,0.0,Low Risk
22.47,-0.05,9.87,118.1,1.19,-0.39,0.0,Low Risk
23.88,0.33,17.57,97.9,1.14,0.7,0.0,Low Risk
24.96,0.03,17.02,70.9,0.9,-0.54,3.04,Low Risk
25.36,0.23,13.33,67.4,0.85,0.91,0.83,Low Risk
22.72,-0.01,7.16,107.0,1.63,1.81,0.43,Low Risk
34.12,0.43,26.56,53.4,0.99,0.25,6.88,Low Risk
26.71,-0.67,11.69,83.4,0.96,0.66,0.0,Low Risk
29.76,-0.08,55.5,77.6,0.82,-0.06,35.43,Low Risk
25.15,0.25,20.54,73.8,1.06,-0.48,0.0,Low Risk
18.9,0.37,0.54,86.4,5.47,44.96,43.56,Medium Risk
29.35,0.85,4.64,83.4,1.0,-0.12,0.59,Low Risk
18.44,-0.1,10.18,88.2,1.1,0.13,0.0,Low Risk
27.66,0.84,15.34,82.5,1.44,-0.08,0.0,Low Risk
21.16,-0.23,9.59,87.5,0.85,-0.57,2.65,Low Risk
37.94,0.76,18.51,81.7,1.01,0.41,9.52,Low Risk
32.56,0.51,3.99,68.1,0.84,-1.04,0.64,Low Risk
28.53,-0.36,2.44,80.1,1.07,0.9,0.0,Low Risk
34.32,0.25,0.67,67.1,0.86,-0.85,1.76,Low Risk
23.77,0.07,10.22,66.0,0.87,0.03,2.52,Low Risk
30.72,0.41,14.0,73.9,0.64,1.43,0.2,Low Risk
29.0,-0.01,4.74,77.9,1.02,1.07,0.0,Low Risk
29.32,-0.05,11.41,80.6,1.11,0.5,0.0,Low Risk
34.36,0.78,0.64,96.5,1.47,2.25,1.77,Low Risk
31.66,0.05,1.25,71.0,1.12,0.57,0.22,Low Risk
29.44,0.51,14.52,83.5,0.89,1.35,0.21,Low Risk
19.73,-0.01,5.51,82.1,0.66,-0.0,1.22,Low Risk
23.2,0.93,13.35,69.0,0.69,-1.81,0.0,Low Risk
27.39,-0.24,21.39,81.3,0.68,0.68,0.27,Low Risk
28.47,-0.21,22.98,98.0,1.47,0.86,1.12,Low Risk
22.35,0.86,2.27,83.4,1.07,0.83,0.0,Low Risk
40.06,-0.12,7.99,84.1,0.85,-0.65,7.23,Low Risk
35.58,0.9,15.89,67.3,0.76,2.88,6.67,Low Risk
31.01,0.55,17.85,115.4,0.79,-0.38,2.17,Low Risk
28.36,0.02,18.43,68.3,0.85,0.58,0.0,Low Risk
26.94,-0.81,3.11,50.0,1.33,0.7,16.36,Low Risk
23.24,0.09,2.57,95.5,0.99,1.16,0.57,Low Risk
28.39,0.15,10.7,77.9,5.74,38.31,40.94,Medium Risk
29.29,0.68,16.22,74.5,3.73,47.41,39.61,Low Risk
21.79,0.89,4.61,70.2,0.71,1.79,0.0,Low Risk
29.67,-0.24,1.33,113.7,0.85,0.13,1.5,Low Risk
27.22,0.5,15.14,86.4,1.33,0.1,0.18,Low Risk
18.46,0.48,4.27,89.9,1.1,-0.31,2.91,Low Risk
23.7,0.64,2.18,82.9,0.88,0.69,0.0,Low Risk
25.93,0.35,1.92,84.9,0.69,-0.21,0.0,Low Risk
37.44,-0.87,4.54,105.2,0.76,1.05,12.69,Low Risk
30.78,0.02,10.78,75.5,0.77,0.11,0.0,Low Risk
21.32,-0.48,5.33,53.8,1.0,0.31,0.26,Low Risk
30.43,-0.0,0.25,95.6,6.44,26.94,43.87,Medium Risk
20.26,0.59,1.22,88.9,0.96,2.22,0.0,Low Risk
33.41,0.25,4.12,81.9,0.99,0.58,1.81,Low Risk
25.64,0.67,12.94,88.5,0.74,-0.42,2.1,Low Risk
27.53,0.27,1.24,73.3,1.07,0.72,0.0,Low Risk
34.63,-0.55,9.87,80.4,1.32,-0.86,0.0,Low Risk
21.56,-1.16,1.53,77.6,0.96,-0.03,0.0,Low Risk
21.01,0.17,2.85,69.4,0.95,0.84,3.77,Low Risk
25.08,-0.01,2.27,101.4,1.02,0.92,0.0,Low Risk
33.19,-0.39,0.84,54.6,1.28,1.22,0.33,Low Risk
20.4,-0.75,13.35,122.5,0.78,1.54,0.88,Low Risk
15.0,-0.27,7.47,95.8,1.36,0.36,0.93,Low Risk
25.74,0.0,21.34,48.0,1.11,1.21,20.97,Low Risk
30.76,0.43,1.25,76.0,1.01,1.14,1.79,Low Risk
34.0,0.19,1.88,77.0,1.3,1.17,2.56,Low Risk
25.68,0.9,4.39,87.1,0.7,-0.69,0.0,Low Risk
25.94,-0.42,17.42,62.2,1.13,0.71,0.0,Low Risk
33.77,0.54,4.38,80.6,1.11,0.27,5.04,Low Risk
18.65,0.12,6.3,77.8,0.77,1.54,0.0,Low Risk
26.06,0.45,4.31,66.7,1.12,0.59,0.0,Low Risk
28.95,-0.12,1.0,64.2,1.07,0.18,0.04,Low Risk
30.25,0.64,33.65,96.5,0.96,0.25,10.8,Low Risk
25.45,0.25,9.54,49.5,1.22,0.21,18.95,Low Risk
28.17,-0.24,18.6,88.6,0.86,0.63,0.81,Low Risk
15.56,0.09,12.89,94.4,1.07,0.76,0.27,Low Risk
24.71,-0.02,8.66,76.1,0.97,0.34,1.9,Low Risk
30.27,0.34,1.13,80.9,0.85,0.24,1.11,Low Risk
23.09,-0.49,12.35,100.9,1.13,-0.26,2.07,Low Risk
28.29,0.09,2.03,67.3,0.95,1.65,0.0,Low Risk
30.23,0.3,6.42,69.2,0.63,0.28,5.21,Low Risk
26.29,0.12,11.9,71.1,0.55,0.69,0.0,Low Risk
28.85,0.77,18.29,101.0,1.2,0.83,1.61,Low Risk
23.19,0.49,13.86,103.3,0.69,0.72,0.0,Low Risk
26.97,0.1,13.36,54.9,1.07,0.13,0.0,Low Risk
31.05,0.21,1.94,98.1,1.01,0.98,3.34,Low Risk
28.78,0.25,5.1,94.7,0.91,1.64,0.0,Low Risk
25.07,0.3,0.53,108.0,4.94,38.35,42.45,Medium Risk
29.12,-0.81,15.25,86.9,1.04,0.85,0.0,Low Risk
31.57,-0.05,36.59,79.2,1.19,1.02,14.86,Low Risk
17.75,-0.64,3.68,100.6,1.07,0.55,0.0,Low Risk
33.8,0.74,1.1,92.6,0.94,0.28,2.04,Low Risk
26.32,0.07,7.75,120.4,1.0,2.03,0.0,Low Risk
30.13,0.0,23.31,97.3,1.36,1.73,0.13,Low Risk
33.99,0.55,9.63,82.8,1.27,0.12,2.95,Low Risk
21.14,0.31,0.57,58.9,1.49,1.41,3.25,Low Risk
24.45,-0.46,43.92,69.5,1.06,0.87,29.38,Low Risk
26.56,0.06,21.17,54.2,0.78,0.6,0.01,Low Risk
24.08,-0.07,1.69,76.1,0.89,1.71,0.92,Low Risk
36.67,-0.77,30.58,96.7,0.7,0.59,12.73,Low Risk
23.72,-0.25,7.19,79.9,1.19,0.7,1.32,Low Risk
25.22,0.01,5.58,98.4,5.74,44.68,50.47,Medium Risk
29.02,0.04,7.42,86.1,0.24,-0.49,0.0,Low Risk
21.99,-0.64,21.59,72.7,1.62,0.72,0.0,Low Risk
26.02,0.68,12.93,81.6,0.86,-0.61,0.49,Low Risk
29.59,0.05,0.73,88.5,0.86,0.97,0.37,Low Risk
26.34,0.12,37.93,82.5,1.42,0.93,18.33,Low Risk
27.53,0.3,1.92,82.7,0.7,1.44,0.0,Low Risk
25.35,-0.29,16.42,66.2,1.28,1.0,0.0,Low Risk
20.43,0.33,12.13,72.2,0.85,2.56,0.0,Low Risk
29.61,-0.08,2.49,120.7,0.67,-0.63,1.66,Low Risk
36.77,-0.35,2.25,102.1,1.43,0.48,11.23,Low Risk
28.09,0.39,24.51,53.5,1.23,1.34,1.07,Low Risk
29.13,0.85,6.53,40.0,1.23,1.41,19.33,Low Risk
31.46,0.46,12.76,81.4,1.09,0.04,1.65,Low Risk
21.65,0.56,8.42,96.1,1.15,1.45,0.0,Low Risk
36.51,-0.16,15.59,70.6,0.69,-0.67,6.71,Low Risk
29.01,-0.7,7.83,98.4,1.03,-0.14,0.0,Low Risk
36.16,0.85,4.07,81.1,6.27,46.3,50.67,Medium Risk
24.33,1.13,5.42,77.1,0.65,0.72,0.0,Low Risk
37.09,0.87,23.51,93.6,1.1,1.5,5.41,Low Risk
31.88,-0.07,7.57,70.4,1.29,1.21,3.4,Low Risk
30.77,-0.48,2.88,74.8,0.9,0.15,0.0,Low Risk
29.17,-0.43,32.73,92.1,0.95,1.51,9.57,Low Risk
26.76,-0.74,19.11,79.4,0.72,0.94,0.0,Low Risk
34.0,0.05,0.69,114.4,7.84,34.19,48.42,Medium Risk
28.7,0.9,82.23,92.5,1.19,1.14,47.9,Medium Risk
18.16,0.03,14.25,91.3,1.2,0.31,0.34,Low Risk
22.41,0.25,2.1,79.1,1.14,1.29,1.11,Low Risk
27.07,0.79,3.25,95.7,0.85,0.77,0.0,Low Risk
29.55,-0.1,14.15,74.2,0.84,1.23,0.61,Low Risk
27.72,1.12,18.16,85.1,1.2,1.69,0.0,Low Risk
34.09,1.1,3.28,63.5,1.2,0.42,1.66,Low Risk
18.24,0.03,3.56,98.7,0.96,1.33,0.0,Low Risk
28.72,-0.19,4.4,85.2,0.89,0.23,0.0,Low Risk
18.91,0.45,10.94,115.7,1.29,0.13,0.77,Low Risk
31.8,-0.07,2.26,123.1,0.91,0.49,0.86,Low Risk
27.53,-0.48,1.32,93.7,1.19,0.49,0.4,Low Risk
30.1,0.74,13.63,81.2,0.97,0.87,0.0,Low Risk
23.68,0.71,18.12,63.0,0.74,-0.4,0.0,Low Risk
34.4,0.18,8.34,96.3,1.4,0.95,2.76,Low Risk
33.21,-0.53,5.43,83.8,1.03,0.38,2.03,Low Risk
30.92,-0.51,6.79,89.7,0.82,-1.01,0.0,Low Risk
27.35,0.15,5.9,111.1,0.65,0.82,0.0,Low Risk
30.9,-0.15,38.62,65.2,0.68,1.63,18.33,Low Risk
24.47,-0.07,17.54,63.4,0.91,1.35,0.71,Low Risk
32.28,0.61,2.8,75.7,1.48,0.5,6.08,Low Risk
36.25,0.47,5.82,94.8,0.85,0.16,6.35,Low Risk
33.35,0.79,9.42,90.0,1.36,1.2,2.05,Low Risk
24.35,-0.4,11.39,63.9,0.97,0.16,1.32,Low Risk
29.81,-0.07,7.58,93.6,0.7,0.47,0.0,Low Risk
21.53,0.48,19.94,58.4,0.88,2.56,0.86,Low Risk
30.86,0.32,17.51,64.9,0.68,1.69,2.61,Low Risk
30.25,0.87,8.44,77.9,0.79,0.36,0.0,Low Risk
18.65,0.31,23.13,70.0,0.78,1.05,3.05,Low Risk
22.19,1.02,16.69,96.0,0.52,1.78,0.39,Low Risk
26.58,0.37,18.09,85.2,1.38,0.87,1.59,Low Risk
26.5,0.63,37.59,111.8,1.05,-0.37,19.69,Low Risk
21.95,-0.06,3.72,75.6,0.83,0.78,2.65,Low Risk
29.94,0.11,3.74,77.8,1.06,0.32,2.27,Low Risk
29.26,0.56,26.37,101.8,0.79,0.34,4.71,Low Risk
27.03,0.91,17.75,78.4,0.33,-0.04,0.34,Low Risk
24.22,0.46,31.33,106.9,1.74,-0.38,7.46,Low Risk
33.24,0.06,0.78,89.7,1.05,0.05,2.07,Low Risk
36.28,0.79,11.86,40.0,0.85,1.11,24.26,Low Risk
25.58,-1.0,1.87,101.2,0.52,1.29,0.0,Low Risk
24.94,-0.61,8.41,96.4,0.63,2.21,0.0,Low Risk
30.46,0.44,2.03,97.1,1.41,0.12,0.0,Low Risk
26.21,0.11,1.64,45.6,1.38,-0.12,21.84,Low Risk
27.3,0.4,0.15,68.1,1.19,1.21,2.67,Low Risk
31.7,0.13,11.94,69.4,0.72,-0.68,0.0,Low Risk
18.45,0.39,5.34,64.9,1.38,-1.09,1.28,Low Risk
34.59,-0.31,1.33,111.4,1.11,1.18,9.2,Low Risk
28.36,0.39,4.68,79.8,1.16,-0.23,2.38,Low Risk
25.94,0.6,2.22,79.3,1.11,-0.04,0.0,Low Risk
27.55,0.71,34.1,89.9,0.62,1.02,14.54,Low Risk
27.81,1.11,4.63,90.2,0.7,0.57,0.0,Low Risk
19.34,0.22,4.88,40.0,0.87,0.29,21.74,Low Risk
35.47,0.24,21.98,68.4,1.16,-0.53,9.84,Low Risk
28.21,-0.66,12.52,54.6,0.65,0.07,0.0,Low Risk
30.22,-0.17,14.86,87.2,0.96,0.11,2.82,Low Risk
32.76,0.0,12.13,74.8,0.96,0.18,0.0,Low Risk
22.89,0.63,35.07,80.3,1.2,0.99,13.13,Low Risk
30.37,-0.21,2.78,42.6,1.17,0.77,16.05,Low Risk
26.66,0.5,54.16,74.4,0.75,0.34,39.5,Low Risk
32.23,0.1,21.33,100.1,1.36,0.61,0.0,Low Risk
17.36,0.01,10.67,105.4,0.71,1.94,0.0,Low Risk
27.5,0.22,13.03,92.9,1.27,0.8,0.45,Low Risk
24.99,-0.1,12.56,56.0,0.86,1.67,4.1,Low Risk
30.16,-0.11,0.72,102.7,1.04,0.05,0.0,Low Risk
30.35,-0.75,2.95,93.0,4.41,30.59,40.27,Medium Risk
24.46,-0.02,39.08,77.9,1.05,0.25,16.86,Low Risk
24.44,-0.14,9.17,43.5,1.17,0.82,23.35,Low Risk
27.45,-0.16,5.7,97.2,1.1,0.89,0.34,Low Risk
23.52,0.31,17.23,69.3,1.2,0.94,3.11,Low Risk
32.21,0.43,8.92,86.2,1.12,-1.37,0.0,Low Risk
26.15,0.22,0.16,81.2,0.68,-0.21,0.0,Low Risk
15.0,0.6,15.99,107.7,1.07,0.71,0.0,Low Risk
26.13,0.39,15.81,77.7,0.86,2.0,2.9,Low Risk
22.81,-0.05,2.17,79.7,0.72,0.1,2.84,Low Risk
19.84,-0.13,37.66,108.4,0.93,2.28,16.42,Low Risk
21.81,0.26,3.04,68.2,1.05,-0.57,1.95,Low Risk
28.55,0.39,7.34,94.7,1.06,0.7,0.0,Low Risk
34.64,0.8,1.46,76.4,1.26,0.37,0.08,Low Risk
29.57,0.7,11.09,62.0,1.33,0.1,1.01,Low Risk
24.97,-0.17,5.65,80.0,1.08,1.22,1.71,Low Risk
30.28,0.05,5.23,92.5,1.13,0.44,2.2,Low Risk
25.7,0.44,21.05,104.4,1.02,-0.7,0.14,Low Risk
24.53,0.63,0.12,106.5,1.19,-1.07,0.0,Low Risk
22.23,0.57,19.19,74.7,1.12,-0.35,0.0,Low Risk
19.24,0.07,10.17,62.2,0.99,1.01,1.81,Low Risk
26.05,-0.53,51.31,74.3,1.54,0.34,36.23,Low Risk
28.79,-0.4,10.68,58.7,0.86,1.33,0.0,Low Risk
27.52,0.24,0.68,76.1,1.36,0.38,0.57,Low Risk
25.92,0.27,0.62,73.9,0.66,0.72,1.45,Low Risk
23.27,-0.45,25.76,93.1,1.2,1.71,2.56,Low Risk
31.04,0.12,22.08,40.3,6.2,51.95,65.0,Medium Risk
21.41,0.42,5.09,66.8,0.52,2.07,2.49,Low Risk
31.88,-0.48,11.55,66.9,1.03,1.04,0.0,Low Risk
22.99,0.65,8.07,101.4,1.18,-0.25,0.1,Low Risk
24.24,-0.09,40.99,60.0,1.06,-0.46,24.26,Low Risk
20.67,0.73,35.94,84.1,1.09,-0.65,15.94,Low Risk
25.49,-0.17,49.5,77.7,1.03,0.53,34.47,Low Risk
32.88,-0.41,24.16,98.8,0.73,-0.8,0.0,Low Risk
30.58,-0.13,28.84,90.7,1.59,1.92,2.79,Low Risk
32.89,0.05,2.94,82.2,0.87,2.29,0.0,Low Risk
30.61,-0.09,21.33,70.0,1.11,-0.78,2.35,Low Risk
22.48,-0.01,14.81,46.7,0.84,0.7,18.7,Low Risk
26.35,0.27,39.49,84.4,0.43,-1.07,20.29,Low Risk
24.1,0.01,10.16,89.5,0.77,1.07,3.98,Low Risk
34.65,0.07,1.07,51.7,0.64,1.25,6.03,Low Risk
22.02,-0.75,10.92,57.8,1.27,0.5,0.0,Low Risk
32.47,0.3,13.92,84.5,7.06,39.84,45.21,Medium Risk
32.46,0.06,2.99,86.1,0.87,-0.03,3.58,Low Risk
37.15,0.91,6.01,62.2,0.73,0.54,7.04,Low Risk
25.95,-0.37,10.95,69.7,1.02,1.07,0.02,Low Risk
31.56,-0.8,5.62,46.9,0.82,0.35,19.62,Low Risk
39.41,0.41,5.64,104.8,1.25,1.48,8.84,Low Risk
24.91,0.27,1.71,56.6,1.08,-0.05,0.0,Low Risk
20.32,-0.4,33.91,89.8,0.86,0.25,11.83,Low Risk
18.6,-0.66,16.66,79.4,1.21,-1.15,1.39,Low Risk
31.56,0.87,0.01,103.2,1.0,2.36,3.89,Low Risk
18.58,0.81,17.41,65.7,7.27,23.11,42.56,Medium Risk
26.14,-1.14,16.16,81.1,0.63,1.39,0.69,Low Risk
30.19,-0.13,0.12,49.4,0.98,0.84,18.34,Low Risk
28.93,0.93,5.54,45.1,1.08,0.5,22.87,Low Risk
30.13,-0.14,11.2,90.7,1.33,-0.21,0.0,Low Risk
29.11,-0.15,7.23,47.9,0.81,0.13,21.62,Low Risk
34.39,-0.04,18.06,75.9,1.57,0.19,2.12,Low Risk
23.24,-0.46,6.65,98.2,1.14,0.08,3.29,Low Risk
24.62,-0.75,2.0,93.4,6.8,51.33,49.84,Medium Risk
24.14,0.63,44.97,68.0,0.79,0.97,30.41,Low Risk
32.15,-0.82,3.33,51.4,1.36,1.02,0.14,Low Risk
32.5,0.22,15.18,89.2,1.31,0.22,0.0,Low Risk
30.26,0.54,1.85,104.2,1.0,0.46,0.38,Low Risk
33.92,-0.63,4.79,68.1,1.04,0.96,3.4,Low Risk
22.11,-0.36,7.0,65.5,0.71,-0.61,4.66,Low Risk
36.34,0.71,2.56,70.6,1.33,-0.79,6.77,Low Risk
35.62,0.37,7.17,90.3,0.75,0.51,4.0,Low Risk
31.68,-0.21,2.05,102.1,1.21,0.24,0.41,Low Risk
36.91,0.7,9.82,57.7,1.34,0.16,6.6,Low Risk
19.72,0.7,13.08,53.0,1.01,0.98,0.0,Low Risk
25.38,0.23,0.77,122.1,1.24,0.18,4.33,Low Risk
24.32,-0.35,24.59,76.8,1.46,0.85,0.0,Low Risk
31.61,-0.11,2.46,84.6,1.07,1.92,1.92,Low Risk
22.75,0.24,3.06,67.5,0.96,2.18,0.0,Low Risk
31.79,0.01,12.99,88.8,0.98,1.19,0.0,Low Risk
34.85,0.57,7.59,97.3,4.66,27.61,44.6,Medium Risk
31.48,-0.66,8.3,85.4,4.68,16.27,34.05,Low Risk
29.42,-0.65,1.65,111.3,1.11,1.74,1.18,Low Risk
23.06,0.19,19.66,74.1,0.96,0.71,0.0,Low Risk
23.77,-0.15,11.52,75.3,1.08,-0.03,0.0,Low Risk
34.25,-0.21,1.75,84.2,0.63,0.17,3.96,Low Risk
31.9,-0.78,5.62,88.4,0.98,1.48,1.16,Low Risk
27.8,0.11,19.95,84.1,1.26,0.07,1.06,Low Risk
25.91,0.07,10.08,56.9,0.72,-0.26,0.0,Low Risk
17.87,0.43,1.38,85.6,1.0,-0.02,0.0,Low Risk
22.65,0.13,5.6,73.3,0.54,0.55,0.28,Low Risk
37.56,0.03,3.34,69.5,0.67,0.32,6.83,Low Risk
21.6,0.69,8.74,80.6,5.81,44.09,45.35,Medium Risk
28.95,-0.56,22.25,62.7,0.92,0.16,1.08,Low Risk
33.04,0.37,6.88,59.6,1.46,2.02,0.47,Low Risk
21.73,-0.74,6.82,40.0,1.11,0.65,21.29,Low Risk
28.92,-0.32,28.29,111.5,1.13,0.99,4.1,Low Risk
32.69,-0.51,10.3,90.0,0.73,-0.64,0.0,Low Risk
28.06,0.49,10.02,77.9,0.9,1.03,2.64,Low Risk
42.34,0.07,3.64,68.0,0.82,1.7,10.22,Low Risk
19.66,0.09,11.23,40.0,0.73,0.75,17.13,Low Risk
33.29,-0.45,10.29,66.9,1.17,-0.46,0.92,Low Risk
27.14,-0.05,6.07,92.9,1.22,1.01,0.49,Low Risk
31.86,-0.28,56.13,97.0,1.1,1.15,37.51,Low Risk
30.21,0.29,25.63,91.6,0.79,-0.06,0.0,Low Risk
24.33,-0.4,16.62,82.9,1.08,1.36,1.24,Low Risk
29.14,0.76,9.25,103.5,0.52,0.86,0.0,Low Risk
18.71,-0.74,7.44,74.1,1.33,-1.09,0.0,Low Risk
31.02,-0.3,2.45,99.5,0.68,0.03,0.0,Low Risk
29.49,0.94,4.38,73.1,0.72,0.23,0.42,Low Risk
31.19,-0.12,17.84,64.1,6.63,25.07,44.36,Medium Risk
33.29,-0.56,7.26,61.9,1.05,0.5,0.17,Low Risk
29.84,0.21,25.67,60.8,0.98,1.13,0.0,Low Risk
28.74,-0.14,1.92,91.9,0.72,1.16,0.0,Low Risk
23.59,-0.32,8.52,66.6,1.28,1.79,0.0,Low Risk
24.44,-0.45,12.49,61.4,0.58,0.77,0.0,Low Risk
33.93,1.48,8.73,92.8,0.63,1.68,2.6,Low Risk
35.18,-0.03,26.4,85.9,0.97,1.24,10.68,Low Risk
26.81,-0.86,54.75,97.3,0.68,1.48,35.4,Low Risk
28.23,0.85,1.48,89.2,1.31,1.78,1.46,Low Risk
23.48,0.41,1.67,66.4,0.71,0.23,1.22,Low Risk
33.86,-0.28,1.68,81.4,1.39,0.44,1.63,Low Risk
31.33,-0.37,13.72,82.3,1.26,-1.18,0.0,Low Risk
37.71,0.44,5.6,63.5,1.31,1.38,7.72,Low Risk
23.61,-0.02,15.86,60.1,1.47,1.32,0.0,Low Risk
26.11,-0.86,6.24,67.7,1.02,0.62,0.0,Low Risk
29.16,0.99,11.85,116.7,0.75,1.14,0.0,Low Risk
31.23,-0.12,17.63,72.6,0.97,1.36,0.16,Low Risk
26.92,0.85,9.53,102.2,0.86,0.52,0.0,Low Risk
23.64,0.74,9.31,71.6,0.82,0.84,0.0,Low Risk
32.41,-0.4,1.11,96.0,1.04,0.49,0.0,Low Risk
31.61,0.62,6.35,96.2,0.92,0.42,0.3,Low Risk
23.42,-0.23,9.47,97.1,6.81,37.9,46.24,Medium Risk
34.78,-0.83,7.44,87.0,0.94,-0.62,2.5,Low Risk
33.85,-0.11,27.73,104.8,1.14,-0.53,6.54,Low Risk
28.67,0.3,28.44,86.8,1.24,0.44,5.23,Low Risk
28.4,-0.13,20.71,110.8,0.6,-0.4,3.45,Low Risk
30.77,-0.05,5.65,50.8,0.92,-0.26,3.16,Low Risk
23.69,0.67,15.16,86.3,0.96,-0.16,1.19,Low Risk
28.15,0.15,6.04,85.1,0.7,0.27,0.0,Low Risk
17.24,-0.32,3.18,63.1,0.97,1.4,2.96,Low Risk
32.38,0.45,5.04,90.4,5.35,56.36,46.52,Medium Risk
20.19,0.2,0.88,53.2,1.13,0.54,0.0,Low Risk
35.52,-1.16,4.84,68.2,1.02,-0.24,9.22,Low Risk
26.35,0.31,7.41,44.0,0.78,0.46,19.37,Low Risk
26.94,0.3,37.34,108.1,1.5,0.0,21.58,Low Risk
24.86,0.11,4.51,75.8,1.21,0.35,0.0,Low Risk
26.56,0.55,27.93,119.0,1.14,-0.74,3.24,Low Risk
35.09,-0.24,3.12,94.5,4.92,27.06,42.74,Medium Risk
15.56,0.27,2.54,88.1,1.06,0.55,0.0,Low Risk
34.38,-0.68,8.78,69.4,1.32,0.62,5.99,Low Risk
29.69,0.3,13.4,61.2,1.01,1.27,0.0,Low Risk
21.96,1.08,0.54,89.4,1.0,-0.63,0.0,Low Risk
22.62,-0.4,3.0,78.7,1.16,-0.37,2.5,Low Risk
36.38,-0.28,7.3,55.9,1.39,1.83,6.89,Low Risk
23.27,-0.26,4.82,52.7,1.38,0.94,0.27,Low Risk
22.23,0.16,14.96,62.7,1.15,-1.04,0.0,Low Risk
33.69,-0.43,8.59,112.8,1.13,0.36,0.51,Low Risk
29.69,0.31,2.1,119.8,1.17,1.35,0.0,Low Risk
23.31,0.52,26.98,83.7,1.25,2.17,0.0,Low Risk
29.08,0.37,4.16,82.7,1.32,1.75,1.6,Low Risk
22.87,-0.78,15.76,73.9,0.94,0.14,1.22,Low Risk
33.5,0.6,18.16,63.2,1.33,0.4,3.09,Low Risk
33.31,0.57,39.61,104.8,1.09,-0.95,19.79,Low Risk
30.66,0.52,8.28,113.7,1.16,0.58,1.41,Low Risk
29.81,0.29,11.48,63.9,1.35,0.66,0.0,Low Risk
36.81,0.21,4.89,78.5,1.19,1.23,9.69,Low Risk
28.0,0.62,13.61,71.9,1.23,-1.26,0.0,Low Risk
22.09,1.06,7.47,72.4,0.9,-0.24,0.16,Low Risk
30.25,-0.38,6.91,101.3,1.37,0.32,1.26,Low Risk
38.43,0.64,23.21,56.4,1.17,1.2,4.87,Low Risk
22.93,0.06,0.62,88.4,1.03,0.18,0.0,Low Risk
26.19,0.04,25.64,93.1,1.28,2.39,0.0,Low Risk
30.08,-0.67,22.93,77.4,1.65,-0.36,0.0,Low Risk
27.73,-0.04,8.47,96.1,0.71,0.11,0.81,Low Risk
23.09,-0.4,8.08,82.7,0.8,-0.37,3.44,Low Risk
33.61,-0.13,5.39,101.9,1.67,0.34,1.8,Low Risk
39.6,-0.45,61.74,52.6,1.11,0.88,41.9,Medium Risk
28.98,-0.12,1.41,73.7,1.05,0.65,1.36,Low Risk
23.48,-0.1,10.71,78.7,0.97,-0.19,0.0,Low Risk
20.26,0.15,13.74,40.0,1.3,1.48,19.99,Low Risk
29.29,-0.71,32.68,60.5,1.65,1.6,9.54,Low Risk
33.52,-0.62,18.18,65.4,0.83,-0.06,0.44,Low Risk
30.38,0.28,12.39,97.1,5.52,28.61,48.4,Medium Risk
27.99,-0.3,1.49,67.3,0.91,-0.38,0.76,Low Risk
25.05,0.64,5.62,65.3,1.18,0.53,0.0,Low Risk
22.54,0.21,1.79,94.7,1.31,0.53,0.0,Low Risk
32.17,0.4,25.57,50.9,1.41,-0.4,1.31,Low Risk
32.57,0.81,16.62,42.7,1.19,0.66,21.6,Low Risk
20.27,-0.05,17.0,73.5,1.63,0.4,0.0,Low Risk
35.95,-0.19,12.68,53.9,0.86,0.84,8.59,Low Risk
30.87,0.54,8.49,54.6,0.79,0.5,0.41,Low Risk
35.0,0.35,1.95,90.3,1.37,1.14,2.65,Low Risk
21.29,0.01,4.8,95.8,1.03,0.98,4.83,Low Risk
21.17,0.8,1.77,94.2,0.66,-0.29,0.87,Low Risk
27.26,-0.01,15.49,100.0,0.92,0.26,3.1,Low Risk
30.51,0.12,2.1,102.3,1.06,-0.15,2.49,Low Risk
36.98,0.11,14.53,41.7,0.84,1.83,31.51,Low Risk
31.53,-0.37,14.14,88.1,0.75,1.26,2.12,Low Risk
26.79,0.14,7.38,70.5,0.95,0.76,1.89,Low Risk
22.87,0.8,1.74,66.5,0.73,0.93,1.53,Low Risk
34.15,0.32,4.54,90.1,4.46,36.22,48.29,Medium Risk
23.18,0.12,4.63,48.9,0.51,0.62,18.87,Low Risk
36.14,0.02,14.46,48.5,1.02,-0.1,27.04,Low Risk
26.58,0.27,1.45,91.4,1.13,-0.03,0.0,Low Risk
35.95,0.47,21.2,88.8,0.98,0.99,7.79,Low Risk
31.39,0.4,17.18,82.5,1.27,-0.36,0.0,Low Risk
27.32,-0.07,2.47,64.2,0.66,-0.06,0.0,Low Risk
25.4,0.26,15.24,93.4,0.82,0.32,0.0,Low Risk
26.3,0.34,13.25,92.2,0.92,-0.71,3.99,Low Risk
30.14,-0.4,16.55,81.5,7.26,31.31,42.52,Medium Risk
28.39,0.18,2.51,58.8,1.05,1.03,0.86,Low Risk
25.03,-0.98,2.06,72.3,1.54,0.84,1.23,Low Risk
27.17,0.34,3.24,95.1,0.8,0.19,2.82,Low Risk
28.39,0.43,5.47,103.9,0.65,1.44,0.0,Low Risk
17.36,0.47,18.94,74.1,1.45,0.83,0.0,Low Risk
30.29,-0.1,16.07,75.5,0.64,1.29,1.92,Low Risk
23.1,0.25,31.16,77.1,1.17,1.34,10.94,Low Risk
22.23,0.81,0.73,84.9,0.76,0.12,0.74,Low Risk
19.56,0.81,0.14,69.5,0.48,-0.21,0.1,Low Risk
19.03,0.09,14.41,40.0,0.91,-0.3,19.93,Low Risk
21.22,0.17,3.93,101.5,1.22,0.55,0.0,Low Risk
24.45,0.66,4.88,112.3,0.69,-1.68,0.0,Low Risk
37.77,-0.65,9.5,69.0,1.14,-0.36,11.96,Low Risk
25.37,-0.06,1.3,60.8,1.19,-0.06,0.02,Low Risk
28.89,0.77,12.35,77.5,0.68,0.0,1.64,Low Risk
30.0,0.59,4.72,76.6,0.94,0.98,0.0,Low Risk
28.66,0.28,12.02,97.9,1.39,-0.65,0.0,Low Risk
27.61,-0.65,21.55,81.0,1.16,-0.86,0.0,Low Risk
22.02,0.08,2.25,65.7,0.93,-0.84,0.0,Low Risk
35.25,-0.19,32.06,56.3,1.1,0.92,17.02,Low Risk
37.04,0.27,9.08,95.6,0.83,0.03,7.82,Low Risk
19.59,-0.3,30.76,90.8,1.28,0.01,11.42,Low Risk
22.88,-0.41,2.79,99.1,1.28,1.89,0.0,Low Risk
26.6,-0.93,11.13,62.6,1.03,0.85,0.0,Low Risk
23.18,0.71,6.21,113.1,1.06,-0.08,0.0,Low Risk
30.53,-0.1,17.86,48.6,0.75,-0.61,21.46,Low Risk
24.36,0.18,11.17,92.8,0.66,2.01,0.0,Low Risk
38.83,0.1,8.19,45.6,0.91,0.69,24.86,Low Risk
33.95,-0.43,29.3,65.8,0.98,0.15,10.22,Low Risk
29.06,-0.53,5.68,108.1,1.27,0.66,3.2,Low Risk
33.13,-0.4,2.98,95.0,1.23,0.17,0.69,Low Risk
33.53,-0.26,11.24,70.2,1.05,0.91,0.0,Low Risk
25.18,0.28,11.74,70.7,1.3,-0.86,1.93,Low Risk
23.92,-0.3,6.94,81.8,0.76,0.18,2.19,Low Risk
28.39,0.97,8.0,89.3,1.27,-0.35,0.0,Low Risk
32.31,0.61,38.49,102.5,0.8,0.44,20.48,Low Risk
28.7,0.5,15.83,71.8,1.31,-0.26,0.62,Low Risk
20.12,0.04,1.41,51.0,1.0,0.02,0.0,Low Risk
23.99,0.86,2.86,82.8,0.5,0.06,3.11,Low Risk
27.63,-0.01,44.55,71.8,1.18,0.71,26.52,Low Risk
27.62,0.08,15.56,56.6,1.2,0.19,3.41,Low Risk
37.86,0.18,29.59,85.4,0.89,-0.31,17.09,Low Risk
21.07,0.45,4.35,76.2,0.91,0.83,1.43,Low Risk
30.53,0.42,16.25,85.5,0.96,2.17,0.97,Low Risk
35.45,-0.14,15.02,63.9,0.52,0.21,6.63,Low Risk
39.36,-0.17,4.19,88.8,0.41,1.54,1.37,Low Risk
25.98,0.42,9.6,56.3,1.33,-0.74,0.0,Low Risk
30.46,0.46,11.85,65.1,0.79,-0.11,3.4,Low Risk
30.85,-0.1,7.87,75.6,1.46,1.54,0.0,Low Risk
28.98,-0.69,21.07,111.4,1.34,0.67,0.0,Low Risk
27.51,-0.0,21.47,94.1,1.39,-0.07,0.0,Low Risk
30.18,0.41,22.81,99.4,5.44,41.04,46.24,Medium Risk
15.34,1.0,19.52,105.5,0.6,-0.33,0.0,Low Risk
31.41,-0.5,8.04,144.9,0.73,0.55,12.71,Low Risk
28.63,-0.11,5.76,80.7,0.89,1.25,0.0,Low Risk
26.89,-0.09,21.36,105.6,0.41,0.79,0.46,Low Risk
38.23,0.78,8.08,98.2,0.88,2.51,7.86,Low Risk
24.63,0.08,3.39,97.9,0.95,0.05,0.0,Low Risk
25.98,-0.35,8.5,111.9,0.68,1.06,0.0,Low Risk
37.96,0.38,1.84,72.5,0.74,1.2,7.4,Low Risk
23.84,-0.1,14.12,71.0,0.94,0.32,0.99,Low Risk
25.25,-0.51,4.91,85.8,1.09,-0.25,0.83,Low Risk
27.26,-0.35,3.62,76.7,0.78,1.43,0.0,Low Risk
32.2,0.97,37.62,85.7,1.07,0.1,20.32,Low Risk
29.04,0.29,18.0,108.1,1.03,1.01,0.06,Low Risk
21.54,0.15,18.56,71.4,1.01,0.84,0.0,Low Risk
25.34,-0.02,11.73,74.5,0.84,0.6,2.64,Low Risk
24.96,0.25,21.93,83.1,0.67,1.58,0.0,Low Risk
27.61,0.24,17.08,75.9,1.42,0.77,0.0,Low Risk
30.13,0.25,10.96,45.5,4.06,43.73,61.79,Medium Risk
30.09,0.16,38.97,69.6,1.25,0.82,20.0,Low Risk
19.12,0.53,2.55,92.4,0.98,0.56,2.37,Low Risk
33.32,0.11,34.46,105.9,0.96,0.2,17.0,Low Risk
29.26,-0.39,6.16,59.2,1.12,0.48,1.24,Low Risk
34.92,-0.21,9.02,59.1,0.54,0.99,2.45,Low Risk
30.22,-0.89,1.57,80.5,0.72,0.88,0.0,Low Risk
33.51,1.11,9.32,42.6,0.8,0.98,21.98,Low Risk
30.33,0.53,11.34,72.0,0.89,3.52,1.12,Low Risk
34.73,-0.32,72.91,48.8,0.78,0.1,65.58,Medium Risk
30.61,-0.04,44.36,104.6,1.08,-0.77,29.98,Low Risk
27.51,-0.22,40.72,66.2,1.02,0.17,23.29,Low Risk
39.36,0.87,5.14,109.8,1.35,0.22,8.94,Low Risk
32.45,-0.61,56.89,100.0,6.05,25.44,80.78,High Risk
30.87,0.16,7.29,68.4,0.68,0.3,0.0,Low Risk
21.62,0.05,22.91,60.7,1.04,1.09,0.0,Low Risk
21.56,0.51,2.93,76.5,1.04,-0.11,0.02,Low Risk
29.46,0.05,8.46,78.1,3.51,27.8,33.55,Low Risk
28.73,-0.78,40.58,86.2,0.73,-0.66,20.29,Low Risk
24.93,-0.03,35.26,66.0,0.77,0.5,11.12,Low Risk
28.7,-0.39,13.81,93.4,1.06,-0.15,2.87,Low Risk
35.94,0.14,19.18,84.8,3.88,59.8,49.99,Medium Risk
31.48,0.82,2.33,73.9,1.04,-1.14,0.0,Low Risk
22.29,-0.77,15.35,67.2,0.94,1.18,2.02,Low Risk
27.44,-0.3,11.55,76.7,1.04,0.19,2.34,Low Risk
23.98,-0.18,1.15,65.3,0.76,0.41,0.0,Low Risk
26.06,-0.09,1.44,81.1,1.04,0.83,0.54,Low Risk
25.93,0.47,1.38,81.5,0.78,-0.08,2.79,Low Risk
25.61,0.01,15.46,84.7,1.04,0.11,0.08,Low Risk
21.72,0.31,1.83,111.8,1.33,-0.91,2.21,Low Risk
27.36,-0.21,7.57,77.6,1.07,0.24,0.33,Low Risk
25.2,0.21,5.3,98.1,1.08,1.73,2.2,Low Risk
15.0,0.49,9.6,84.1,1.2,0.72,2.66,Low Risk
38.26,-0.27,14.71,75.7,0.65,-0.7,2.8,Low Risk
33.44,0.49,13.85,77.9,1.43,0.84,3.11,Low Risk
26.12,0.13,8.7,78.9,0.74,1.52,0.0,Low Risk
28.09,0.62,7.49,85.0,1.22,-0.31,0.55,Low Risk
22.14,-0.0,6.09,62.7,1.19,0.33,0.67,Low Risk
36.48,0.29,23.76,53.6,0.77,0.35,6.74,Low Risk
37.49,0.08,4.82,91.8,1.25,0.6,9.7,Low Risk
28.78,0.05,3.6,96.2,1.12,0.59,1.13,Low Risk
33.12,0.23,16.32,93.4,1.47,1.01,2.24,Low Risk
28.88,0.37,5.35,82.8,1.05,0.4,4.4,Low Risk
21.32,-0.52,22.53,93.8,0.97,1.49,0.0,Low Risk
25.94,0.82,4.77,92.8,0.87,-1.04,0.73,Low Risk
28.66,-0.83,14.53,94.2,0.56,-0.42,0.02,Low Risk
25.73,-0.24,0.55,64.5,0.92,1.69,0.0,Low Risk
26.91,0.05,5.84,60.3,0.93,0.12,0.0,Low Risk
27.54,0.31,5.05,73.0,1.07,0.95,0.0,Low Risk
27.6,0.89,20.36,79.7,0.64,0.4,1.67,Low Risk
28.26,-0.83,40.96,75.6,0.94,1.26,19.82,Low Risk
22.7,-0.15,7.41,46.2,1.14,0.83,17.25,Low Risk
24.41,-0.96,20.9,111.0,1.17,2.61,0.0,Low Risk
21.58,0.12,14.44,75.1,0.54,0.48,0.0,Low Risk
32.89,0.24,41.08,83.1,1.18,0.17,23.04,Low Risk
17.47,0.9,20.0,102.4,0.94,1.52,0.0,Low Risk
33.77,0.16,0.97,40.0,0.95,1.04,24.44,Low Risk
34.93,0.62,14.99,70.8,0.41,-0.15,4.05,Low Risk
26.49,0.39,9.2,73.0,1.37,1.2,1.94,Low Risk
15.0,-0.12,0.2,73.9,1.04,0.66,0.0,Low Risk
26.19,-0.6,3.47,76.9,0.62,0.57,0.0,Low Risk
27.68,0.24,30.57,106.0,1.09,0.85,6.06,Low Risk
22.95,-0.65,31.25,92.1,1.09,1.15,8.71,Low Risk
25.42,0.75,19.24,97.2,1.31,0.65,0.0,Low Risk
35.65,0.02,48.06,80.8,0.92,0.29,39.92,Low Risk
31.32,0.7,19.71,54.8,1.0,2.17,0.0,Low Risk
23.38,-0.14,0.12,42.6,0.84,0.47,23.38,Low Risk
20.01,0.23,4.07,52.5,1.15,1.57,0.0,Low Risk
26.36,0.2,0.37,86.5,0.8,0.05,0.0,Low Risk
26.93,0.08,1.19,80.6,0.78,-0.18,3.68,Low Risk
30.48,-0.12,2.96,76.2,0.98,1.28,0.0,Low Risk
25.32,0.3,8.4,73.4,0.69,0.3,0.0,Low Risk
30.56,-0.36,22.57,116.2,1.4,-1.05,0.0,Low Risk
37.68,-0.5,23.76,65.2,1.48,0.34,7.99,Low Risk
32.08,0.72,11.49,96.7,0.89,0.91,1.09,Low Risk
27.76,0.46,31.6,80.0,0.65,-0.06,10.28,Low Risk
27.08,0.13,8.32,78.9,1.08,-0.16,0.0,Low Risk
26.22,0.93,26.38,101.2,0.88,0.65,0.0,Low Risk
33.9,-0.03,7.26,106.3,3.97,34.11,42.34,Medium Risk
24.86,0.76,3.9,75.7,0.8,0.75,0.0,Low Risk
28.23,0.19,29.78,94.4,1.14,1.33,6.58,Low Risk
28.26,-0.41,5.89,86.6,1.03,1.54,0.24,Low Risk
25.49,1.02,8.4,80.1,0.83,-0.02,2.94,Low Risk
21.14,0.6,4.79,83.7,1.06,1.92,2.65,Low Risk
29.61,0.04,13.05,67.6,1.22,0.97,0.68,Low Risk
27.69,0.46,63.65,74.5,1.02,-0.04,37.75,Low Risk
30.5,-0.1,0.31,69.5,1.02,0.16,4.63,Low Risk
25.33,0.51,27.61,96.2,0.78,-0.06,5.06,Low Risk
34.1,-1.1,0.05,78.3,6.12,31.93,50.89,Medium Risk
23.62,-0.41,5.43,56.6,1.26,1.64,0.0,Low Risk
36.56,0.59,2.22,67.0,0.9,0.67,4.53,Low Risk
19.26,-0.02,16.99,40.0,0.97,1.02,21.02,Low Risk
30.17,0.2,0.62,71.1,1.35,0.58,0.03,Low Risk
30.38,-0.57,9.68,80.7,0.72,-0.71,3.3,Low Risk
24.02,1.02,4.19,77.5,1.15,0.78,0.0,Low Risk
30.12,0.7,1.72,115.6,0.86,1.26,0.0,Low Risk
34.4,-0.0,17.73,90.3,1.44,1.26,6.16,Low Risk
16.92,-0.1,2.94,89.5,1.02,1.37,0.0,Low Risk
30.51,0.61,3.04,50.4,1.32,0.54,0.0,Low Risk
15.53,1.09,3.86,73.4,0.81,-1.39,0.0,Low Risk
23.17,0.58,10.6,71.2,0.69,1.04,2.26,Low Risk
36.15,1.19,12.93,65.9,0.94,0.56,5.86,Low Risk
25.09,-0.36,0.21,65.6,1.07,2.1,0.0,Low Risk
22.13,-0.31,3.32,47.5,0.87,2.02,22.32,Low Risk
27.01,-0.49,6.77,57.0,1.19,1.38,0.0,Low Risk
38.34,0.32,4.84,95.7,0.95,-0.6,6.09,Low Risk
18.84,0.19,25.87,77.4,0.48,-0.39,3.77,Low Risk
22.74,0.02,18.6,70.9,1.14,0.92,0.0,Low Risk
35.49,0.5,11.8,79.9,5.66,30.64,51.68,Medium Risk
37.29,0.72,4.95,101.0,0.91,1.21,10.03,Low Risk
27.48,-0.66,14.47,80.1,1.39,1.24,0.0,Low Risk
21.8,-0.2,22.27,89.7,1.44,1.75,0.0,Low Risk
38.48,0.51,10.84,64.8,0.86,1.37,2.67,Low Risk
35.97,-0.13,18.42,68.9,1.14,0.19,8.13,Low Risk
31.39,-0.3,16.59,86.4,0.86,0.45,0.0,Low Risk
23.94,0.61,10.18,114.1,0.93,-0.18,0.53,Low Risk
27.75,-0.54,4.49,105.7,0.85,0.71,3.87,Low Risk
27.2,-0.05,16.43,90.5,0.57,-1.24,0.0,Low Risk
29.65,0.26,2.78,82.7,1.02,0.27,0.19,Low Risk
35.26,-0.19,18.14,105.2,1.07,1.06,5.14,Low Risk
32.4,0.49,19.59,94.3,0.83,0.99,0.0,Low Risk
22.61,-0.18,20.72,40.0,1.27,1.19,16.65,Low Risk
34.88,0.8,7.68,61.0,7.2,37.44,51.06,Medium Risk
29.57,0.04,2.57,86.1,0.84,-0.53,0.0,Low Risk
31.44,0.44,1.26,47.8,1.13,0.98,20.39,Low Risk
35.33,0.47,16.32,63.8,0.61,-0.26,4.71,Low Risk
22.44,-0.21,26.09,67.4,1.23,-0.44,4.01,Low Risk
27.82,-0.93,12.63,75.4,0.9,0.67,4.81,Low Risk
25.34,0.28,1.87,74.8,1.25,0.48,2.23,Low Risk
20.16,0.14,32.78,74.8,1.32,2.41,6.2,Low Risk
29.73,0.38,54.23,94.9,1.16,0.8,36.2,Low Risk
40.56,-0.01,6.82,75.2,0.8,0.64,9.15,Low Risk
18.8,-0.12,10.84,73.1,0.69,0.05,0.0,Low Risk
27.84,1.1,18.02,55.7,0.64,1.16,2.84,Low Risk
31.2,-0.64,16.0,98.4,1.28,0.48,0.0,Low Risk
28.62,0.47,41.22,67.9,0.97,0.08,20.21,Low Risk
27.43,-0.19,1.46,60.4,0.85,0.33,1.44,Low Risk
21.5,-0.07,10.43,83.8,0.97,0.23,0.92,Low Risk
29.16,-0.06,14.13,66.2,1.27,0.44,0.0,Low Risk
24.22,-0.3,26.5,70.5,1.19,2.3,4.7,Low Risk
17.05,0.39,24.87,84.7,5.64,55.71,41.29,Medium Risk
33.97,0.8,45.8,74.1,1.16,0.35,34.18,Low Risk
32.79,0.34,8.61,121.6,1.05,0.45,0.09,Low Risk
28.26,0.15,21.32,78.7,1.08,-0.62,3.52,Low Risk
29.15,-0.39,6.69,91.1,1.06,-0.94,1.64,Low Risk
33.37,0.36,6.58,45.0,1.0,1.1,21.37,Low Risk
29.12,1.18,3.51,64.5,1.19,1.08,0.0,Low Risk
32.52,-0.09,20.46,60.4,1.09,0.82,0.0,Low Risk
26.51,-0.09,51.07,62.8,0.78,1.69,35.16,Low Risk
34.56,-0.18,3.55,87.5,1.13,0.68,3.95,Low Risk
29.6,-0.14,0.69,98.6,1.06,1.15,2.11,Low Risk
28.97,-1.27,20.28,86.2,1.15,0.44,0.0,Low Risk
21.65,0.3,11.62,75.9,0.97,-1.5,0.73,Low Risk
29.43,-0.32,38.54,68.6,1.2,1.43,18.24,Low Risk
23.84,-0.71,3.49,100.0,0.98,-0.28,3.0,Low Risk
24.81,0.48,0.88,117.3,1.18,0.71,0.0,Low Risk
23.92,-0.44,8.14,82.4,0.89,-0.06,0.0,Low Risk
22.67,-0.07,1.07,96.9,0.9,0.71,0.0,Low Risk
38.62,0.83,3.64,86.2,1.15,1.84,4.82,Low Risk
34.66,-0.6,1.62,93.6,7.32,51.29,48.52,Medium Risk
37.6,-0.67,3.05,59.0,1.55,1.15,8.01,Low Risk
21.89,0.23,1.35,71.2,1.14,0.36,0.85,Low Risk
28.36,0.67,36.92,87.1,1.01,0.27,16.03,Low Risk
21.53,-0.69,3.92,101.8,1.2,0.26,0.0,Low Risk
24.52,0.3,7.04,65.3,6.18,54.87,44.16,Medium Risk
23.41,0.39,27.47,43.4,1.23,0.52,23.01,Low Risk
34.2,-0.93,13.57,71.0,1.22,1.05,2.16,Low Risk
26.02,0.5,11.55,98.2,1.31,0.36,0.0,Low Risk
33.34,0.54,14.67,51.5,0.89,1.31,0.0,Low Risk
31.02,-0.06,21.18,58.8,0.69,1.06,0.0,Low Risk
39.52,0.73,25.21,82.8,0.85,0.59,8.06,Low Risk
20.6,0.67,12.35,77.9,0.93,1.05,0.9,Low Risk
34.3,0.15,26.49,90.7,1.42,1.33,3.85,Low Risk
33.73,-0.13,9.2,57.9,1.55,1.98,3.57,Low Risk
23.13,-0.39,3.9,74.2,1.09,-0.06,0.0,Low Risk
33.04,0.08,25.45,101.5,1.0,1.21,1.89,Low Risk
29.68,0.38,9.36,58.5,0.91,1.05,0.0,Low Risk
26.86,-0.06,28.39,106.6,1.21,1.24,7.24,Low Risk
23.88,-1.0,0.49,60.8,1.55,0.13,3.19,Low Risk
24.4,0.73,6.08,95.3,1.45,0.58,0.65,Low Risk
38.25,0.2,35.43,73.3,1.28,0.12,14.69,Low Risk
28.0,-0.09,3.45,59.4,1.28,0.78,0.19,Low Risk
31.91,0.53,34.07,71.1,1.21,-0.19,11.15,Low Risk
24.05,0.86,36.92,89.8,0.99,1.59,14.02,Low Risk
24.1,-1.3,25.66,79.9,0.82,0.61,2.33,Low Risk
33.41,0.32,9.95,100.1,6.19,52.87,45.12,Medium Risk
21.25,-0.61,12.49,105.8,1.11,-0.03,0.0,Low Risk
25.92,0.35,24.45,58.7,0.64,0.66,0.0,Low Risk
28.17,0.16,17.95,57.4,0.96,0.58,2.13,Low Risk
28.56,0.42,11.93,56.5,0.79,1.03,3.02,Low Risk
27.1,-0.15,48.38,63.8,1.25,1.11,34.21,Low Risk
29.98,-0.84,13.89,99.9,0.86,-0.56,1.62,Low Risk
31.46,-0.13,44.5,90.1,1.08,1.45,24.62,Low Risk
31.67,0.3,0.71,70.2,0.82,1.21,0.0,Low Risk
23.07,0.61,1.8,79.8,1.4,-0.7,1.46,Low Risk
26.58,-0.49,7.21,105.3,0.57,1.65,0.0,Low Risk
33.97,0.61,5.83,114.3,1.12,-0.51,2.15,Low Risk
32.47,-0.22,18.32,84.7,0.68,0.72,0.0,Low Risk
21.14,0.28,2.1,40.0,0.87,0.26,19.4,Low Risk
29.76,-0.15,44.8,85.4,1.05,0.36,27.36,Low Risk
18.11,0.19,4.54,96.8,1.06,0.23,1.0,Low Risk
28.23,0.55,6.72,84.0,1.06,0.92,0.0,Low Risk
37.49,-0.51,3.85,93.1,1.04,-0.21,4.88,Low Risk
23.26,-0.24,10.39,86.4,0.84,1.25,2.46,Low Risk
23.83,0.19,0.73,57.8,0.96,0.93,2.15,Low Risk
31.82,1.3,1.95,64.0,1.01,0.37,0.0,Low Risk
20.29,-0.33,16.44,74.2,1.05,1.2,3.05,Low Risk
24.84,1.12,2.48,99.2,0.98,0.09,0.33,Low Risk
30.98,1.1,3.22,66.2,1.18,0.47,2.27,Low Risk
24.83,0.05,18.9,88.2,5.19,24.74,42.79,Medium Risk
26.82,-0.05,1.18,85.5,1.05,0.05,0.62,Low Risk
31.72,-0.25,6.9,108.6,0.9,-0.2,0.0,Low Risk
30.11,0.07,0.28,79.2,0.74,-0.91,3.34,Low Risk
29.33,-0.6,5.11,48.4,1.04,0.38,19.67,Low Risk
26.3,0.06,14.41,91.6,1.3,0.41,0.0,Low Risk
29.85,0.85,1.13,118.5,1.11,0.74,0.0,Low Risk
27.38,-0.21,26.31,92.8,0.8,0.96,1.59,Low Risk
30.29,-0.02,28.83,65.8,1.2,0.32,8.84,Low Risk
25.52,-0.75,1.33,60.5,0.92,0.9,2.71,Low Risk
27.09,0.29,56.17,62.8,1.18,1.22,36.49,Low Risk
23.05,0.23,4.24,116.1,0.91,1.38,0.0,Low Risk
27.82,0.13,1.05,74.1,1.09,0.96,0.0,Low Risk
23.94,-0.01,0.06,68.1,0.87,0.89,0.7,Low Risk
22.43,-0.05,6.3,77.1,0.88,-0.29,0.65,Low Risk
29.29,0.35,11.92,74.3,0.61,1.15,1.06,Low Risk
29.06,0.09,4.84,108.2,1.13,-0.29,0.0,Low Risk
31.91,0.26,21.75,61.7,1.09,0.76,2.32,Low Risk
25.84,0.21,15.13,101.3,1.11,1.03,0.0,Low Risk
30.04,0.66,5.17,82.2,1.07,0.84,2.46,Low Risk
30.75,0.44,15.91,101.7,0.81,-1.61,0.41,Low Risk
30.22,0.2,33.86,108.5,1.24,1.14,15.26,Low Risk
23.87,0.86,1.17,81.5,1.25,1.71,1.3,Low Risk
28.75,0.31,4.39,74.3,0.8,-0.77,0.0,Low Risk
29.82,0.75,7.47,81.2,1.13,0.64,1.64,Low Risk
28.04,0.4,8.27,78.3,1.22,0.35,2.03,Low Risk
17.57,-0.82,9.38,50.2,0.88,0.54,0.42,Low Risk
28.8,0.75,4.29,107.9,0.93,1.53,0.0,Low Risk
39.06,0.17,13.2,84.4,1.13,0.69,5.34,Low Risk
26.2,0.07,12.43,59.1,0.62,-0.28,2.31,Low Risk
24.36,0.24,10.35,42.8,0.73,-0.03,17.38,Low Risk
29.87,-0.07,1.45,40.0,0.75,-0.12,20.27,Low Risk
29.56,0.21,7.78,93.9,0.55,-1.0,0.0,Low Risk
33.96,-0.2,5.28,68.9,1.27,0.06,6.74,Low Risk
21.71,0.74,8.1,71.8,0.5,1.04,0.0,Low Risk
31.66,0.04,30.59,88.8,1.09,0.77,8.94,Low Risk
30.95,-0.09,7.86,70.7,1.2,0.64,1.39,Low Risk
27.29,-0.36,0.17,89.8,0.93,0.27,0.12,Low Risk
29.69,0.23,6.93,81.7,0.83,0.44,2.76,Low Risk
33.15,0.19,20.62,78.5,1.06,0.93,1.53,Low Risk
32.36,0.29,18.17,51.7,1.0,1.18,0.0,Low Risk
22.28,-0.41,8.64,65.2,1.25,0.74,2.94,Low Risk
32.1,-0.7,3.45,90.8,0.34,-0.37,0.0,Low Risk
27.68,0.41,7.51,67.7,0.77,0.16,0.19,Low Risk
28.36,0.84,9.95,101.7,1.14,0.85,0.0,Low Risk
28.37,-0.41,107.51,122.2,1.01,-0.03,48.11,Medium Risk
27.25,0.89,12.4,91.8,1.19,0.01,0.0,Low Risk
33.96,0.24,14.22,106.9,1.07,1.06,0.0,Low Risk
27.58,0.1,8.11,93.0,0.97,1.13,1.04,Low Risk
22.4,-0.1,5.25,70.4,0.92,-0.27,1.44,Low Risk
26.03,-0.59,20.12,83.6,1.58,-0.58,0.5,Low Risk
28.89,0.59,8.2,116.2,1.38,-0.47,1.22,Low Risk
34.15,-0.29,62.86,70.6,1.12,1.04,41.81,Medium Risk
31.02,-0.29,7.33,61.3,1.02,-0.18,0.4,Low Risk
23.75,0.6,0.85,59.6,1.13,0.07,0.0,Low Risk
40.43,-0.84,13.77,76.1,1.21,-0.49,1.71,Low Risk
29.32,-0.66,0.57,61.9,1.1,0.51,0.0,Low Risk
34.38,0.09,3.46,110.1,0.81,0.31,6.2,Low Risk
27.24,0.25,5.24,83.9,1.45,0.85,0.0,Low Risk
30.67,0.34,16.14,97.5,1.06,0.77,0.0,Low Risk
32.2,-0.05,8.18,74.6,1.5,-1.06,0.0,Low Risk
34.09,1.37,0.35,59.5,1.05,0.78,2.37,Low Risk
33.29,-0.01,11.51,56.4,0.94,0.43,1.18,Low Risk
32.36,-0.02,6.36,63.7,1.35,1.49,0.93,Low Risk
26.42,-0.3,30.59,86.3,1.08,-0.16,4.46,Low Risk
25.14,0.16,8.31,89.4,6.26,55.02,43.28,Medium Risk
29.66,0.41,14.81,90.9,0.7,0.57,2.97,Low Risk
32.67,0.7,2.96,53.2,1.17,-0.18,3.83,Low Risk
26.89,-0.64,17.17,80.0,0.88,1.35,0.0,Low Risk
33.33,-0.02,15.32,61.5,0.89,0.82,6.98,Low Risk
35.26,0.32,28.13,87.2,0.88,0.23,10.68,Low Risk
23.42,0.39,0.41,88.6,1.11,-0.19,2.94,Low Risk
23.82,0.1,7.12,58.9,0.62,1.42,0.18,Low Risk
27.3,0.37,13.64,97.4,0.95,1.19,0.0,Low Risk
29.54,-0.3,1.2,122.1,1.25,0.51,1.91,Low Risk
25.38,0.88,6.34,95.0,0.69,0.49,2.24,Low Risk
34.76,0.6,34.2,77.1,1.04,-0.4,16.48,Low Risk
30.12,-0.57,6.87,74.3,0.84,1.6,0.88,Low Risk
28.2,-0.44,50.72,76.2,0.9,-0.39,29.34,Low Risk
20.82,-0.42,0.7,66.3,1.41,1.22,0.0,Low Risk
21.42,0.44,15.18,84.5,0.59,2.12,2.86,Low Risk
29.41,-0.54,10.44,59.5,1.19,-0.11,0.0,Low Risk
17.34,-0.07,8.33,46.0,0.88,0.1,19.89,Low Risk
33.06,0.33,42.42,84.0,0.87,-0.13,25.74,Low Risk
27.21,0.07,1.67,80.4,0.72,1.49,0.0,Low Risk
44.22,0.23,27.16,69.7,1.19,0.6,19.53,Low Risk
39.54,-0.43,14.1,56.9,0.95,-0.68,1.27,Low Risk
27.09,0.4,3.6,85.2,0.92,-0.36,0.0,Low Risk
27.47,-0.21,27.83,62.2,1.03,1.03,3.68,Low Risk
32.98,-0.06,6.73,77.5,0.96,-0.09,0.0,Low Risk
36.52,0.22,20.2,111.8,0.5,-0.91,6.68,Low Risk
19.81,0.15,5.91,91.7,7.0,40.41,44.85,Medium Risk
19.07,0.11,22.84,55.4,7.07,16.54,48.95,Medium Risk
24.89,-0.28,12.15,57.1,0.62,-0.11,0.0,Low Risk
30.91,-0.05,1.82,82.7,0.73,0.22,1.62,Low Risk
30.48,0.1,12.59,55.2,0.89,0.24,0.0,Low Risk
33.35,-0.59,2.55,44.0,0.82,0.34,26.95,Low Risk
22.0,-0.13,6.37,89.6,0.99,1.59,0.79,Low Risk
16.42,0.29,2.24,85.8,0.73,1.09,0.48,Low Risk
32.29,-0.54,0.27,88.1,0.9,0.97,1.66,Low Risk
23.86,0.68,2.86,84.7,0.99,0.43,0.13,Low Risk
17.91,0.73,9.22,78.8,1.16,-0.11,0.0,Low Risk
28.73,-0.52,7.88,68.1,1.31,1.65,0.0,Low Risk
31.97,0.78,8.35,89.3,0.93,0.49,0.41,Low Risk
27.39,0.03,3.42,107.5,1.47,-0.26,2.51,Low Risk
25.71,0.31,13.87,71.0,0.95,2.91,0.0,Low Risk
27.2,-0.15,14.62,61.6,1.21,0.68,4.43,Low Risk
26.15,0.56,5.32,59.6,1.48,-0.41,0.0,Low Risk
21.26,0.3,25.56,64.4,1.03,1.2,1.4,Low Risk
24.43,-0.31,12.39,83.6,0.66,1.27,0.0,Low Risk
30.61,-0.48,14.98,41.5,1.02,0.18,19.88,Low Risk
29.61,-0.63,3.9,87.9,0.85,-0.21,0.65,Low Risk
28.84,0.19,0.01,91.6,0.93,0.29,0.0,Low Risk
23.02,0.39,24.06,47.6,1.5,1.05,20.36,Low Risk
27.09,0.43,20.74,62.4,0.69,1.14,0.22,Low Risk
17.11,0.04,1.58,81.4,1.08,0.01,1.13,Low Risk
28.89,-0.48,5.62,77.4,0.78,1.63,0.99,Low Risk
35.14,-0.24,12.99,89.4,0.92,-0.72,0.38,Low Risk
20.63,0.68,12.67,77.5,1.19,0.02,0.0,Low Risk
25.07,-0.14,23.62,102.8,1.08,0.4,2.68,Low Risk
29.65,0.17,1.81,74.2,0.94,0.25,1.69,Low Risk
34.26,-0.44,6.74,62.3,0.84,0.09,1.17,Low Risk
25.76,0.27,1.23,60.9,1.08,1.52,0.0,Low Risk
24.54,-0.13,5.92,93.2,1.43,0.39,0.0,Low Risk
18.16,0.62,0.18,80.5,0.77,0.8,0.0,Low Risk
28.52,0.49,27.43,91.4,1.48,0.76,3.07,Low Risk
38.21,-0.15,8.99,91.0,1.3,0.79,0.0,Low Risk
29.39,0.04,22.75,43.6,4.93,26.81,60.2,Medium Risk
27.89,-0.18,0.74,59.5,1.08,-0.94,4.25,Low Risk
29.61,-0.61,3.1,61.6,1.29,1.22,0.36,Low Risk
27.94,-0.33,3.6,65.3,0.75,0.43,0.0,Low Risk
23.93,0.2,5.87,72.4,0.83,0.13,1.5,Low Risk
32.12,0.26,19.49,98.0,1.19,0.13,0.0,Low Risk
29.13,0.17,5.86,101.6,1.07,0.74,1.09,Low Risk
28.09,-0.05,2.75,74.7,0.96,0.1,0.0,Low Risk
23.12,0.57,0.81,75.5,0.37,0.33,0.72,Low Risk
34.52,0.13,0.99,67.3,0.89,1.06,2.05,Low Risk
31.32,0.45,17.13,81.6,0.71,0.66,1.4,Low Risk
25.24,-0.79,7.06,83.6,1.12,-0.2,5.31,Low Risk
33.01,-1.86,15.54,94.5,0.95,0.94,1.82,Low Risk
25.51,0.24,13.76,94.4,0.84,0.26,0.0,Low Risk
24.09,-0.61,1.75,40.0,1.66,1.17,18.7,Low Risk
24.2,-0.01,1.85,77.3,1.26,0.19,0.69,Low Risk
19.14,-0.05,16.89,104.9,1.26,0.62,2.54,Low Risk
30.36,0.89,15.33,72.1,1.55,0.98,0.0,Low Risk
18.84,0.3,5.7,100.5,1.2,-0.19,3.75,Low Risk
21.86,0.18,0.97,74.5,0.81,1.07,1.27,Low Risk
17.62,0.52,0.15,83.1,0.78,1.86,0.0,Low Risk
27.57,0.28,4.08,59.5,1.24,0.88,1.73,Low Risk
27.25,-0.13,0.11,60.2,0.49,0.66,0.0,Low Risk
26.37,0.64,3.14,93.1,0.98,1.21,0.0,Low Risk
22.79,-0.45,6.53,95.9,0.46,1.16,0.0,Low Risk
22.14,0.26,1.55,80.5,1.02,0.61,4.48,Low Risk
30.32,-0.67,1.32,57.9,1.21,-0.25,0.03,Low Risk
25.25,0.2,27.21,80.8,1.07,-0.02,3.46,Low Risk
29.58,0.2,10.57,102.6,5.0,38.67,47.26,Medium Risk
23.57,0.94,32.7,111.4,1.49,-0.52,7.93,Low Risk
28.91,-0.68,5.09,74.3,0.96,1.61,0.0,Low Risk
34.52,-0.2,13.57,50.1,1.7,-0.25,4.48,Low Risk
30.93,0.51,2.75,95.1,1.05,0.46,3.37,Low Risk
25.94,0.27,11.56,75.0,1.24,-0.22,1.77,Low Risk
29.29,0.19,1.67,97.0,0.85,0.97,0.71,Low Risk
26.8,-0.38,0.02,85.1,1.4,1.29,0.52,Low Risk
28.04,-0.2,32.18,64.1,1.26,-0.55,12.3,Low Risk
26.37,0.72,9.71,81.0,1.37,1.03,0.0,Low Risk
27.18,0.07,31.4,103.6,1.01,-0.46,9.56,Low Risk
29.06,0.29,4.87,77.3,0.69,0.18,0.94,Low Risk
23.03,0.04,4.77,61.4,1.12,2.62,0.0,Low Risk
22.92,-0.49,6.14,51.4,0.58,0.72,0.0,Low Risk
21.06,0.57,14.69,66.1,0.92,1.22,0.0,Low Risk
20.0,0.35,10.01,72.6,1.05,0.75,0.0,Low Risk
21.91,1.25,31.14,94.8,1.59,0.37,3.87,Low Risk
28.8,-0.41,0.31,59.8,1.08,0.01,1.35,Low Risk
23.54,0.51,14.78,108.0,1.03,1.68,0.25,Low Risk
30.57,-0.56,4.81,55.9,0.98,2.04,0.0,Low Risk
28.17,0.18,2.38,122.0,0.66,0.54,0.52,Low Risk
18.16,0.59,8.57,111.1,1.02,1.47,0.6,Low Risk
31.27,-0.94,8.44,82.5,1.03,1.2,0.0,Low Risk
32.05,-0.0,1.77,50.3,0.76,0.35,0.0,Low Risk
23.03,-0.18,2.71,79.0,0.7,0.55,1.0,Low Risk
30.1,-0.25,6.29,73.0,0.88,0.15,0.0,Low Risk
23.72,0.29,6.31,57.1,1.02,2.13,0.7,Low Risk
28.49,0.66,4.58,85.2,4.04,38.91,42.46,Medium Risk
21.68,0.03,1.93,65.2,0.74,0.53,3.55,Low Risk
19.03,0.2,0.05,67.1,1.07,0.11,0.76,Low Risk
26.09,0.16,42.17,76.3,1.13,0.91,23.42,Low Risk
27.38,0.1,34.48,69.7,1.03,-0.54,12.33,Low Risk
26.01,-0.44,7.93,117.4,0.86,-0.11,0.68,Low Risk
22.08,0.65,63.7,70.4,1.15,0.34,35.23,Low Risk
26.0,0.25,13.44,87.9,0.95,0.16,0.0,Low Risk
29.35,0.3,0.86,82.6,0.7,0.33,0.0,Low Risk
27.78,-0.3,1.5,86.3,1.26,1.04,0.82,Low Risk
28.91,-0.13,29.74,87.7,1.09,2.05,6.52,Low Risk
24.65,0.01,11.93,95.9,0.97,1.07,0.31,Low Risk
33.86,-0.67,22.23,84.8,0.61,0.38,2.54,Low Risk
22.12,-0.74,27.43,84.0,0.81,1.3,2.96,Low Risk
30.44,-0.2,7.13,81.1,1.5,0.54,0.61,Low Risk
33.91,0.36,0.6,77.5,0.62,-0.99,4.26,Low Risk
30.4,-0.23,2.5,63.6,0.94,1.46,2.14,Low Risk
26.99,-0.41,0.83,78.9,1.0,-0.45,0.0,Low Risk
25.36,-0.31,2.51,84.3,1.08,0.61,2.1,Low Risk
33.18,-0.13,6.34,87.2,0.63,-0.14,4.95,Low Risk
20.89,-0.08,1.51,83.2,1.04,-0.41,0.0,Low Risk
23.15,1.18,2.19,75.8,0.58,0.14,1.58,Low Risk
26.01,0.63,7.08,79.0,1.02,-1.53,0.0,Low Risk
34.19,0.61,4.99,70.0,0.84,-0.06,5.74,Low Risk
29.9,0.68,7.57,85.6,0.78,0.83,0.38,Low Risk
23.16,-0.4,6.73,76.0,1.21,0.79,0.0,Low Risk
26.45,-0.51,12.41,83.3,0.94,-1.0,0.0,Low Risk
24.93,-0.45,33.21,98.0,1.12,1.28,10.35,Low Risk
24.45,0.77,1.37,67.2,1.13,2.4,0.0,Low Risk
32.89,-0.17,1.25,90.7,1.32,1.88,3.59,Low Risk
21.14,-0.53,22.99,80.6,0.7,0.08,0.0,Low Risk
36.04,-0.12,8.47,116.4,1.23,-0.03,5.16,Low Risk
32.14,-0.02,17.45,76.1,7.23,50.82,48.76,Medium Risk
33.45,0.23,2.91,92.5,5.44,46.72,46.38,Medium Risk
25.69,0.23,21.18,80.3,6.67,55.5,42.69,Medium Risk
27.25,-0.31,30.9,55.0,1.15,-0.07,5.52,Low Risk
20.83,0.44,12.11,70.6,0.77,1.17,0.0,Low Risk
25.38,-0.22,1.34,95.8,1.13,1.41,0.0,Low Risk
30.47,0.02,27.08,72.2,1.48,1.28,2.97,Low Risk
34.48,0.44,18.87,40.0,1.24,-0.34,22.48,Low Risk
22.46,-0.22,16.68,79.4,1.35,0.89,0.0,Low Risk
26.17,-0.18,0.45,60.3,0.82,1.67,0.0,Low Risk
27.24,0.4,19.25,82.4,1.19,0.5,0.0,Low Risk
21.02,-0.33,1.78,107.9,0.71,0.74,0.0,Low Risk
30.96,-0.09,3.02,93.9,0.94,0.66,0.0,Low Risk
24.38,0.38,10.33,107.7,1.44,0.28,0.59,Low Risk
27.02,1.13,3.69,69.9,0.85,0.86,0.0,Low Risk
25.74,0.4,12.99,77.4,1.28,1.21,1.18,Low Risk
24.05,0.34,11.24,61.2,1.25,1.54,0.0,Low Risk
27.96,0.37,1.37,67.7,1.27,0.46,0.0,Low Risk
26.92,-0.44,12.81,63.3,0.68,0.55,0.0,Low Risk
26.14,0.16,30.92,56.5,1.13,0.1,6.5,Low Risk
24.36,0.09,2.11,104.6,0.96,1.76,0.0,Low Risk
29.6,0.26,10.91,42.3,1.27,0.15,23.46,Low Risk
36.27,0.16,5.02,104.7,0.59,0.42,6.18,Low Risk
28.7,0.29,7.39,102.4,1.09,0.56,0.0,Low Risk
32.98,-0.06,4.06,89.0,1.06,0.67,3.39,Low Risk
21.05,0.13,5.25,59.9,7.92,20.25,44.95,Medium Risk
28.79,-0.51,0.35,51.5,0.78,0.94,2.16,Low Risk
22.51,-0.06,47.91,70.1,0.54,0.86,33.07,Low Risk
20.62,0.8,11.76,91.3,0.82,0.63,0.27,Low Risk
24.3,0.26,8.33,80.1,1.14,0.79,0.6,Low Risk
33.96,0.09,5.81,61.2,1.05,0.46,3.7,Low Risk
32.75,1.05,9.3,100.7,1.04,-0.65,0.0,Low Risk
29.22,-0.58,5.74,110.3,0.74,1.38,0.24,Low Risk
20.34,-0.45,5.35,75.9,1.28,-0.66,0.56,Low Risk
27.02,0.96,7.48,82.0,1.0,-0.2,0.82,Low Risk
29.51,0.12,3.88,52.8,1.01,1.46,0.0,Low Risk
28.88,-0.02,2.38,72.5,1.24,-0.58,2.41,Low Risk
18.78,-0.5,9.76,89.2,6.85,23.95,45.45,Medium Risk
23.55,0.32,22.2,86.4,1.06,1.95,0.0,Low Risk
27.68,0.37,1.99,70.9,1.11,0.56,0.81,Low Risk
30.68,-0.45,0.4,75.1,0.86,-0.6,2.08,Low Risk
17.02,0.03,3.4,72.0,1.16,1.1,0.0,Low Risk
27.19,-0.07,46.78,75.0,1.12,0.86,28.77,Low Risk
28.72,0.23,21.18,87.6,0.97,0.6,1.63,Low Risk
32.25,-0.46,10.87,44.6,0.97,-1.13,22.3,Low Risk
31.46,0.73,31.78,78.7,7.81,34.55,54.28,Medium Risk
30.91,0.56,7.07,86.3,1.2,1.92,0.0,Low Risk
24.0,-0.08,49.09,69.7,1.02,0.48,35.51,Low Risk
18.46,-0.01,4.22,71.4,1.28,-0.03,0.0,Low Risk
26.03,0.03,3.3,71.9,1.16,0.93,0.0,Low Risk
33.01,-0.29,12.19,71.4,0.55,0.94,1.74,Low Risk
34.97,-0.12,5.7,80.1,0.65,1.01,4.68,Low Risk
31.55,-0.04,11.81,82.3,1.3,0.51,1.87,Low Risk
30.15,0.91,4.37,42.2,0.94,0.94,21.61,Low Risk
29.9,0.57,11.55,91.8,1.04,1.1,3.33,Low Risk
25.22,0.57,3.87,74.8,1.28,2.55,0.53,Low Risk
27.35,0.28,0.63,114.8,7.54,48.56,49.42,Medium Risk
36.35,-0.46,29.18,58.6,7.47,15.05,59.72,Medium Risk
23.29,0.08,25.77,64.4,0.78,-0.72,1.3,Low Risk
36.07,0.59,42.4,76.3,1.09,-0.65,32.61,Low Risk
26.39,-0.53,15.13,87.4,1.15,0.6,0.0,Low Risk
34.63,0.42,13.78,44.9,0.86,0.44,23.38,Low Risk
20.97,1.26,9.82,65.1,0.77,-0.27,0.0,Low Risk
30.93,0.63,1.62,90.6,1.66,-0.29,0.0,Low Risk
24.32,0.81,2.52,62.9,0.98,0.98,1.71,Low Risk
20.92,0.21,4.1,104.7,0.83,0.04,2.21,Low Risk
29.09,0.58,26.5,71.8,1.18,-0.11,3.67,Low Risk
33.05,-0.26,2.28,63.8,0.99,-0.34,0.32,Low Risk
23.78,0.5,30.75,91.0,0.73,-0.15,9.41,Low Risk
20.5,0.43,8.88,108.9,1.12,0.2,2.43,Low Risk
27.54,0.24,15.09,87.5,6.39,52.67,46.45,Medium Risk
27.56,0.76,1.4,102.7,1.39,0.69,0.0,Low Risk
30.74,-0.17,3.76,110.2,1.12,0.16,0.0,Low Risk
32.75,0.01,38.19,63.4,0.93,-0.93,20.71,Low Risk
27.7,0.15,3.71,96.9,1.03,-0.4,2.33,Low Risk
37.28,-0.41,4.22,52.6,1.23,0.09,5.96,Low Risk
29.12,0.21,2.64,87.6,1.05,1.33,0.0,Low Risk
26.27,-0.76,1.66,78.7,1.53,0.42,0.09,Low Risk
19.94,0.62,3.19,102.4,3.89,27.68,32.19,Low Risk
26.69,0.12,12.34,101.1,1.12,1.62,0.57,Low Risk
26.32,-0.16,7.29,90.3,0.77,0.37,0.79,Low Risk
32.8,-0.32,9.68,85.4,0.96,0.49,1.54,Low Risk
30.31,-0.02,1.57,89.2,1.12,0.53,1.99,Low Risk
22.1,0.44,19.44,81.1,0.79,0.55,0.0,Low Risk
28.86,0.37,18.39,78.9,1.32,-0.33,1.42,Low Risk
31.36,-0.25,0.26,106.0,0.76,0.9,0.86,Low Risk
35.64,-0.32,5.8,108.1,0.84,0.58,6.78,Low Risk
32.44,0.43,0.85,77.5,0.86,-0.16,0.0,Low Risk
31.8,-0.26,18.85,84.3,1.19,0.36,1.07,Low Risk
28.3,0.13,16.04,81.5,0.8,-0.99,2.33,Low Risk
29.94,0.16,27.87,51.0,0.55,-0.73,5.9,Low Risk
34.25,0.26,3.24,73.9,1.27,1.21,5.83,Low Risk
21.34,0.53,7.31,108.8,0.89,0.33,0.39,Low Risk
26.25,-0.53,2.45,66.5,0.73,1.56,3.21,Low Risk
24.14,-0.86,5.57,118.1,0.81,0.55,0.0,Low Risk
29.9,-0.18,8.86,101.1,1.43,0.68,0.0,Low Risk
34.15,1.0,0.66,87.2,0.84,0.48,6.74,Low Risk
25.02,1.11,15.06,90.1,0.97,-0.31,0.93,Low Risk
16.05,1.02,9.4,63.5,0.89,0.83,1.83,Low Risk
25.94,0.0,21.19,75.2,0.69,-0.04,0.0,Low Risk
32.57,-0.79,3.81,105.9,0.81,0.75,1.58,Low Risk
30.69,-1.07,28.04,68.9,0.67,-0.17,4.81,Low Risk
30.14,-0.21,79.69,99.1,7.09,37.68,90.07,High Risk
26.6,0.0,30.2,55.2,1.03,0.85,8.4,Low Risk
21.6,0.75,18.06,58.4,1.62,1.48,0.0,Low Risk
30.58,0.53,20.08,114.2,3.75,44.72,44.76,Medium Risk
23.83,0.21,10.23,79.8,0.79,0.46,0.0,Low Risk
38.92,-0.34,2.53,70.3,1.38,1.73,0.11,Low Risk
30.85,-0.38,13.56,104.5,1.26,0.81,1.88,Low Risk
25.1,0.23,14.97,102.4,1.1,-1.35,0.0,Low Risk
24.94,0.45,50.71,96.6,0.72,0.01,35.12,Low Risk
27.54,0.3,9.35,69.7,1.44,0.38,1.57,Low Risk
26.8,-0.42,3.8,74.8,0.98,1.55,0.0,Low Risk
33.58,0.43,13.81,85.6,0.89,0.15,1.04,Low Risk
28.93,0.31,46.58,92.5,1.29,-0.05,31.1,Low Risk
24.34,-0.44,2.34,70.8,5.11,42.12,45.36,Medium Risk
37.45,-0.29,4.73,83.1,0.71,1.53,6.97,Low Risk
28.25,0.44,9.37,84.8,1.01,1.65,0.32,Low Risk
31.84,-0.02,2.24,103.2,0.8,-0.41,0.0,Low Risk
24.96,0.89,0.27,93.6,0.25,-0.64,2.0,Low Risk
29.82,0.35,4.93,52.9,0.78,1.33,0.0,Low Risk
29.56,-0.14,24.06,76.2,0.87,1.54,0.0,Low Risk
18.55,0.09,0.53,63.3,0.71,-0.08,0.0,Low Risk
38.08,0.13,6.72,90.2,1.14,0.31,0.34,Low Risk
34.45,-0.26,17.24,96.6,0.81,0.95,5.61,Low Risk
26.01,-0.36,36.74,81.8,1.12,-0.32,16.76,Low Risk
22.49,0.45,50.78,75.2,0.69,-0.22,36.57,Low Risk
29.74,0.52,6.58,81.2,1.23,0.23,2.89,Low Risk
28.43,0.4,36.04,83.8,0.68,-0.3,13.86,Low Risk
29.78,0.86,0.43,68.5,0.41,2.83,2.91,Low Risk
28.96,-0.17,16.44,58.1,1.31,1.5,0.07,Low Risk
30.53,0.94,12.35,43.1,0.79,0.26,15.41,Low Risk
35.24,-0.35,3.44,102.8,1.44,0.6,5.34,Low Risk
30.84,-0.41,8.49,88.9,1.14,-0.78,0.0,Low Risk
22.75,-0.78,1.66,86.5,1.2,0.82,0.0,Low Risk
34.81,-0.12,24.63,102.8,1.26,1.09,2.24,Low Risk
36.2,-0.15,5.32,57.4,1.03,-0.03,6.17,Low Risk
43.76,0.36,11.8,48.8,1.03,0.14,33.72,Low Risk
22.38,0.22,2.07,86.9,1.32,-0.23,2.54,Low Risk
29.21,-0.5,2.77,85.3,1.03,1.61,2.24,Low Risk
17.59,-0.1,57.87,48.8,5.11,59.66,100.0,High Risk
30.77,-0.09,16.78,86.5,1.15,0.81,0.0,Low Risk
25.26,-0.79,39.23,72.8,0.47,0.61,18.97,Low Risk
37.62,-0.39,4.21,65.5,1.33,-0.5,8.86,Low Risk
24.13,-0.29,2.16,74.0,1.34,-0.07,1.74,Low Risk
19.55,0.82,8.39,40.0,1.3,0.27,22.59,Low Risk
25.64,0.2,8.19,69.4,1.29,-0.04,0.0,Low Risk
18.12,0.43,2.31,67.3,6.4,51.15,47.02,Medium Risk
31.76,-0.65,15.86,90.0,0.97,-0.81,2.01,Low Risk
17.67,0.7,5.39,77.2,0.69,-0.53,5.92,Low Risk
28.14,0.75,2.47,91.5,1.44,-0.0,2.83,Low Risk
17.61,-0.9,4.84,40.0,0.88,-0.76,23.76,Low Risk
26.4,-0.25,9.95,64.9,1.08,1.3,3.98,Low Risk
36.22,0.35,15.56,90.0,1.06,1.41,5.01,Low Risk
29.8,0.42,7.89,74.4,0.66,-0.86,0.0,Low Risk
23.68,-0.24,8.95,95.2,0.56,0.73,2.0,Low Risk
27.84,-0.05,1.8,47.5,6.51,36.28,64.29,Medium Risk
28.09,-0.2,29.54,93.2,0.89,0.49,7.92,Low Risk
30.36,0.16,31.69,68.5,0.98,0.93,9.23,Low Risk
21.17,0.7,13.8,66.7,1.27,-1.15,0.83,Low Risk
30.96,-0.29,0.21,97.8,1.06,1.36,0.67,Low Risk
15.0,0.6,9.24,100.9,1.19,0.92,1.46,Low Risk
24.85,-0.29,11.91,98.6,1.11,1.37,0.0,Low Risk
25.56,-0.32,62.78,116.7,4.83,24.53,76.69,High Risk
31.17,0.51,66.46,102.8,0.75,0.47,39.75,Low Risk
28.11,0.56,23.39,65.7,1.07,0.93,0.24,Low Risk
20.97,0.53,0.79,82.5,1.02,0.85,3.36,Low Risk
23.08,-0.56,36.76,73.5,1.23,1.18,17.33,Low Risk
28.99,-0.13,11.38,116.5,0.96,0.86,0.49,Low Risk
27.6,0.51,19.37,99.9,0.93,-1.06,0.0,Low Risk
25.1,0.12,6.27,76.6,0.94,1.42,1.04,Low Risk
25.6,-0.44,4.62,95.8,0.77,0.12,0.0,Low Risk
31.48,0.33,7.47,57.8,1.36,0.66,0.0,Low Risk
25.41,-0.26,1.91,84.5,1.28,1.74,2.14,Low Risk
27.56,1.0,5.3,63.1,0.7,0.49,0.0,Low Risk
38.85,0.87,23.39,49.6,1.2,0.22,25.64,Low Risk
20.88,0.4,0.46,94.1,0.54,-0.43,0.0,Low Risk
18.74,0.78,1.96,96.4,1.25,-0.57,0.76,Low Risk
31.92,0.13,1.6,88.2,0.83,-0.47,3.42,Low Risk
24.61,0.48,6.19,76.7,1.09,0.47,0.0,Low Risk
26.41,0.84,69.66,57.2,0.52,2.25,37.68,Low Risk
24.09,0.22,2.28,59.1,0.7,0.25,0.81,Low Risk
26.7,-0.03,1.89,62.6,1.12,0.48,0.53,Low Risk
35.99,-0.75,29.59,75.8,0.82,1.05,11.47,Low Risk
32.01,0.06,25.65,99.4,0.79,-0.06,0.0,Low Risk
32.31,0.51,0.39,99.1,5.28,36.43,46.05,Medium Risk
20.92,0.57,16.72,50.3,1.55,0.11,0.0,Low Risk
22.24,0.35,12.79,67.5,1.23,1.48,0.0,Low Risk
15.0,-0.17,17.52,67.0,0.73,0.98,0.0,Low Risk
23.95,-0.89,8.19,40.0,1.44,0.57,19.22,Low Risk
32.78,-0.15,57.04,90.2,3.62,33.54,71.93,Medium Risk
30.58,-0.05,0.54,75.6,0.92,1.26,0.0,Low Risk
26.89,-0.06,3.2,78.0,1.01,0.41,0.0,Low Risk
27.89,0.41,6.06,104.2,1.48,0.09,1.15,Low Risk
24.56,1.09,7.17,81.6,1.23,1.77,1.01,Low Risk
29.02,0.16,30.52,72.2,0.88,-1.19,9.45,Low Risk
31.83,-0.01,9.85,90.3,0.76,1.71,1.05,Low Risk
19.92,-0.03,0.55,99.1,1.25,2.12,0.0,Low Risk
29.5,0.16,6.29,85.3,0.87,-0.21,0.0,Low Risk
32.66,-0.31,6.46,92.4,1.05,-0.03,0.0,Low Risk
25.92,0.16,40.4,77.4,0.66,-0.39,19.86,Low Risk
31.5,0.33,10.97,78.5,1.14,1.2,1.65,Low Risk
42.07,0.2,12.12,82.0,1.12,-0.01,12.26,Low Risk
27.48,0.33,14.99,66.4,0.69,0.4,0.0,Low Risk
29.97,0.32,17.64,69.8,1.26,1.01,0.76,Low Risk
24.31,-0.79,12.1,104.8,1.14,-0.79,1.25,Low Risk
28.91,0.42,3.25,116.1,1.19,-0.73,1.02,Low Risk
30.3,-0.24,24.86,108.7,0.91,0.77,1.79,Low Risk
28.97,-0.45,15.81,56.2,1.04,0.19,0.1,Low Risk
22.9,-0.45,16.25,54.4,1.02,-0.29,0.0,Low Risk
29.03,0.32,68.06,58.6,0.96,0.5,40.56,Medium Risk
35.31,-0.01,19.47,82.4,1.04,0.4,7.0,Low Risk
30.24,-0.74,21.2,40.0,1.31,-0.23,21.52,Low Risk
32.81,0.34,36.29,69.4,1.27,0.63,17.21,Low Risk
26.81,-0.62,1.97,105.3,0.7,-0.3,2.3,Low Risk
31.75,0.17,8.26,97.7,1.25,1.08,3.71,Low Risk
29.4,0.22,10.43,70.8,1.3,0.34,5.12,Low Risk
23.25,0.54,4.79,72.2,0.96,1.97,5.09,Low Risk
29.59,0.99,21.95,90.2,1.13,-0.54,6.43,Low Risk
23.04,-0.58,17.25,96.8,1.12,0.03,2.7,Low Risk
24.84,0.07,15.31,70.4,4.25,56.3,39.66,Low Risk
28.95,-0.04,70.32,75.8,0.9,-0.34,41.52,Medium Risk
29.49,0.32,3.6,69.8,1.19,0.53,0.0,Low Risk
22.05,0.21,15.96,56.0,0.88,-1.08,3.35,Low Risk
33.27,-0.08,9.62,76.0,1.24,-0.36,1.28,Low Risk
30.86,-0.12,4.5,74.7,1.33,-0.25,0.89,Low Risk
24.48,-0.46,2.1,57.3,1.29,0.36,0.0,Low Risk
20.31,0.59,27.15,91.6,1.49,1.29,6.6,Low Risk
27.28,0.33,10.86,88.7,0.98,0.28,0.0,Low Risk
25.77,0.56,20.91,92.5,1.04,0.24,1.41,Low Risk
28.57,-0.06,9.46,66.2,1.08,-0.14,0.0,Low Risk
26.18,-0.23,2.98,44.3,0.98,-0.41,15.73,Low Risk
17.96,-0.44,4.94,88.4,1.14,1.31,0.38,Low Risk
26.06,0.28,5.77,68.0,0.57,0.64,0.0,Low Risk
26.47,-0.42,43.31,64.0,1.05,0.24,22.65,Low Risk
31.17,1.02,0.07,57.4,0.66,1.78,0.0,Low Risk
24.51,-0.55,50.94,75.0,0.76,-1.72,34.5,Low Risk
36.39,0.24,47.22,108.4,1.18,1.32,39.57,Low Risk
18.44,0.88,66.72,70.9,0.95,-0.76,37.09,Low Risk
34.56,0.4,7.77,60.4,1.17,0.61,6.0,Low Risk
26.88,0.19,39.83,91.7,0.94,1.27,19.68,Low Risk
32.3,-0.38,6.04,83.1,1.28,-0.93,0.0,Low Risk
28.4,-0.59,0.32,41.9,0.94,1.49,22.43,Low Risk
33.7,0.49,3.05,91.9,0.51,0.39,4.47,Low Risk
26.06,0.85,34.87,118.3,1.06,-0.14,15.44,Low Risk
22.51,-0.12,0.17,40.0,0.46,0.68,20.46,Low Risk
35.1,-0.47,9.48,57.8,0.64,0.92,2.51,Low Risk
27.43,-1.13,0.94,40.0,0.78,2.4,22.48,Low Risk
29.11,-0.39,4.05,78.6,0.75,0.35,0.06,Low Risk
34.17,0.04,1.11,97.8,0.86,1.18,3.53,Low Risk
22.84,0.9,23.55,81.9,0.74,0.6,0.79,Low Risk
30.98,0.44,10.73,105.1,0.65,0.78,1.98,Low Risk
25.05,0.25,27.89,94.9,1.39,0.3,0.78,Low Risk
27.34,-0.1,13.99,110.6,0.83,-0.11,0.0,Low Risk
28.36,-0.19,42.5,100.9,0.44,0.81,23.59,Low Risk
20.5,0.8,8.56,72.7,0.91,-0.3,2.97,Low Risk
24.11,0.2,12.22,81.2,0.72,-1.1,3.47,Low Risk
34.76,-0.95,10.31,64.4,0.78,0.59,4.72,Low Risk
32.43,-0.24,7.95,75.8,1.18,-0.16,0.0,Low Risk
27.69,-0.33,22.45,81.1,0.89,0.27,0.0,Low Risk
29.22,-0.17,12.41,78.5,4.82,41.18,39.95,Low Risk
26.53,0.38,19.39,104.2,1.11,1.26,2.03,Low Risk
34.78,0.05,18.52,74.1,6.38,18.04,48.03,Medium Risk
27.0,0.06,2.54,63.2,1.13,0.84,2.42,Low Risk
29.16,0.76,12.6,64.3,0.39,0.92,0.0,Low Risk
33.73,-0.25,2.67,91.8,0.72,0.66,2.2,Low Risk
24.11,1.03,10.51,54.7,1.01,1.32,0.0,Low Risk
35.79,-0.24,13.58,76.4,0.94,-0.44,2.5,Low Risk
20.35,0.14,70.69,103.9,0.92,2.07,37.95,Low Risk
36.15,-0.04,0.37,85.3,0.75,-0.22,10.17,Low Risk
26.14,0.16,1.15,78.7,0.65,1.03,0.0,Low Risk
26.79,0.32,0.96,79.4,1.5,1.96,1.5,Low Risk
18.55,0.32,6.1,61.5,1.01,0.33,5.26,Low Risk
25.73,-0.28,20.68,64.6,1.16,-0.08,0.0,Low Risk
22.8,-0.46,22.3,76.5,1.0,1.14,0.92,Low Risk
24.96,1.35,16.03,84.9,1.01,0.04,0.58,Low Risk
27.31,-0.14,27.26,97.1,0.98,-0.19,3.84,Low Risk
32.79,0.45,4.68,81.7,4.68,37.84,46.71,Medium Risk
29.04,-0.7,1.11,104.3,0.62,1.1,0.0,Low Risk
29.54,-0.04,0.72,108.9,4.56,22.63,34.62,Low Risk
22.52,0.04,22.94,94.3,1.05,0.55,0.0,Low Risk
23.6,0.34,15.73,102.0,1.23,0.63,2.8,Low Risk
36.99,-1.26,14.39,62.2,1.18,0.35,9.33,Low Risk
24.32,0.18,4.98,59.3,0.8,0.28,0.0,Low Risk
36.28,-0.47,5.73,89.3,1.28,-0.58,7.57,Low Risk
26.78,0.26,38.07,55.9,1.19,-0.08,18.81,Low Risk
28.01,-0.42,0.79,74.8,1.17,0.49,0.28,Low Risk
33.35,-0.33,17.83,93.9,1.56,2.19,2.27,Low Risk
34.36,-0.04,4.45,105.4,1.51,-0.42,4.16,Low Risk
27.45,-0.43,0.48,75.4,1.17,0.1,0.0,Low Risk
26.06,-0.14,16.28,68.3,1.14,-0.54,0.0,Low Risk
27.72,-0.5,4.82,85.8,1.27,-1.16,0.0,Low Risk
29.69,-0.82,15.37,60.7,0.85,1.61,0.0,Low Risk
32.46,0.61,14.76,76.9,0.86,0.92,1.73,Low Risk
28.02,-0.55,9.18,79.9,1.17,1.58,1.0,Low Risk
31.09,0.01,18.03,79.5,0.79,-1.01,3.31,Low Risk
36.19,0.48,10.44,81.6,1.15,1.01,7.51,Low Risk
29.91,-0.21,4.05,65.0,1.04,2.21,0.0,Low Risk
29.56,-0.31,15.9,66.9,0.79,1.27,0.97,Low Risk
20.41,0.21,10.67,66.6,1.01,0.95,0.0,Low Risk
15.0,0.66,0.15,50.8,1.33,-0.12,0.0,Low Risk
29.94,-0.48,27.83,86.2,1.02,1.67,0.0,Low Risk
27.53,0.02,9.47,96.1,1.02,-0.02,0.78,Low Risk
25.43,-0.77,24.36,94.3,1.08,0.9,1.0,Low Risk
29.22,-0.1,25.72,75.3,1.11,-0.33,3.6,Low Risk
27.7,0.12,7.06,65.4,0.92,0.42,2.89,Low Risk
33.64,-0.33,8.5,93.4,1.09,1.28,3.15,Low Risk
28.43,-0.13,6.45,91.5,0.74,1.22,0.0,Low Risk
24.27,-0.6,7.16,83.9,0.8,0.51,0.0,Low Risk
32.95,0.14,27.06,111.4,0.83,2.22,4.76,Low Risk
26.91,0.63,18.62,79.5,1.12,0.33,1.79,Low Risk
30.63,-0.45,1.62,75.4,1.04,1.42,1.92,Low Risk
25.61,-0.21,11.31,72.8,5.8,57.97,44.13,Medium Risk
24.75,0.35,65.98,51.9,1.17,-0.5,35.59,Low Risk
28.42,0.71,10.86,91.9,1.09,0.34,0.0,Low Risk
28.06,-0.65,18.49,78.1,6.35,35.23,41.13,Medium Risk
30.4,0.02,17.59,89.2,0.74,0.76,0.67,Low Risk
26.66,0.24,5.18,113.2,0.8,0.59,0.0,Low Risk
18.82,0.05,5.58,73.0,0.63,0.99,0.0,Low Risk
25.84,-1.14,15.45,40.0,1.04,0.49,20.96,Low Risk
31.97,0.35,8.32,88.7,0.78,0.26,0.0,Low Risk
26.51,0.86,10.14,83.0,0.88,0.56,3.85,Low Risk
26.77,0.16,14.98,66.8,0.97,1.4,0.0,Low Risk
32.93,-0.42,18.04,87.2,1.26,1.32,0.0,Low Risk
24.44,-0.16,3.8,94.1,1.23,1.52,0.0,Low Risk
20.29,0.98,1.91,63.0,0.99,-1.31,1.07,Low Risk
27.2,0.55,4.14,74.6,1.32,1.36,1.27,Low Risk
25.58,0.42,8.5,106.6,4.46,49.64,46.23,Medium Risk
23.17,0.28,5.03,67.0,1.47,2.14,0.0,Low Risk
27.12,-0.23,10.08,81.2,1.17,0.08,0.0,Low Risk
30.46,-0.0,0.66,40.0,1.03,0.26,23.35,Low Risk
27.95,0.06,8.55,53.3,0.78,0.71,0.0,Low Risk
29.53,0.37,5.51,82.8,0.89,-1.43,0.0,Low Risk
37.07,0.85,9.18,102.1,1.15,-1.69,10.37,Low Risk
26.29,0.66,6.59,55.5,3.93,18.52,28.77,Low Risk
29.39,-0.61,4.01,81.3,5.34,38.17,44.17,Medium Risk
25.45,0.21,28.13,73.2,0.82,-0.57,6.86,Low Risk
23.77,0.47,2.45,97.2,0.77,0.93,2.65,Low Risk
25.08,0.41,13.72,58.1,1.05,-0.77,2.7,Low Risk
25.61,-0.21,31.03,87.7,1.19,1.06,9.92,Low Risk
29.8,1.56,9.28,68.2,1.0,-0.19,4.03,Low Risk
39.75,-0.54,25.09,84.0,1.37,-0.23,3.68,Low Risk
24.42,-0.44,1.6,81.2,1.01,0.79,0.66,Low Risk
25.92,0.22,8.17,75.5,1.0,-0.49,0.02,Low Risk
27.68,1.16,7.33,88.6,1.17,1.89,0.0,Low Risk
29.98,-0.32,0.1,80.8,1.3,0.42,0.0,Low Risk
29.32,-0.03,7.03,77.6,0.66,0.49,0.0,Low Risk
34.42,0.64,5.53,73.6,0.72,1.01,5.54,Low Risk
15.87,0.09,13.3,81.4,0.92,1.36,0.0,Low Risk
16.07,-0.07,33.43,84.0,1.79,0.08,10.09,Low Risk
25.52,0.38,1.08,62.2,0.93,1.05,4.06,Low Risk
33.49,0.24,4.76,73.7,0.97,1.1,4.62,Low Risk
20.17,0.62,7.05,61.0,1.15,1.67,0.0,Low Risk
15.0,0.75,7.29,79.3,1.24,0.12,1.14,Low Risk
30.86,0.25,17.89,69.3,1.04,1.1,0.0,Low Risk
29.22,0.25,7.03,93.9,1.29,0.96,0.0,Low Risk
22.55,0.21,0.33,92.1,0.7,0.84,2.5,Low Risk
23.07,0.34,14.86,63.4,0.81,-1.27,0.54,Low Risk
23.15,0.13,25.94,80.0,1.29,1.51,0.0,Low Risk
28.55,0.1,8.66,91.5,1.0,1.33,0.73,Low Risk
24.87,0.7,10.44,76.8,0.68,1.03,1.27,Low Risk
30.47,0.86,2.13,66.9,0.67,0.01,3.39,Low Risk
15.0,-0.65,2.99,60.3,0.8,1.82,0.58,Low Risk
23.72,0.11,3.22,95.4,1.0,0.45,0.12,Low Risk
22.37,-0.24,6.76,96.2,1.12,0.89,1.03,Low Risk
26.72,-0.06,31.6,76.3,0.92,-0.42,7.13,Low Risk
25.31,0.3,8.85,93.8,1.1,0.25,5.45,Low Risk
31.99,0.43,2.56,40.0,0.89,0.55,23.93,Low Risk
18.7,0.04,3.71,103.9,1.31,-0.2,1.94,Low Risk
28.23,-0.86,5.81,77.2,1.64,-0.03,0.63,Low Risk
30.79,-0.38,11.71,82.6,0.9,0.93,0.0,Low Risk
37.28,0.55,6.96,74.2,1.12,1.34,7.98,Low Risk
25.59,-1.27,5.98,105.1,1.1,-0.67,1.0,Low Risk
29.62,0.69,9.98,60.9,1.03,2.34,0.0,Low Risk
18.98,0.36,3.32,106.5,4.46,52.88,43.91,Medium Risk
16.04,0.76,0.99,87.1,1.12,-0.33,0.0,Low Risk
32.22,0.0,0.3,91.2,3.6,41.85,36.65,Low Risk
27.97,-0.93,3.47,74.1,4.25,57.06,48.37,Medium Risk
33.89,0.32,1.15,56.5,1.05,1.28,2.51,Low Risk
21.13,0.74,4.92,96.7,0.9,-0.18,2.7,Low Risk
30.6,0.56,17.79,85.6,1.61,0.86,0.0,Low Risk
37.34,-0.23,15.12,104.5,0.97,2.55,7.33,Low Risk
30.1,0.14,11.33,76.5,1.06,-0.18,0.09,Low Risk
29.38,-0.17,22.97,72.5,6.83,44.58,45.41,Medium Risk
28.04,-0.31,3.98,105.0,0.97,-0.12,0.0,Low Risk
20.15,0.58,25.96,114.4,1.11,-0.34,2.05,Low Risk
34.78,-0.5,6.11,80.2,0.79,0.3,1.94,Low Risk
24.95,-0.35,6.15,66.5,1.15,0.48,3.7,Low Risk
30.52,-0.45,6.24,94.6,0.56,0.36,0.0,Low Risk
20.18,-0.65,1.24,75.4,0.68,0.44,1.73,Low Risk
22.1,0.17,44.5,90.8,1.46,2.26,26.18,Low Risk
35.18,0.68,1.79,75.3,0.69,1.87,7.29,Low Risk
26.26,0.01,5.0,108.2,0.51,0.64,0.0,Low Risk
35.27,-0.65,4.62,67.4,0.69,0.58,4.79,Low Risk
27.61,0.52,0.93,88.6,1.44,1.66,0.0,Low Risk
18.79,0.94,1.98,71.2,0.55,1.09,0.0,Low Risk
32.46,-0.22,0.55,74.9,0.76,0.71,0.0,Low Risk
25.05,-0.14,4.15,72.6,0.64,2.3,0.0,Low Risk
31.49,0.36,24.18,93.3,0.93,-0.19,0.7,Low Risk
28.13,0.91,4.98,96.5,0.89,0.49,1.09,Low Risk
20.28,-0.16,1.58,90.0,0.88,0.39,0.0,Low Risk
28.82,-0.57,12.45,78.1,1.46,0.87,0.0,Low Risk
38.98,0.42,68.21,82.5,7.0,17.64,89.84,High Risk
30.46,0.5,3.17,96.2,0.97,0.88,0.16,Low Risk
27.71,0.1,3.93,96.7,1.08,0.28,0.77,Low Risk
33.38,-0.18,42.84,40.0,0.75,1.33,49.13,Medium Risk
29.05,0.6,2.36,75.1,1.12,0.25,0.67,Low Risk
29.05,0.36,8.59,76.0,0.9,0.04,0.0,Low Risk
22.54,-0.28,3.29,92.0,1.09,1.05,1.39,Low Risk
29.17,0.12,32.32,78.8,0.97,0.59,12.21,Low Risk
33.18,-0.58,47.89,92.9,0.49,0.29,30.66,Low Risk
23.82,0.44,20.23,60.6,1.33,0.34,0.94,Low Risk
35.12,-0.03,4.54,84.7,1.52,0.11,7.32,Low Risk
27.54,-0.12,6.2,96.2,0.96,2.15,0.0,Low Risk
23.56,0.08,3.33,53.5,0.78,0.94,1.39,Low Risk
32.99,0.12,26.57,125.2,1.38,1.11,2.28,Low Risk
26.57,0.55,29.52,101.4,1.47,0.92,5.73,Low Risk
31.8,0.4,6.51,80.0,0.96,0.73,0.0,Low Risk
26.54,0.02,12.82,65.1,0.95,0.16,1.25,Low Risk
27.7,0.48,2.17,76.8,0.98,-0.05,1.53,Low Risk
30.47,0.3,6.85,81.5,0.58,0.16,0.84,Low Risk
29.45,-0.11,11.98,87.9,0.93,1.03,1.19,Low Risk
18.02,0.04,5.84,107.0,1.43,0.15,1.45,Low Risk
22.39,0.03,5.31,71.4,0.96,1.54,2.72,Low Risk
32.65,0.35,0.01,90.1,0.74,1.86,0.0,Low Risk
27.34,-0.08,19.57,56.7,1.12,-0.88,0.0,Low Risk
25.38,-0.1,26.42,72.6,0.83,1.78,1.16,Low Risk
21.21,1.08,41.87,86.8,0.98,-0.39,22.81,Low Risk
22.6,0.57,15.24,92.4,0.68,0.29,1.64,Low Risk
17.89,-0.28,9.55,66.4,0.74,0.62,0.0,Low Risk
27.49,0.39,3.76,72.1,4.52,32.49,41.72,Medium Risk
25.01,0.16,87.16,106.3,1.03,-0.05,48.84,Medium Risk
23.17,0.3,10.69,100.9,4.88,46.49,45.03,Medium Risk
27.66,0.17,13.72,83.8,1.03,-0.48,1.14,Low Risk
29.82,0.69,13.76,40.0,0.85,-0.51,18.58,Low Risk
38.47,0.27,22.39,125.2,0.8,1.98,3.97,Low Risk
20.44,0.07,0.12,79.6,6.38,21.02,44.82,Medium Risk
33.8,0.62,2.99,74.4,1.2,1.31,1.56,Low Risk
32.87,0.22,13.14,70.6,0.99,2.04,1.41,Low Risk
24.1,0.16,27.06,86.8,1.04,1.15,4.57,Low Risk
29.02,0.26,13.88,87.0,1.0,0.1,0.0,Low Risk
25.71,0.05,6.4,97.1,1.12,0.02,0.0,Low Risk
28.93,0.1,5.38,63.3,0.8,0.93,0.0,Low Risk
35.55,-0.19,16.07,74.4,1.22,1.06,5.86,Low Risk
31.03,-0.28,16.22,116.5,1.09,0.71,0.41,Low Risk
30.54,-0.4,11.21,84.0,0.93,1.12,0.39,Low Risk
25.85,-0.6,4.13,76.9,0.88,0.41,0.0,Low Risk
20.58,-0.34,31.11,63.1,1.21,0.51,8.26,Low Risk
26.96,0.01,9.63,89.1,7.57,53.2,47.53,Medium Risk
34.03,0.15,18.76,98.6,0.83,-0.19,4.2,Low Risk
20.36,-0.04,2.89,95.7,0.9,-0.21,2.41,Low Risk
22.72,-1.08,5.06,75.3,1.19,0.21,0.83,Low Risk
28.63,0.89,24.91,86.5,0.6,1.09,0.44,Low Risk
23.08,0.64,0.62,110.1,0.91,0.53,2.88,Low Risk
24.04,0.32,8.62,99.3,1.27,0.16,0.0,Low Risk
25.88,1.05,7.89,65.9,0.96,0.29,0.0,Low Risk
21.17,-0.39,16.69,40.0,1.07,-0.95,23.47,Low Risk
23.13,1.04,3.97,85.3,1.27,0.07,1.81,Low Risk
31.52,-0.38,2.97,94.4,1.22,1.11,0.0,Low Risk
21.46,0.22,31.27,60.4,0.89,-0.42,7.5,Low Risk
20.01,-0.54,10.18,79.8,0.97,-0.75,0.0,Low Risk
24.85,0.11,1.33,75.3,1.23,-0.48,0.0,Low Risk
31.66,0.29,2.57,81.9,1.23,0.11,1.85,Low Risk
27.02,0.02,80.97,70.2,0.98,0.45,39.94,Low Risk
25.68,0.46,2.61,103.2,0.99,0.69,2.19,Low Risk
28.22,0.15,11.31,82.7,1.07,1.06,1.42,Low Risk
19.27,-0.16,6.54,64.2,1.34,0.3,0.0,Low Risk
30.47,-0.18,26.02,96.5,1.27,1.08,1.54,Low Risk
29.92,0.51,16.89,57.2,1.17,-0.46,0.0,Low Risk
25.95,-0.23,10.9,103.1,0.73,1.46,0.0,Low Risk
33.03,0.56,0.13,97.8,0.93,0.79,2.13,Low Risk
22.36,0.71,25.42,105.0,0.94,-1.11,1.67,Low Risk
33.64,-0.73,7.06,77.2,1.35,0.59,4.0,Low Risk
28.77,0.67,32.18,71.1,0.94,2.35,6.48,Low Risk
26.32,1.13,8.21,81.5,1.31,2.14,0.0,Low Risk
27.9,0.23,14.22,78.5,0.86,0.49,1.24,Low Risk
27.46,0.4,0.86,68.3,0.88,0.98,1.94,Low Risk
34.1,0.62,16.41,70.0,1.12,-0.39,3.66,Low Risk
22.62,-0.04,4.95,73.4,1.39,-0.52,2.16,Low Risk
24.19,0.19,5.19,58.9,0.95,0.35,0.39,Low Risk
33.18,-0.56,1.52,92.2,0.36,0.11,2.83,Low Risk
25.02,0.17,1.91,79.1,0.61,0.62,0.0,Low Risk
32.5,0.35,2.47,74.4,1.07,1.0,2.21,Low Risk
36.5,0.36,4.77,60.0,0.63,0.97,4.13,Low Risk
25.99,0.63,26.7,59.1,0.78,1.32,0.34,Low Risk
31.41,-0.29,5.51,114.8,1.0,0.91,0.0,Low Risk
22.23,-0.17,15.46,68.7,0.39,1.4,3.36,Low Risk
31.77,1.05,1.04,91.0,0.91,1.32,0.0,Low Risk
29.0,0.02,10.73,82.9,0.71,0.35,0.9,Low Risk
30.37,0.2,7.89,40.0,0.63,-1.14,21.12,Low Risk
24.77,0.07,45.78,112.3,0.8,-0.48,30.15,Low Risk
19.69,-0.31,22.47,92.3,0.73,0.97,0.0,Low Risk
30.52,0.91,7.28,66.2,1.12,0.63,0.74,Low Risk
17.68,-0.16,17.91,79.5,1.3,2.13,0.0,Low Risk
26.41,-0.46,2.57,59.3,0.91,-0.76,0.0,Low Risk
32.71,-0.13,9.92,112.9,0.85,1.21,4.46,Low Risk
28.96,-0.9,0.93,63.7,0.9,0.49,0.0,Low Risk
37.74,-0.23,5.13,70.6,0.72,-0.14,8.22,Low Risk
33.13,-0.38,3.07,66.9,0.68,1.92,3.82,Low Risk
24.73,0.41,15.23,81.4,0.59,-0.38,1.68,Low Risk
28.14,-0.24,8.08,104.7,0.67,0.77,0.0,Low Risk
27.76,0.54,16.69,112.2,1.41,1.5,0.72,Low Risk
20.09,0.8,8.69,72.8,0.83,-0.17,1.18,Low Risk
23.3,0.49,1.09,86.8,0.26,-0.97,0.0,Low Risk
25.2,-0.01,15.95,81.5,0.85,0.99,0.0,Low Risk
17.82,0.17,21.49,62.3,0.6,1.41,0.0,Low Risk
28.24,-0.66,28.06,123.6,4.71,15.35,40.37,Medium Risk
26.75,0.03,10.18,104.5,0.99,-0.76,2.8,Low Risk
19.64,-0.33,16.81,83.4,1.01,0.7,0.0,Low Risk
30.02,0.45,16.73,108.5,0.99,0.26,3.14,Low Risk
31.58,1.39,2.03,101.8,0.91,-0.99,1.14,Low Risk
29.14,0.35,2.15,81.5,0.64,0.96,0.0,Low Risk
26.38,-0.9,0.88,85.9,0.98,-0.07,0.85,Low Risk
30.96,-0.08,4.63,107.2,1.25,0.99,3.1,Low Risk
31.4,0.16,7.7,63.0,1.45,2.34,0.0,Low Risk
29.54,0.14,73.98,110.1,0.94,0.47,40.92,Medium Risk
23.88,-0.27,6.77,75.9,0.97,0.57,0.0,Low Risk
29.38,0.22,15.55,107.4,1.13,0.6,1.18,Low Risk
33.98,-0.52,14.19,79.9,1.37,0.42,0.41,Low Risk
25.02,-0.37,2.75,86.1,0.88,-0.43,3.73,Low Risk
38.49,0.42,0.72,79.4,1.17,0.75,5.77,Low Risk
25.37,-0.41,9.48,70.4,0.79,0.05,1.61,Low Risk
28.16,0.37,14.46,75.1,1.08,0.14,0.0,Low Risk
24.64,-0.58,76.19,104.8,1.24,-0.09,46.02,Medium Risk
29.12,0.98,5.33,40.0,0.68,0.86,22.78,Low Risk
19.29,-0.29,27.2,57.7,0.87,-0.13,6.24,Low Risk
25.27,-0.01,5.77,66.9,1.24,0.81,0.91,Low Risk
22.54,0.27,14.03,60.6,1.15,0.9,0.33,Low Risk
28.68,-0.18,10.94,107.2,1.26,0.55,0.85,Low Risk
32.97,0.17,0.65,102.6,1.21,-0.63,2.74,Low Risk
31.23,0.39,0.98,90.7,0.91,0.02,2.89,Low Risk
16.14,0.58,0.25,68.5,4.09,20.6,30.53,Low Risk
38.21,0.5,5.56,104.0,1.03,-0.55,3.79,Low Risk
29.48,0.01,16.44,51.4,0.24,0.75,1.35,Low Risk
24.12,0.03,2.28,118.6,0.93,1.65,2.42,Low Risk
28.79,1.27,11.17,67.7,0.88,0.9,0.0,Low Risk
28.88,0.57,4.09,75.3,1.2,-0.49,0.51,Low Risk
24.67,-0.36,19.13,72.3,0.89,2.44,0.1,Low Risk
28.99,0.15,19.22,60.7,1.27,0.08,0.94,Low Risk
24.96,-0.07,17.92,114.7,1.14,0.7,0.0,Low Risk
25.98,0.03,8.93,94.2,0.75,-0.04,1.64,Low Risk
24.57,-0.51,4.02,101.9,0.96,0.67,1.13,Low Risk
20.84,-0.11,19.89,58.0,0.81,1.6,0.0,Low Risk
28.73,1.01,2.47,83.3,1.05,-0.36,0.0,Low Risk
30.93,0.39,4.11,89.4,0.8,0.12,0.0,Low Risk
30.57,-1.15,2.44,84.9,1.02,0.63,6.52,Low Risk
32.1,0.71,13.46,59.1,0.93,-0.88,0.0,Low Risk
29.62,0.64,13.91,99.4,0.96,1.16,0.0,Low Risk
25.34,-0.08,12.68,82.2,1.51,-0.08,0.0,Low Risk
32.2,0.46,6.45,62.8,0.91,0.54,1.64,Low Risk
21.21,-0.33,1.27,46.6,0.52,-0.38,23.53,Low Risk
23.5,-0.14,29.05,90.9,1.25,-0.41,4.71,Low Risk
23.18,0.85,8.5,124.1,1.25,0.49,0.71,Low Risk
33.4,-0.04,6.27,61.7,0.51,1.75,1.34,Low Risk
32.71,-0.83,10.66,83.1,0.82,-0.26,2.66,Low Risk
30.44,0.07,2.57,100.0,1.11,1.23,0.0,Low Risk
33.36,0.06,1.71,57.1,1.13,1.55,3.91,Low Risk
23.6,0.7,6.24,71.4,1.0,1.28,0.0,Low Risk
29.74,0.11,3.09,64.5,1.0,0.36,1.56,Low Risk
27.37,-0.11,3.36,97.7,0.77,0.69,0.0,Low Risk
32.23,0.62,26.76,103.9,0.4,1.72,4.12,Low Risk
27.42,0.16,9.08,82.9,1.51,1.26,0.03,Low Risk
26.08,-0.28,7.93,64.8,0.76,0.52,0.0,Low Risk
30.7,0.68,14.03,72.0,1.04,-0.44,0.43,Low Risk
32.38,0.2,36.33,68.7,0.96,1.97,18.06,Low Risk
24.66,0.1,1.43,62.4,1.22,0.59,0.53,Low Risk
27.69,0.19,21.52,78.2,1.03,0.06,0.0,Low Risk
22.71,-0.44,10.53,90.3,1.04,0.92,0.45,Low Risk
15.51,-0.16,1.9,88.8,0.34,-1.18,1.04,Low Risk
29.0,0.1,4.23,79.9,4.67,56.07,44.19,Medium Risk
31.04,0.0,7.9,81.0,1.19,0.99,0.0,Low Risk
29.31,0.74,14.1,78.5,1.16,0.78,0.0,Low Risk
18.25,0.21,3.33,56.7,0.76,1.25,0.0,Low Risk
26.25,0.53,9.19,82.9,0.61,0.73,0.0,Low Risk
16.91,0.1,13.85,69.5,1.03,0.98,0.0,Low Risk
34.85,0.63,7.15,55.7,0.27,1.05,1.69,Low Risk
22.57,0.3,23.86,86.7,0.71,1.33,1.55,Low Risk
34.28,0.11,24.43,69.0,1.44,0.24,3.74,Low Risk
32.73,0.09,7.63,84.1,1.36,0.85,2.08,Low Risk
23.5,-0.38,43.31,95.3,1.12,0.13,24.49,Low Risk
22.34,0.35,0.94,62.9,1.08,0.75,0.0,Low Risk
29.75,0.08,0.04,81.7,0.51,0.49,0.0,Low Risk
23.78,-0.15,5.75,47.4,0.81,-0.22,18.99,Low Risk
28.51,0.65,11.03,107.6,0.93,0.95,0.0,Low Risk
25.59,-0.53,11.91,55.5,0.82,-0.92,0.0,Low Risk
19.09,-0.11,7.77,70.7,0.91,-0.38,0.0,Low Risk
16.85,0.61,1.6,104.1,1.32,1.07,0.39,Low Risk
29.13,0.26,2.24,75.8,0.86,-0.03,0.0,Low Risk
25.19,0.08,22.94,58.4,3.51,41.53,37.33,Low Risk
25.23,0.23,24.29,92.8,1.18,2.34,0.0,Low Risk
31.48,0.19,13.45,92.4,0.65,-1.17,0.61,Low Risk
33.87,-0.66,13.1,68.6,0.79,0.73,2.65,Low Risk
26.64,-0.07,10.93,70.6,0.82,1.98,0.64,Low Risk
26.3,0.91,2.72,72.2,1.01,0.7,0.65,Low Risk
30.5,-0.23,6.71,76.3,0.91,0.51,0.0,Low Risk
21.22,-0.06,14.28,45.9,0.92,0.18,20.11,Low Risk
29.12,-0.17,9.25,76.7,0.83,-0.13,0.0,Low Risk
30.76,0.06,0.23,112.1,0.73,-1.15,0.0,Low Risk
31.4,-0.19,36.83,63.9,1.15,0.12,18.45,Low Risk
18.32,0.34,22.36,69.5,0.92,0.55,0.0,Low Risk
24.19,0.2,3.62,58.7,1.15,0.62,0.0,Low Risk
23.61,0.49,11.5,91.0,0.72,1.24,0.0,Low Risk
28.5,-0.43,30.8,101.7,0.83,1.2,8.74,Low Risk
30.4,-0.07,1.21,101.2,0.94,0.68,1.85,Low Risk
35.48,-0.01,8.39,57.5,0.97,0.76,4.29,Low Risk
25.53,0.33,7.31,89.0,1.19,0.45,0.43,Low Risk
25.51,-0.3,6.34,105.8,0.89,-0.1,0.0,Low Risk
33.75,0.56,21.66,89.2,1.19,1.25,0.67,Low Risk
29.48,0.69,5.75,88.6,1.09,0.37,0.71,Low Risk
34.34,-0.39,0.79,71.5,0.97,0.71,4.48,Low Risk
29.44,-0.15,0.82,84.0,4.69,27.33,38.45,Low Risk
22.21,-0.17,0.52,102.3,1.19,1.23,1.73,Low Risk
21.33,1.42,6.31,85.9,0.77,0.34,2.54,Low Risk
20.24,-0.11,15.21,57.5,0.99,-0.72,0.0,Low Risk
31.31,0.94,2.73,71.8,0.99,1.39,2.76,Low Risk
33.94,-0.53,12.48,101.8,0.95,-1.84,2.92,Low Risk
37.25,-0.39,13.94,85.8,0.9,0.16,7.73,Low Risk
32.22,-0.24,3.54,82.1,0.79,-1.0,3.65,Low Risk
33.81,-0.32,11.01,70.0,7.8,29.39,49.4,Medium Risk
25.1,-0.03,13.86,101.4,1.35,0.1,0.0,Low Risk
22.22,-0.25,7.54,109.9,0.88,0.62,0.0,Low Risk
32.25,-0.31,4.93,102.7,0.97,0.33,1.03,Low Risk
30.09,0.68,11.58,106.0,0.97,1.26,0.63,Low Risk
28.54,0.71,45.72,73.5,1.27,1.01,28.93,Low Risk
29.94,0.57,6.68,71.0,1.48,1.17,0.0,Low Risk
29.62,0.36,5.97,77.2,1.04,-0.63,0.0,Low Risk
34.42,0.15,7.49,80.7,0.96,0.39,3.58,Low Risk
34.47,-0.15,0.95,105.8,0.72,1.0,0.54,Low Risk
30.72,-0.38,9.67,101.0,5.25,48.49,46.0,Medium Risk
32.23,0.28,4.78,89.7,0.56,0.03,0.86,Low Risk
30.57,-0.49,1.55,54.2,0.8,-0.1,0.0,Low Risk
25.69,-0.4,7.53,49.6,0.48,1.98,20.97,Low Risk
31.78,0.68,0.04,84.3,1.27,0.88,0.0,Low Risk
21.03,1.05,6.17,95.8,1.11,-1.19,0.74,Low Risk
33.27,0.3,1.34,78.6,0.94,-0.5,3.7,Low Risk
22.03,0.65,0.3,114.5,1.28,-1.18,0.79,Low Risk
29.43,-0.02,20.88,60.5,0.73,-0.61,1.21,Low Risk
23.77,-0.57,29.76,58.2,0.8,-0.44,7.99,Low Risk
30.77,0.41,2.79,68.0,0.52,1.47,0.79,Low Risk
27.83,0.38,9.3,67.4,1.19,0.93,0.0,Low Risk
20.03,0.14,3.91,89.5,0.8,-0.18,0.0,Low Risk
30.1,-0.02,8.16,72.4,1.0,-0.13,2.29,Low Risk
25.11,0.58,6.89,52.1,1.25,0.02,1.21,Low Risk
32.41,-0.39,3.76,96.0,1.34,-0.22,2.98,Low Risk
28.01,-0.29,14.46,48.3,5.95,44.48,66.98,Medium Risk
29.98,-0.4,1.62,60.7,1.1,-0.17,0.0,Low Risk
23.21,0.14,0.65,50.8,0.77,0.31,0.0,Low Risk
25.05,-0.44,17.52,83.7,1.42,-0.55,0.0,Low Risk
25.71,-0.24,13.16,83.3,0.96,0.45,0.0,Low Risk
32.28,-0.25,8.28,114.5,6.86,20.54,41.81,Medium Risk
36.39,-0.03,7.57,96.4,0.9,-0.33,2.06,Low Risk
23.97,-0.64,8.26,105.9,1.3,-0.07,0.0,Low Risk
33.38,0.14,6.89,85.2,3.68,16.54,32.47,Low Risk
17.15,0.72,5.99,62.4,1.19,1.19,0.71,Low Risk
22.03,0.17,8.31,82.3,1.09,1.41,1.39,Low Risk
23.21,0.87,9.02,90.7,0.94,0.42,0.11,Low Risk
21.24,0.77,14.13,92.7,1.23,0.73,0.29,Low Risk
20.08,0.49,14.9,71.5,1.09,0.38,1.55,Low Risk
30.06,0.14,5.69,88.8,0.76,1.47,0.0,Low Risk
26.93,0.11,6.4,63.2,0.75,1.83,0.25,Low Risk
29.9,0.48,5.62,61.2,1.04,1.15,0.0,Low Risk
31.45,-0.1,9.23,59.9,1.23,0.85,0.0,Low Risk
29.33,-0.84,7.25,80.4,1.41,0.85,0.0,Low Risk
31.29,0.35,26.44,58.8,0.56,0.61,0.0,Low Risk
27.65,-0.47,14.3,72.4,1.01,-0.11,1.76,Low Risk
22.07,-0.38,27.47,96.3,1.12,0.07,4.44,Low Risk
33.29,0.1,14.82,61.5,1.07,0.7,4.91,Low Risk
25.05,0.05,42.48,70.9,1.25,0.09,22.91,Low Risk
23.32,-0.61,12.12,81.3,1.16,-0.58,0.0,Low Risk
27.11,0.18,39.74,84.4,0.75,0.34,17.59,Low Risk
23.44,0.58,2.07,71.0,0.75,-0.79,3.15,Low Risk
25.91,-0.46,0.65,94.2,1.08,2.02,0.0,Low Risk
29.72,0.74,10.39,90.6,1.25,0.05,0.0,Low Risk
29.74,-0.68,49.25,100.5,1.04,0.48,34.89,Low Risk
23.51,1.16,6.49,78.5,0.61,1.45,0.0,Low Risk
25.56,-0.11,2.86,70.8,0.74,2.47,0.0,Low Risk
33.37,0.17,8.85,67.7,6.45,51.14,50.03,Medium Risk
30.48,-0.85,12.56,85.5,0.91,-0.14,0.0,Low Risk
38.38,0.07,4.54,73.2,1.03,1.02,2.42,Low Risk
33.9,0.21,15.05,69.8,1.27,0.47,3.72,Low Risk
33.72,0.06,44.32,71.9,0.7,0.39,35.07,Low Risk
21.06,-0.18,27.27,67.7,0.9,0.65,2.78,Low Risk
31.82,-0.37,4.14,83.6,0.87,0.85,0.0,Low Risk
27.73,0.67,4.75,54.6,1.09,2.12,0.0,Low Risk
25.25,0.12,5.57,85.5,1.19,-0.57,1.98,Low Risk
28.84,0.87,6.02,92.2,0.63,2.05,0.5,Low Risk
32.73,-0.16,1.27,69.5,1.0,0.33,0.15,Low Risk
30.5,-0.12,17.22,114.6,1.22,1.22,0.69,Low Risk
23.61,0.51,5.46,80.3,0.54,0.62,2.66,Low Risk
31.71,-0.71,25.43,51.9,0.98,0.52,3.91,Low Risk
24.81,-0.51,31.4,74.9,0.7,0.66,9.69,Low Risk
29.08,0.65,0.3,81.1,0.84,-0.13,2.27,Low Risk
26.48,-0.49,53.59,88.1,0.37,1.78,33.23,Low Risk
26.91,-0.81,14.86,75.4,1.35,0.95,1.24,Low Risk
31.83,1.03,8.82,61.8,0.91,0.81,0.0,Low Risk
22.8,-0.6,5.92,60.3,0.8,0.25,0.0,Low Risk
37.73,0.19,8.77,68.2,1.08,-0.61,6.72,Low Risk
18.89,0.13,4.71,70.0,0.74,1.04,0.0,Low Risk
25.01,-1.31,11.7,59.6,0.72,1.09,0.59,Low Risk
29.85,-0.03,1.17,66.8,1.38,0.98,0.0,Low Risk
30.92,0.32,11.65,91.9,1.45,0.57,1.42,Low Risk
27.5,0.28,3.86,109.7,0.85,0.32,1.93,Low Risk
27.71,0.55,0.21,93.6,1.27,1.49,0.0,Low Risk
30.05,-0.09,9.65,103.5,1.09,0.88,0.0,Low Risk
26.84,0.46,10.37,97.5,0.65,0.73,0.31,Low Risk
34.97,-0.24,6.67,95.0,0.77,-0.67,3.46,Low Risk
32.2,-0.61,0.9,73.9,1.39,-0.97,3.22,Low Risk
32.36,-0.55,26.86,82.5,0.64,2.36,0.0,Low Risk
23.17,-0.63,11.34,72.4,1.57,1.16,0.0,Low Risk
27.6,0.6,1.48,76.1,0.86,1.54,0.0,Low Risk
26.5,-0.66,8.58,81.2,1.4,-0.8,1.15,Low Risk
22.97,0.24,8.25,92.8,0.92,1.29,0.43,Low Risk
29.8,-0.03,0.75,87.6,1.2,0.27,1.51,Low Risk
25.31,0.05,11.2,77.1,1.35,0.59,0.32,Low Risk
31.28,0.78,19.82,81.0,1.35,0.93,0.78,Low Risk
22.65,-0.12,16.59,87.8,0.85,0.64,0.0,Low Risk
36.6,0.41,2.72,92.0,0.79,0.64,7.19,Low Risk
23.52,0.12,23.79,52.7,0.98,-0.21,0.0,Low Risk
29.1,0.02,5.03,60.6,0.67,0.99,1.22,Low Risk
31.96,1.25,35.14,99.9,1.06,-0.21,12.3,Low Risk
25.15,-0.62,0.89,78.9,0.79,-0.16,0.0,Low Risk
32.26,0.74,7.99,72.4,1.27,0.58,0.23,Low Risk
21.85,0.43,10.91,75.3,0.86,-0.51,3.06,Low Risk
35.26,-0.14,3.41,75.3,0.56,1.44,4.95,Low Risk
28.07,0.91,17.71,90.0,1.35,1.44,4.04,Low Risk
25.02,-0.82,11.83,60.1,1.05,0.16,2.76,Low Risk
26.5,-0.16,0.22,80.4,1.01,0.3,0.0,Low Risk
32.04,-0.5,11.25,84.4,1.27,0.53,0.87,Low Risk
25.08,0.31,8.11,87.1,1.22,-1.07,1.11,Low Risk
24.25,-0.46,2.62,84.0,0.81,-0.68,0.0,Low Risk
26.89,0.32,65.53,89.3,0.89,1.08,36.23,Low Risk
22.12,0.01,27.3,69.7,0.72,0.81,4.11,Low Risk
37.1,-0.14,4.15,63.0,0.63,0.21,8.68,Low Risk
25.17,0.29,9.35,124.2,1.14,0.15,0.3,Low Risk
32.16,-0.03,4.57,74.6,1.1,1.07,0.0,Low Risk
29.05,-0.44,17.93,76.7,1.19,-1.01,4.82,Low Risk
23.08,1.5,31.97,92.2,1.32,2.0,10.89,Low Risk
27.97,-0.14,5.33,108.7,1.19,1.24,2.04,Low Risk
31.92,-1.01,19.65,70.2,1.22,0.18,1.87,Low Risk
27.06,-0.32,8.28,62.0,0.48,0.81,0.29,Low Risk
33.97,-0.53,6.06,57.6,0.92,1.6,3.12,Low Risk
33.11,0.51,33.45,108.7,1.24,-0.34,15.3,Low Risk
32.59,0.26,8.57,61.3,0.71,1.53,0.0,Low Risk
25.7,0.3,7.56,79.5,1.02,0.49,1.95,Low Risk
22.6,-0.09,13.39,62.4,1.13,1.05,0.35,Low Risk
24.93,-0.04,3.63,53.9,1.11,1.2,1.18,Low Risk
28.98,-0.09,4.71,74.7,1.09,0.63,0.36,Low Risk
30.73,0.06,32.27,63.1,5.19,47.94,53.4,Medium Risk
17.14,0.52,13.62,67.6,1.05,0.16,0.0,Low Risk
27.96,0.27,21.03,116.1,0.63,0.48,2.44,Low Risk
28.79,0.35,3.79,87.6,1.13,-0.12,1.29,Low Risk
26.61,0.35,9.42,96.8,1.07,-0.05,2.21,Low Risk
34.46,0.54,42.65,94.8,0.64,0.65,30.28,Low Risk
30.11,0.24,4.61,78.2,1.34,1.18,0.0,Low Risk
34.55,0.28,2.1,72.1,1.13,-0.53,0.71,Low Risk
26.92,0.69,8.58,84.5,0.65,0.81,1.69,Low Risk
32.69,-0.23,5.89,83.0,0.8,1.44,0.69,Low Risk
36.18,-0.33,2.09,69.8,0.86,1.56,7.64,Low Risk
34.56,-0.49,26.33,82.3,0.86,0.41,8.5,Low Risk
22.54,0.19,56.16,67.3,1.07,-0.34,36.14,Low Risk
26.73,-0.83,10.09,76.9,0.76,1.04,0.0,Low Risk
26.27,0.33,17.88,74.0,1.28,0.86,0.0,Low Risk
30.45,0.05,23.51,57.2,1.26,0.5,0.0,Low Risk
31.43,0.67,14.49,40.0,1.15,0.27,17.18,Low Risk
23.81,-0.24,0.54,63.1,1.01,0.77,0.71,Low Risk
28.34,-0.0,2.06,112.5,1.23,0.84,0.8,Low Risk
17.9,0.66,0.88,74.4,0.93,0.17,0.79,Low Risk
35.21,0.79,0.12,94.0,0.82,0.33,1.43,Low Risk
25.44,-0.24,4.38,41.8,1.3,-0.61,22.38,Low Risk
28.28,0.19,5.98,61.9,4.39,31.54,39.98,Low Risk
26.45,0.25,3.31,55.6,0.83,0.83,0.0,Low Risk
33.73,0.29,0.8,76.4,0.9,-0.48,3.89,Low Risk
15.0,-0.03,9.06,123.6,0.82,0.42,1.27,Low Risk
27.92,0.74,3.83,88.3,1.51,0.08,0.0,Low Risk
27.47,-0.84,19.08,110.5,7.49,56.71,44.9,Medium Risk
25.73,-0.11,0.1,75.4,1.04,-0.51,0.0,Low Risk
36.63,0.32,22.18,104.6,1.18,1.4,6.11,Low Risk
23.56,0.33,37.15,117.3,0.7,1.52,18.05,Low Risk
31.86,0.78,15.11,78.0,5.93,25.44,43.26,Medium Risk
29.78,0.7,15.88,70.3,0.85,1.01,1.11,Low Risk
34.31,-0.04,32.54,56.3,1.46,0.91,12.16,Low Risk
24.66,0.75,2.81,74.4,0.92,-0.72,2.41,Low Risk
24.34,-0.26,62.58,81.5,1.26,0.24,37.47,Low Risk
33.48,0.57,17.82,116.6,0.38,0.15,6.81,Low Risk
30.13,1.01,15.56,56.7,0.71,-0.26,1.63,Low Risk
20.28,0.71,5.38,81.1,0.93,-0.01,0.0,Low Risk
25.3,0.15,9.47,47.3,4.93,20.83,57.88,Medium Risk
29.93,-0.07,12.73,72.3,1.15,0.57,1.04,Low Risk
32.19,-0.66,11.62,85.6,1.08,0.03,2.31,Low Risk
24.6,0.26,14.65,89.2,0.75,-0.42,1.24,Low Risk
15.0,-0.46,1.03,90.6,1.0,1.17,0.0,Low Risk
30.62,-0.3,5.27,87.2,1.2,1.85,2.85,Low Risk
21.9,-0.5,6.83,90.4,0.47,0.32,0.58,Low Risk
17.91,-0.13,3.62,80.8,0.68,0.43,0.0,Low Risk
15.0,0.09,2.27,61.1,0.92,2.54,4.43,Low Risk
32.07,0.24,1.79,46.7,1.01,1.17,21.41,Low Risk
28.64,-0.2,5.48,70.2,0.99,1.38,0.82,Low Risk
26.87,0.63,8.16,77.6,1.22,0.04,0.0,Low Risk
34.95,-0.0,0.78,102.6,1.12,-0.18,4.35,Low Risk
31.19,-0.29,35.13,78.2,1.17,1.53,12.55,Low Risk
36.08,0.21,17.39,76.5,0.65,0.87,6.49,Low Risk
21.04,1.08,15.75,86.9,1.04,0.65,1.1,Low Risk
27.83,0.27,2.28,75.1,0.92,0.83,0.0,Low Risk
19.92,-0.08,11.11,94.6,1.37,1.88,0.0,Low Risk
26.85,-0.66,9.05,115.6,1.04,-0.09,0.0,Low Risk
26.76,-0.01,48.53,119.4,0.83,0.63,29.93,Low Risk
31.13,0.22,16.52,81.7,1.21,-0.05,0.0,Low Risk
28.23,-0.09,10.29,86.1,1.14,0.72,2.95,Low Risk
31.12,-0.73,22.83,108.4,5.06,21.96,43.59,Medium Risk
31.52,-0.33,2.02,77.3,0.91,0.75,0.0,Low Risk
38.77,0.83,0.18,92.2,0.92,1.89,7.18,Low Risk
26.42,0.82,14.06,59.6,1.31,0.09,0.0,Low Risk
23.29,-0.34,1.24,74.4,1.05,0.94,3.91,Low Risk
29.23,0.44,1.47,100.8,1.18,1.52,0.0,Low Risk
23.99,-0.49,16.38,67.1,0.88,0.2,0.0,Low Risk
35.41,0.8,3.79,77.7,1.08,0.13,9.58,Low Risk
26.58,0.22,11.89,51.7,1.33,0.38,0.0,Low Risk
25.17,0.57,29.93,116.1,0.91,-0.66,10.96,Low Risk
25.64,-0.76,4.57,102.7,1.03,1.41,1.84,Low Risk
31.59,0.44,2.94,83.4,6.01,40.23,45.59,Medium Risk
27.21,0.1,1.35,89.1,0.81,-0.85,0.0,Low Risk
24.79,0.53,1.68,87.1,0.92,0.16,0.22,Low Risk
36.33,0.56,0.77,104.9,0.73,1.55,3.37,Low Risk
23.72,0.13,1.1,70.7,1.33,0.24,0.0,Low Risk
28.18,-0.2,6.79,93.2,0.79,1.76,0.32,Low Risk
31.26,0.49,4.64,99.4,1.2,0.28,2.66,Low Risk
19.84,0.07,14.71,101.9,1.05,-0.66,0.0,Low Risk
30.4,-0.34,24.5,40.0,1.01,-1.2,24.31,Low Risk
22.72,-0.36,18.43,69.2,1.37,2.18,0.0,Low Risk
32.11,-0.64,9.08,61.7,0.43,-0.16,0.0,Low Risk
23.19,-0.16,1.3,82.7,0.95,0.03,0.36,Low Risk
31.46,0.65,14.84,43.7,0.73,0.41,15.35,Low Risk
33.53,0.19,5.41,43.2,0.51,0.7,19.93,Low Risk
32.31,-0.16,1.07,119.1,0.7,-0.29,1.39,Low Risk
29.26,0.5,22.18,91.1,1.0,1.52,1.86,Low Risk
26.84,-0.32,4.95,82.2,0.82,0.75,0.0,Low Risk
25.12,0.15,2.95,86.5,1.22,1.48,0.0,Low Risk
35.36,0.01,24.62,82.6,0.95,-1.09,6.04,Low Risk
24.5,0.49,27.89,98.0,0.92,0.89,0.58,Low Risk
22.81,-0.69,4.97,68.6,0.92,0.82,0.0,Low Risk
31.33,-0.33,5.26,83.4,0.98,0.48,0.0,Low Risk
24.02,-0.72,10.4,84.1,0.9,0.08,3.53,Low Risk
23.25,-0.03,15.87,61.2,0.79,-0.69,1.07,Low Risk
20.78,0.71,0.78,103.0,1.25,-0.59,0.04,Low Risk
25.59,-0.15,10.8,72.0,0.84,1.54,1.54,Low Risk
27.59,-0.16,36.65,98.3,7.27,31.86,61.74,Medium Risk
29.22,0.54,3.65,82.1,1.11,0.34,0.0,Low Risk
32.76,0.63,28.74,109.4,1.08,0.29,7.81,Low Risk
30.63,0.06,35.99,61.3,0.78,1.32,17.1,Low Risk
27.05,0.44,3.76,60.5,1.19,1.28,0.0,Low Risk
27.01,-0.44,16.84,63.7,1.13,-0.15,0.4,Low Risk
30.55,0.79,3.27,82.4,1.04,-0.65,3.91,Low Risk
34.36,1.17,16.06,107.7,0.89,0.8,3.96,Low Risk
28.63,0.36,19.16,108.7,0.9,1.49,0.0,Low Risk
25.65,-0.94,3.41,40.0,0.95,1.05,17.99,Low Risk
23.04,-0.18,15.1,84.5,0.69,1.83,0.0,Low Risk
20.77,0.41,20.06,40.0,0.99,0.36,20.19,Low Risk
31.33,-0.11,5.33,94.3,1.22,0.73,0.0,Low Risk
30.89,0.74,2.2,100.1,1.22,0.45,1.2,Low Risk
30.89,0.39,1.16,79.3,0.9,1.11,0.0,Low Risk
27.36,-0.25,10.28,81.5,1.27,-0.07,5.74,Low Risk
35.03,0.12,45.85,81.3,1.48,0.66,34.21,Low Risk
25.58,-0.35,20.78,65.9,0.92,1.82,0.0,Low Risk
32.78,0.01,6.87,87.8,1.17,-0.08,1.54,Low Risk
27.81,-0.18,9.23,75.8,0.43,-1.11,0.0,Low Risk
24.96,0.69,3.93,96.7,0.69,0.92,1.43,Low Risk
30.96,1.16,2.14,78.0,1.02,2.29,0.01,Low Risk
30.05,-0.62,7.9,64.5,0.75,-0.04,0.83,Low Risk
29.78,-0.86,7.47,52.4,1.51,1.52,5.43,Low Risk
28.41,-0.02,8.86,46.4,1.15,0.51,19.58,Low Risk
27.81,-0.66,36.64,103.6,1.24,-0.29,17.77,Low Risk
39.94,0.12,11.11,71.8,7.57,33.66,52.68,Medium Risk
33.92,0.47,11.17,86.1,0.75,-0.64,3.51,Low Risk
31.61,0.85,1.64,112.1,0.87,1.72,0.0,Low Risk
28.56,0.2,67.82,69.9,1.06,0.59,41.9,Medium Risk
33.04,0.0,17.79,68.7,0.84,-0.87,0.0,Low Risk
30.59,-0.89,25.17,77.6,1.17,1.98,3.65,Low Risk
28.13,0.11,6.42,80.5,1.18,1.19,0.0,Low Risk
26.48,0.14,8.37,114.0,1.0,0.75,3.92,Low Risk
27.6,0.42,8.86,108.2,0.54,1.21,0.17,Low Risk
15.0,-0.25,2.59,91.2,1.43,-1.47,1.75,Low Risk
29.05,-0.12,14.03,106.1,0.95,0.0,1.02,Low Risk
25.56,-0.64,27.99,76.8,1.68,2.51,6.14,Low Risk
35.96,-1.05,2.15,85.4,1.16,0.6,2.0,Low Risk
28.1,-0.45,1.08,74.6,6.3,57.46,43.71,Medium Risk
22.06,-0.69,16.08,56.8,1.11,0.64,0.81,Low Risk
27.75,0.27,3.83,101.7,0.5,-0.38,0.1,Low Risk
22.77,-0.16,11.73,89.6,1.26,1.76,0.0,Low Risk
30.37,-0.17,14.28,80.3,1.64,0.14,0.38,Low Risk
29.45,-0.39,4.66,80.0,0.48,-0.76,0.0,Low Risk
32.79,-1.52,20.26,52.9,0.93,0.64,5.6,Low Risk
24.05,0.85,9.58,62.4,0.97,1.3,2.69,Low Risk
28.17,-0.4,24.39,86.1,1.22,1.06,2.97,Low Risk
21.17,-0.11,17.29,70.5,1.53,-0.62,3.61,Low Risk
31.51,-0.63,24.35,76.1,1.1,-0.26,0.98,Low Risk
30.59,0.59,0.24,78.1,1.54,-1.2,0.0,Low Risk
30.48,0.17,3.35,67.7,1.04,1.07,0.0,Low Risk
28.01,-0.31,1.13,62.6,6.15,56.22,45.7,Medium Risk
30.07,-0.1,7.0,51.0,1.08,0.95,0.3,Low Risk
36.02,0.94,26.48,77.4,1.31,0.15,5.46,Low Risk
26.57,0.06,7.56,91.1,0.89,-1.02,0.71,Low Risk
28.69,0.01,22.74,50.4,1.2,-0.14,0.0,Low Risk
22.57,-0.37,4.76,79.6,0.69,1.39,3.88,Low Risk
23.66,-0.85,4.98,85.1,5.62,28.25,46.56,Medium Risk
28.49,0.02,27.11,62.2,0.84,-0.88,2.57,Low Risk
33.52,0.26,6.66,105.6,1.02,0.28,2.41,Low Risk
26.72,0.65,18.71,73.1,0.92,0.95,3.45,Low Risk
26.82,-1.02,3.24,78.2,1.28,0.42,0.0,Low Risk
25.97,-0.46,35.66,77.1,0.78,-0.63,13.97,Low Risk
25.33,-0.19,10.26,48.1,0.57,0.11,21.07,Low Risk
29.47,0.1,17.09,98.2,0.66,-0.08,0.0,Low Risk
20.51,0.03,1.13,62.8,1.25,0.53,0.0,Low Risk
34.4,0.04,8.14,75.7,0.76,0.72,2.72,Low Risk
24.67,0.3,27.76,90.8,1.1,-0.02,8.8,Low Risk
31.61,-0.35,25.15,106.3,0.93,1.02,0.0,Low Risk
21.65,0.57,0.58,60.6,1.21,1.81,0.0,Low Risk
31.34,0.32,4.34,72.0,0.94,2.99,0.0,Low Risk
31.36,-0.06,7.03,104.9,1.69,-0.25,0.0,Low Risk
29.92,0.9,2.27,88.3,1.47,0.56,3.37,Low Risk
23.03,0.88,15.71,92.1,0.92,-0.95,0.22,Low Risk
29.25,0.57,2.45,61.1,0.89,0.12,0.0,Low Risk
22.08,-1.41,5.11,73.2,1.78,1.52,1.88,Low Risk
26.74,0.89,13.06,77.0,0.73,-1.32,1.1,Low Risk
33.15,0.5,7.9,64.6,0.99,0.17,1.75,Low Risk
31.98,1.1,16.1,49.9,1.01,0.47,18.0,Low Risk
28.08,0.72,38.99,70.8,1.0,-0.75,18.51,Low Risk
23.13,0.89,1.49,104.4,0.57,0.8,0.25,Low Risk
31.23,0.54,14.84,81.1,1.12,0.7,1.34,Low Risk
28.1,0.77,3.14,104.7,0.76,0.01,0.0,Low Risk
16.4,1.1,6.42,83.2,1.36,1.02,0.0,Low Risk
31.91,0.21,0.4,66.2,0.64,-0.16,2.59,Low Risk
27.88,-0.69,1.75,103.0,1.01,0.86,0.0,Low Risk
34.01,-0.05,4.62,83.8,0.45,0.5,4.51,Low Risk
22.52,0.29,5.02,97.3,0.46,0.69,0.0,Low Risk
15.0,0.14,27.58,60.8,0.79,0.3,2.55,Low Risk
29.4,-0.52,16.25,98.7,0.83,-0.58,0.0,Low Risk
29.46,-0.72,42.99,99.2,1.37,-0.62,25.78,Low Risk
19.55,-0.27,10.97,85.2,0.99,-0.12,0.0,Low Risk
23.11,0.5,3.32,65.5,1.32,0.06,0.0,Low Risk
41.78,0.89,4.76,79.2,0.91,0.72,14.17,Low Risk
26.47,0.56,4.63,91.0,1.15,0.47,2.12,Low Risk
31.65,0.63,4.74,84.2,0.82,0.13,0.82,Low Risk
24.75,0.06,13.41,90.8,0.8,-1.1,0.72,Low Risk
17.55,-0.77,9.08,98.2,0.54,-0.06,1.57,Low Risk
27.15,-0.13,5.84,68.3,1.08,-0.43,0.0,Low Risk
26.67,-0.03,1.94,59.2,1.07,1.9,0.22,Low Risk
26.0,-0.15,0.27,79.3,1.19,0.56,4.4,Low Risk
27.43,0.13,2.96,74.1,1.05,1.75,0.29,Low Risk
29.32,0.32,1.36,94.1,1.51,0.56,0.0,Low Risk
27.25,0.53,18.47,60.7,1.04,1.99,0.7,Low Risk
21.68,-0.04,1.43,98.4,1.25,0.75,0.0,Low Risk
30.43,-0.85,15.46,104.4,0.92,0.78,0.0,Low Risk
18.25,-0.14,5.85,80.0,0.77,2.06,1.49,Low Risk
17.75,0.12,0.91,81.1,1.18,-0.07,0.0,Low Risk
31.7,0.71,20.1,66.2,0.98,-0.03,0.0,Low Risk
30.54,-0.18,10.4,70.2,1.21,0.6,0.0,Low Risk
27.71,0.36,3.23,72.6,1.09,2.83,0.99,Low Risk
21.02,0.25,27.01,106.0,5.72,50.23,51.31,Medium Risk
24.46,0.12,0.56,78.7,1.27,0.75,2.14,Low Risk
26.69,0.57,2.71,56.2,0.78,1.22,0.0,Low Risk
20.02,-0.23,16.73,84.6,1.16,1.78,0.96,Low Risk
24.3,-0.19,14.83,94.9,7.75,32.19,44.51,Medium Risk
31.26,0.09,4.1,79.5,0.9,1.69,1.77,Low Risk
35.14,-0.22,0.77,106.4,1.29,1.11,4.39,Low Risk
25.9,0.35,23.43,94.0,1.1,0.59,1.51,Low Risk
31.78,-0.26,4.52,61.1,1.21,-0.36,3.34,Low Risk
18.43,0.21,2.61,70.1,0.79,0.09,5.09,Low Risk
31.3,0.05,8.71,84.1,1.05,0.21,0.0,Low Risk
23.98,0.21,28.93,50.0,0.65,0.73,1.91,Low Risk
29.54,-0.13,0.53,86.1,1.43,0.92,0.0,Low Risk
26.76,-0.07,17.42,48.3,0.5,2.03,19.89,Low Risk
34.6,0.15,10.2,98.4,0.91,-1.16,2.85,Low Risk
23.63,0.2,6.65,96.3,0.77,0.46,2.5,Low Risk
31.14,0.1,16.35,89.1,1.17,2.03,0.0,Low Risk
26.6,0.95,40.51,67.8,1.48,-0.6,19.49,Low Risk
27.21,-0.4,3.12,83.1,1.16,-0.06,2.67,Low Risk
27.08,0.07,1.86,70.8,1.74,0.87,1.09,Low Risk
23.77,-0.69,29.29,61.4,0.66,1.2,6.59,Low Risk
27.93,0.29,13.27,73.9,0.67,-0.61,0.0,Low Risk
27.69,-0.46,6.91,92.6,0.78,1.74,2.14,Low Risk
29.21,-0.04,10.22,80.8,1.03,0.96,0.0,Low Risk
28.42,-0.09,16.43,106.1,0.74,-0.62,0.27,Low Risk
31.99,0.24,17.8,93.8,0.81,1.42,0.68,Low Risk
32.62,-0.18,30.29,91.9,4.78,42.01,56.11,Medium Risk
22.75,-0.2,6.68,51.0,0.69,0.5,0.89,Low Risk
32.34,0.82,4.17,74.9,0.72,0.13,0.0,Low Risk
22.07,0.24,12.25,60.8,0.9,-0.43,0.0,Low Risk
30.94,-0.18,6.45,76.7,0.92,0.17,1.36,Low Risk
31.1,-0.03,10.83,67.5,1.25,1.32,3.4,Low Risk
18.44,0.92,6.54,73.2,0.77,-0.87,0.0,Low Risk
28.46,-0.02,1.99,99.1,0.82,-0.17,0.0,Low Risk
25.66,-0.24,7.61,88.6,1.15,0.73,1.52,Low Risk
24.21,-0.24,14.09,98.1,1.2,1.07,0.0,Low Risk
34.75,-0.17,19.27,51.2,1.36,1.04,2.87,Low Risk
24.73,-0.2,8.16,81.0,1.12,-0.13,0.05,Low Risk
23.97,-0.54,2.17,97.4,1.03,0.42,0.87,Low Risk
28.38,-0.46,6.43,107.1,1.14,0.13,2.04,Low Risk
31.43,-0.31,18.52,52.1,0.93,0.71,0.33,Low Risk
27.29,0.4,6.39,73.7,0.93,0.96,0.18,Low Risk
33.83,-0.09,14.31,98.6,0.56,0.36,3.89,Low Risk
30.65,-0.0,8.49,76.5,1.22,0.59,0.0,Low Risk
17.11,0.74,3.31,63.6,1.05,0.5,0.16,Low Risk
25.35,0.75,19.08,52.1,1.19,-0.76,3.23,Low Risk
25.19,-0.04,1.06,62.9,0.3,1.54,1.57,Low Risk
30.4,-0.22,8.93,49.6,0.99,1.33,19.95,Low Risk
15.0,-0.33,2.81,81.1,0.79,-0.94,1.47,Low Risk
40.75,0.45,0.83,96.1,1.38,2.19,6.63,Low Risk
30.66,-0.0,8.39,57.3,1.15,0.83,0.87,Low Risk
28.74,-0.09,8.31,84.6,7.75,46.68,44.93,Medium Risk
33.91,-0.31,14.73,95.2,0.89,0.1,3.07,Low Risk
39.72,-0.28,16.39,80.0,1.1,0.6,2.13,Low Risk
32.35,0.26,15.61,51.0,0.77,0.94,3.34,Low Risk
32.74,-0.56,6.32,87.0,0.98,1.96,0.13,Low Risk
28.65,0.6,11.99,79.0,0.86,-0.38,0.0,Low Risk
27.29,-0.17,10.32,77.2,4.56,29.64,37.39,Low Risk
25.62,0.03,6.57,70.2,1.37,0.16,0.0,Low Risk
23.87,-0.57,10.91,81.6,1.27,1.64,0.44,Low Risk
24.56,0.09,35.31,89.2,0.63,-0.66,12.86,Low Risk
21.25,-0.06,2.57,123.0,1.22,0.44,0.0,Low Risk
27.62,0.07,28.34,82.0,1.05,-1.16,4.16,Low Risk
19.58,0.84,0.66,107.2,1.31,-0.03,1.37,Low Risk
28.95,0.19,4.42,86.4,1.08,0.12,0.0,Low Risk
27.82,-0.3,4.08,78.2,1.0,0.85,0.27,Low Risk
28.73,-0.26,11.81,82.7,1.06,-0.76,2.34,Low Risk
25.39,0.4,1.69,58.0,0.55,1.83,1.65,Low Risk
43.38,0.75,25.68,85.5,0.81,1.96,18.38,Low Risk
34.8,0.24,21.16,44.1,1.09,0.62,22.23,Low Risk
21.78,0.44,12.67,64.5,1.28,-0.56,0.0,Low Risk
29.16,0.4,7.36,82.0,0.86,-0.64,0.06,Low Risk
24.96,0.81,32.43,101.5,0.99,0.58,11.84,Low Risk
22.93,-0.87,21.32,105.8,0.6,-0.13,0.68,Low Risk
21.3,0.43,8.3,75.7,1.36,1.52,0.0,Low Risk
30.16,0.59,14.52,82.8,1.28,0.23,0.8,Low Risk
24.59,-0.57,10.04,97.7,1.16,0.86,3.41,Low Risk
32.84,-0.34,10.64,56.1,1.1,0.45,1.84,Low Risk
32.97,-0.33,4.82,87.3,1.39,0.07,2.69,Low Risk
34.87,-0.26,7.44,65.1,0.8,-0.11,3.61,Low Risk
23.74,-0.14,0.98,76.9,0.77,-0.42,0.0,Low Risk
30.38,0.22,5.31,71.7,1.27,0.2,0.0,Low Risk
31.16,0.53,14.28,87.8,1.25,0.55,0.27,Low Risk
25.63,0.64,36.75,89.9,0.7,0.68,10.93,Low Risk
24.14,-0.32,39.58,96.0,4.06,17.1,48.72,Medium Risk
36.05,-0.32,9.74,86.3,1.42,0.34,6.74,Low Risk
29.14,0.76,11.2,83.1,1.1,-1.0,0.0,Low Risk
31.18,0.42,2.47,113.4,1.2,1.43,0.0,Low Risk
23.89,0.14,14.26,52.6,0.71,-0.73,0.14,Low Risk
21.9,0.34,0.88,110.5,1.16,0.9,0.0,Low Risk
25.15,0.09,4.02,74.8,0.65,1.49,2.1,Low Risk
27.38,0.36,13.24,90.3,0.51,1.46,0.95,Low Risk
22.68,-0.07,4.46,74.1,1.18,1.14,3.66,Low Risk
27.95,0.23,0.61,67.4,1.36,0.56,0.78,Low Risk
19.56,-0.66,21.4,88.7,0.94,-0.22,3.77,Low Risk
22.4,-0.24,4.46,98.8,0.86,-0.62,0.0,Low Risk
31.35,-0.24,0.78,88.5,7.38,54.46,43.79,Medium Risk
31.02,-0.09,0.93,70.2,0.95,-0.04,0.58,Low Risk
26.04,-0.36,3.48,145.0,0.98,0.09,11.75,Low Risk
22.91,-0.17,2.35,101.6,1.42,1.05,0.29,Low Risk
22.86,-0.66,17.86,96.8,0.91,0.36,0.0,Low Risk
26.13,0.37,4.66,73.6,0.84,-0.1,0.0,Low Risk
31.22,0.06,19.6,68.7,1.2,2.89,0.0,Low Risk
32.64,-0.75,2.29,75.0,0.82,0.23,0.0,Low Risk
25.52,-0.32,8.15,99.5,0.96,1.12,0.0,Low Risk
22.23,0.27,13.98,62.2,5.54,54.33,43.04,Medium Risk
29.34,-0.17,12.67,60.8,1.05,0.17,0.13,Low Risk
23.88,-0.25,11.03,89.7,1.02,-0.05,0.0,Low Risk
25.41,0.06,31.05,85.7,1.24,-0.81,7.43,Low Risk
34.63,0.27,3.11,66.1,1.21,0.7,6.74,Low Risk
32.14,-0.62,8.17,60.4,1.14,0.53,1.16,Low Risk
28.79,0.38,25.85,105.9,1.1,-0.47,2.81,Low Risk
21.64,-0.3,0.97,86.4,0.98,1.51,2.24,Low Risk
29.06,0.09,0.69,55.5,1.15,1.0,3.29,Low Risk
33.31,0.08,3.19,56.7,0.72,0.52,1.95,Low Risk
26.12,-0.16,12.03,73.5,0.41,0.2,0.55,Low Risk
34.76,-0.41,3.61,93.2,1.29,0.33,3.1,Low Risk
34.46,-0.04,2.53,90.7,1.17,-0.45,2.02,Low Risk
36.32,0.91,7.37,100.4,0.97,0.02,3.5,Low Risk
29.53,-0.58,11.41,53.2,1.27,1.08,0.0,Low Risk
30.94,0.95,3.43,84.0,0.82,0.37,0.0,Low Risk
35.07,-0.03,4.29,105.7,0.82,2.21,5.01,Low Risk
30.24,0.12,11.41,104.0,0.79,0.02,0.0,Low Risk
25.49,-0.44,34.97,86.5,1.14,0.43,12.01,Low Risk
25.76,-0.29,13.48,122.3,0.6,0.88,0.0,Low Risk
29.19,-0.15,18.33,91.0,0.81,1.0,0.0,Low Risk
21.55,-0.42,5.48,98.8,1.07,0.3,0.12,Low Risk
27.28,-0.0,3.81,80.8,0.7,-0.06,0.1,Low Risk
33.48,-0.1,7.27,65.9,0.83,0.26,1.58,Low Risk
17.04,1.03,19.75,64.2,0.45,0.85,0.0,Low Risk
35.67,-0.48,7.31,83.3,1.15,0.29,5.52,Low Risk
33.61,0.15,22.51,76.2,0.83,2.45,4.91,Low Risk
25.7,0.22,53.87,48.2,0.73,0.27,55.44,Medium Risk
30.72,-0.44,0.9,61.5,0.68,0.7,0.0,Low Risk
28.02,0.44,0.56,74.3,0.9,0.53,0.0,Low Risk
34.15,-0.1,1.94,93.1,0.6,0.33,4.17,Low Risk
32.91,-1.15,5.82,79.7,1.49,1.2,1.24,Low Risk
21.0,0.43,1.69,78.7,0.4,-0.31,0.0,Low Risk
30.94,-0.46,24.54,62.2,0.89,2.39,0.0,Low Risk
26.97,-0.42,0.28,80.4,1.03,-0.04,0.7,Low Risk
28.41,0.44,4.55,103.7,0.81,0.88,0.0,Low Risk
24.36,-0.07,2.45,82.8,1.05,0.67,1.06,Low Risk
36.74,0.56,32.18,52.9,0.8,0.48,20.74,Low Risk
33.2,0.71,13.29,57.5,1.38,1.56,4.1,Low Risk
24.3,-0.22,29.17,90.6,0.72,2.06,5.9,Low Risk
21.33,0.5,43.05,76.0,0.41,-0.12,26.52,Low Risk
26.07,-0.28,8.25,78.7,0.68,-0.11,0.0,Low Risk
30.17,1.22,3.2,69.0,1.1,0.93,0.0,Low Risk
29.2,-0.25,2.58,89.1,0.97,0.46,0.27,Low Risk
34.27,0.61,3.03,74.6,1.19,0.1,2.2,Low Risk
31.95,0.52,14.8,76.6,1.13,0.27,0.0,Low Risk
32.85,0.26,0.5,64.7,0.84,0.1,0.0,Low Risk
29.63,-0.24,0.63,96.6,0.88,-0.4,0.0,Low Risk
21.05,0.02,11.24,76.0,0.9,0.72,1.99,Low Risk
27.02,-0.98,12.33,90.9,1.47,0.54,0.0,Low Risk
33.3,0.21,13.13,58.5,1.17,0.14,1.54,Low Risk
27.74,0.27,5.58,111.2,1.47,-1.02,0.0,Low Risk
30.52,0.17,19.68,103.0,1.21,0.23,0.0,Low Risk
26.41,-1.39,9.15,45.6,0.98,2.07,19.12,Low Risk
22.85,-0.53,1.34,65.6,0.75,0.23,2.51,Low Risk
27.38,-0.27,19.14,88.6,1.05,0.26,3.05,Low Risk
29.55,0.25,36.71,56.2,0.98,0.11,18.48,Low Risk
24.72,0.24,0.74,77.6,0.98,1.0,1.54,Low Risk
26.82,0.01,5.96,87.7,0.95,1.36,3.1,Low Risk
23.3,0.42,8.02,76.7,0.49,-0.02,0.0,Low Risk
33.6,-0.41,1.9,89.7,1.32,-0.7,7.84,Low Risk
26.53,0.41,24.27,67.5,0.99,0.23,0.0,Low Risk
35.26,0.34,4.01,40.0,0.65,0.08,24.25,Low Risk
35.64,0.29,18.33,97.7,1.12,0.33,0.0,Low Risk
27.59,0.01,13.34,97.6,0.79,1.46,1.5,Low Risk
22.96,1.02,10.94,125.1,1.14,-0.32,0.0,Low Risk
17.57,0.35,2.56,40.3,1.22,0.84,17.88,Low Risk
20.64,-0.38,2.99,93.5,1.25,0.84,2.74,Low Risk
21.13,0.22,0.58,44.6,0.96,0.9,19.51,Low Risk
34.89,0.48,3.3,111.6,0.9,1.06,5.61,Low Risk
28.58,-0.19,5.09,88.8,0.84,-1.01,0.0,Low Risk
29.95,0.64,21.49,62.9,0.82,0.98,0.0,Low Risk
16.9,0.29,5.48,94.0,1.0,0.49,1.79,Low Risk
22.01,-1.07,16.86,70.0,0.95,-0.05,0.34,Low Risk
32.44,0.25,6.95,85.4,0.79,1.82,1.08,Low Risk
29.43,-0.1,18.44,83.7,0.71,1.21,0.0,Low Risk
27.26,0.37,44.89,111.4,0.97,-0.15,27.52,Low Risk
30.82,0.57,3.29,112.7,0.89,0.12,0.0,Low Risk
36.18,0.2,23.8,69.2,0.71,1.36,7.79,Low Risk
26.89,0.93,11.67,99.0,1.21,0.48,0.06,Low Risk
28.35,0.01,20.4,86.4,1.44,-0.54,1.25,Low Risk
28.96,0.41,12.65,54.6,1.24,1.91,0.0,Low Risk
39.96,0.5,6.62,67.5,0.82,0.3,11.0,Low Risk
17.5,0.05,3.11,122.1,0.99,0.52,0.0,Low Risk
31.42,0.49,0.87,86.4,1.39,0.87,0.71,Low Risk
27.43,-0.2,9.2,98.0,6.46,32.95,46.16,Medium Risk
30.83,-0.11,55.66,76.2,4.5,42.47,79.99,High Risk
24.71,-0.56,16.07,70.3,0.64,-0.24,0.0,Low Risk
27.76,0.22,4.76,80.5,1.42,0.69,1.14,Low Risk
31.56,0.26,21.07,75.2,0.89,0.08,0.0,Low Risk
43.56,0.69,17.58,53.1,1.56,1.35,18.22,Low Risk
32.04,0.5,3.97,61.9,4.29,37.5,38.58,Low Risk
23.76,-0.04,0.17,92.7,0.97,0.36,0.0,Low Risk
25.88,-0.49,1.51,73.1,0.82,-0.74,0.0,Low Risk
25.73,0.32,25.18,80.5,1.05,0.8,1.18,Low Risk
19.02,0.66,21.74,84.2,0.95,0.62,5.3,Low Risk
26.35,0.48,4.2,85.6,0.9,-0.73,0.0,Low Risk
31.66,0.64,4.03,100.6,0.59,0.66,0.13,Low Risk
21.63,-0.01,18.89,60.2,0.87,1.03,1.97,Low Risk
33.24,-0.13,33.32,90.3,0.72,0.55,14.53,Low Risk
30.44,-0.27,18.12,93.6,1.14,0.1,0.0,Low Risk
24.33,0.07,11.16,97.7,1.25,1.6,1.37,Low Risk
27.29,0.06,3.34,54.6,1.19,1.96,0.0,Low Risk
35.99,0.2,8.95,84.6,1.09,-0.39,5.71,Low Risk
31.67,0.04,3.19,110.9,0.79,1.32,0.0,Low Risk
28.04,0.03,19.8,78.2,1.05,0.84,2.16,Low Risk
26.81,-0.29,5.87,88.7,1.2,0.01,0.59,Low Risk
28.38,0.57,21.53,94.0,0.85,0.33,0.0,Low Risk
25.44,0.14,5.77,61.5,1.03,0.37,0.66,Low Risk
17.48,0.01,20.86,113.0,6.84,31.51,45.18,Medium Risk
38.21,-0.27,4.87,89.0,1.42,0.14,0.0,Low Risk
28.78,-0.57,6.96,89.4,1.21,-0.96,1.54,Low Risk
29.99,0.75,11.47,50.1,1.15,0.33,0.63,Low Risk
27.71,0.38,0.87,94.3,0.57,1.25,0.0,Low Risk
24.32,-0.71,35.53,89.1,1.04,1.45,11.26,Low Risk
27.07,0.48,10.23,109.2,0.96,0.17,1.52,Low Risk
20.0,0.56,8.51,74.4,0.96,0.88,0.0,Low Risk
39.39,0.16,21.95,62.2,0.61,1.46,6.51,Low Risk
21.83,0.9,24.1,67.7,0.73,1.02,0.0,Low Risk
22.84,0.21,8.86,70.9,0.98,2.15,0.0,Low Risk
25.8,-0.61,31.45,59.9,1.28,1.61,8.78,Low Risk
34.44,0.28,0.8,103.2,0.85,0.16,3.88,Low Risk
28.07,0.22,1.44,103.9,0.9,0.42,1.9,Low Risk
21.82,-0.2,10.9,76.5,1.45,1.86,2.09,Low Risk
34.27,0.39,5.24,72.9,0.93,-0.44,3.31,Low Risk
31.66,-0.73,7.49,47.3,0.97,0.45,21.51,Low Risk
30.69,0.6,4.77,92.5,0.97,2.02,0.0,Low Risk
31.58,-0.34,6.22,109.8,0.66,2.12,0.0,Low Risk
39.97,-0.39,20.76,68.5,1.14,0.74,4.58,Low Risk
38.93,0.04,10.8,77.9,4.75,44.73,47.67,Medium Risk
24.57,0.32,71.17,87.8,0.99,0.21,44.26,Medium Risk
36.12,0.18,18.55,111.0,1.11,1.08,4.3,Low Risk
29.92,-0.27,3.84,83.6,1.49,-0.13,1.79,Low Risk
30.5,-0.15,3.68,83.5,0.67,2.38,0.0,Low Risk
19.54,-0.47,4.91,83.2,1.22,0.31,0.99,Low Risk
27.15,-0.01,22.24,54.3,1.22,1.56,0.0,Low Risk
23.94,0.64,0.33,54.0,0.84,0.4,0.29,Low Risk
32.14,0.1,3.14,65.5,1.15,0.75,1.96,Low Risk
33.36,0.53,28.24,98.2,1.41,0.5,8.12,Low Risk
17.63,0.83,12.26,74.0,0.81,0.05,0.24,Low Risk
27.89,-0.19,3.09,70.5,1.06,0.18,1.64,Low Risk
33.61,0.01,2.97,70.2,1.1,1.06,3.7,Low Risk
27.07,1.19,23.82,77.5,1.13,0.33,0.0,Low Risk
31.65,0.82,26.9,110.6,3.75,36.98,39.86,Low Risk
29.76,-0.74,3.55,77.3,1.04,0.99,1.77,Low Risk
29.71,0.29,6.55,65.8,6.63,33.34,48.73,Medium Risk
26.64,0.1,21.59,80.5,0.77,1.87,1.11,Low Risk
21.92,0.51,17.69,111.6,1.04,-0.3,0.0,Low Risk
22.39,-0.27,20.18,70.9,0.88,-0.12,0.8,Low Risk
31.55,-0.32,8.77,58.7,0.69,1.54,3.69,Low Risk
28.1,-0.24,29.1,71.0,5.24,40.74,49.45,Medium Risk
27.31,-0.19,4.73,82.3,1.07,0.31,0.0,Low Risk
25.88,0.51,2.04,92.4,1.11,-0.58,1.01,Low Risk
26.47,-0.49,14.8,98.1,5.51,46.69,45.12,Medium Risk
33.23,-0.21,9.3,61.2,0.77,0.48,2.03,Low Risk
26.32,-0.79,23.14,62.9,1.18,1.35,0.0,Low Risk
21.29,0.6,1.02,74.2,1.13,1.14,0.0,Low Risk
31.72,0.74,22.27,92.3,1.22,1.34,0.0,Low Risk
26.98,-0.06,4.17,57.3,1.34,1.35,0.58,Low Risk
28.16,-0.05,12.77,69.1,1.13,0.19,1.43,Low Risk
36.04,0.33,0.49,69.3,0.9,0.49,5.35,Low Risk
27.9,0.84,11.29,97.0,1.03,0.66,2.62,Low Risk
29.45,0.3,15.16,89.5,1.41,0.59,0.08,Low Risk
22.11,-0.25,5.52,96.3,1.69,1.05,1.53,Low Risk
26.9,-0.71,2.91,104.1,1.12,0.13,0.0,Low Risk
31.05,-0.46,9.26,74.5,1.13,0.75,0.3,Low Risk
20.22,0.14,21.49,58.6,1.18,0.04,0.7,Low Risk
29.0,-0.23,4.69,58.7,1.01,0.7,0.0,Low Risk
28.5,0.2,3.49,46.9,1.29,0.79,17.67,Low Risk
28.21,-0.18,3.92,71.7,1.25,-0.44,2.54,Low Risk
33.19,-0.43,35.74,73.1,1.09,0.78,16.54,Low Risk
29.67,-0.49,5.34,94.2,0.92,1.59,0.0,Low Risk
35.39,0.88,0.04,80.3,0.62,1.35,4.14,Low Risk
23.03,0.54,18.26,71.2,1.18,-0.44,3.18,Low Risk
28.68,0.97,14.42,77.9,1.05,-0.51,2.41,Low Risk
28.42,0.37,1.65,61.3,0.82,0.92,0.55,Low Risk
22.65,-0.11,50.32,98.5,0.72,0.62,36.79,Low Risk
32.78,0.76,11.24,65.9,1.17,0.38,4.0,Low Risk
39.62,0.08,8.34,59.5,0.6,-1.49,4.7,Low Risk
27.91,0.21,5.78,94.7,1.07,-0.32,2.12,Low Risk
30.53,0.08,27.47,90.3,7.04,22.44,46.87,Medium Risk
28.42,-1.37,3.36,49.0,1.14,0.84,17.87,Low Risk
24.43,0.9,4.04,95.4,0.9,2.09,0.03,Low Risk
18.9,0.35,1.57,66.7,0.69,1.19,1.48,Low Risk
24.47,0.26,17.08,73.3,7.34,28.21,47.52,Medium Risk
21.04,0.07,10.86,83.4,1.3,-0.75,0.0,Low Risk
36.52,0.18,11.27,90.6,0.86,0.77,5.13,Low Risk
27.42,-0.2,2.96,88.0,1.13,0.43,4.32,Low Risk
26.27,0.41,12.64,79.1,1.4,-0.4,0.0,Low Risk
32.45,-0.55,17.4,72.4,1.08,1.54,0.0,Low Risk
22.39,0.19,5.32,87.4,0.9,0.55,1.16,Low Risk
24.17,0.38,19.39,77.9,1.26,0.83,6.75,Low Risk
28.34,0.0,5.15,112.5,0.82,-0.16,0.19,Low Risk
33.14,0.29,17.03,90.6,0.68,0.79,1.87,Low Risk
30.51,-0.4,0.41,63.4,1.2,0.37,1.51,Low Risk
29.24,-0.38,9.61,71.4,0.9,2.33,1.87,Low Risk
28.39,0.22,41.89,80.9,0.92,0.06,21.3,Low Risk
30.0,0.44,47.72,103.4,0.84,-0.06,34.78,Low Risk
29.01,-0.84,3.97,105.4,0.88,0.7,0.0,Low Risk
22.85,0.36,6.99,72.9,1.35,0.32,0.13,Low Risk
28.23,-0.17,0.78,63.2,1.42,0.69,0.0,Low Risk
22.63,0.0,24.8,60.9,1.45,1.81,0.0,Low Risk
28.41,-0.57,10.09,84.5,1.27,-0.28,2.85,Low Risk
25.6,-0.33,5.84,121.5,1.12,0.59,2.29,Low Risk
40.7,0.58,1.44,89.7,0.64,-0.0,10.58,Low Risk
27.8,0.12,35.2,51.3,0.95,-0.03,9.33,Low Risk
20.98,-0.09,9.07,66.9,1.54,0.39,0.0,Low Risk
27.33,0.04,3.99,68.8,0.89,0.51,0.87,Low Risk
30.6,0.34,5.17,65.2,1.38,1.92,0.0,Low Risk
36.37,0.32,3.79,73.0,1.01,0.08,7.86,Low Risk
25.05,0.06,11.05,86.6,0.33,0.3,1.6,Low Risk
20.09,0.65,31.9,92.3,1.16,-0.99,12.48,Low Risk
32.08,0.59,23.31,99.7,1.32,0.86,0.0,Low Risk
21.1,0.31,7.4,89.4,0.99,0.6,0.0,Low Risk
25.82,0.13,21.02,44.8,1.31,0.98,18.46,Low Risk
26.71,0.43,6.6,61.0,4.29,55.29,43.87,Medium Risk
27.65,0.26,3.49,77.2,0.65,-0.95,0.0,Low Risk
31.45,0.63,49.19,82.7,4.61,15.01,69.27,Medium Risk
24.58,0.55,4.35,95.5,1.12,0.74,1.31,Low Risk
26.63,-0.41,4.69,80.8,1.34,0.8,0.0,Low Risk
27.93,-0.44,54.9,80.9,1.16,1.91,35.83,Low Risk
28.75,-0.25,1.73,84.3,0.7,0.11,0.25,Low Risk
28.49,0.59,17.15,75.4,1.05,-0.61,0.14,Low Risk
30.18,-0.69,32.95,81.6,1.15,-0.37,9.99,Low Risk
32.22,0.3,8.6,100.3,0.53,0.47,0.0,Low Risk
29.96,0.28,0.03,78.5,0.99,0.41,0.0,Low Risk
30.27,0.68,5.64,79.5,0.92,1.8,0.0,Low Risk
20.09,0.19,1.42,79.4,0.84,0.81,0.0,Low Risk
28.25,-0.57,6.46,103.4,7.37,15.21,44.63,Medium Risk
30.4,-0.38,18.73,60.1,7.85,40.01,45.15,Medium Risk
31.64,-0.49,6.93,112.0,1.1,0.02,2.35,Low Risk
24.54,-0.17,6.79,58.8,1.14,0.29,0.0,Low Risk
24.7,0.01,9.76,68.2,1.27,-0.06,0.88,Low Risk
25.13,-0.48,10.46,93.4,0.72,-0.47,2.82,Low Risk
30.68,0.84,23.28,98.5,0.62,0.62,0.57,Low Risk
33.17,-0.56,4.42,54.7,1.07,0.13,0.4,Low Risk
25.96,0.77,20.69,60.3,0.93,-0.51,0.0,Low Risk
32.54,0.69,10.01,85.0,1.73,1.78,4.44,Low Risk
28.62,0.55,4.29,122.2,1.11,0.45,2.25,Low Risk
27.38,-0.25,4.2,102.4,1.01,2.09,0.0,Low Risk
26.94,0.27,5.38,75.5,0.96,1.4,0.0,Low Risk
31.73,-0.54,11.7,40.0,0.7,0.13,20.81,Low Risk
29.63,0.56,3.15,81.5,1.14,1.98,0.91,Low Risk
39.38,0.06,30.36,86.5,0.98,1.38,14.09,Low Risk
23.74,-0.1,10.27,73.1,0.98,0.04,0.0,Low Risk
30.59,-0.51,30.31,64.7,1.02,0.25,4.44,Low Risk
25.35,-1.14,0.57,82.9,1.06,0.74,0.0,Low Risk
23.65,-0.42,5.03,63.0,0.57,0.33,0.0,Low Risk
27.95,0.66,0.28,113.7,1.21,1.33,0.0,Low Risk
28.69,-0.1,3.81,107.3,0.79,0.81,0.0,Low Risk
42.59,0.02,23.77,91.8,0.97,1.34,13.47,Low Risk
27.08,0.43,0.45,81.6,1.32,1.01,1.5,Low Risk
22.35,1.0,6.88,68.1,1.44,-0.04,0.0,Low Risk
29.37,0.76,1.5,79.6,0.57,-0.79,0.0,Low Risk
17.63,-0.39,6.47,109.5,1.01,-0.08,0.0,Low Risk
27.54,-0.87,21.91,95.6,1.07,2.19,0.0,Low Risk
28.08,1.28,11.71,83.7,0.62,1.28,1.61,Low Risk
31.97,1.23,16.02,96.6,1.2,0.6,2.71,Low Risk
32.87,0.19,5.15,89.8,1.03,1.61,2.81,Low Risk
25.48,-0.54,34.67,87.1,1.05,0.53,12.09,Low Risk
27.25,0.58,14.82,97.7,0.77,0.59,0.0,Low Risk
24.17,0.05,6.57,89.3,1.1,0.81,2.92,Low Risk
22.36,0.04,6.67,95.5,1.21,0.17,0.16,Low Risk
29.55,0.55,30.11,82.9,1.03,-0.21,5.69,Low Risk
21.63,0.27,10.31,75.4,0.87,0.85,0.18,Low Risk
25.93,-0.49,14.71,70.1,0.89,0.52,0.0,Low Risk
23.02,-0.06,6.48,68.0,1.06,0.31,0.0,Low Risk
30.75,0.43,3.04,51.1,7.03,59.75,43.78,Medium Risk
37.01,0.36,15.43,63.6,1.23,0.2,9.3,Low Risk
21.49,0.23,11.23,63.1,0.88,1.13,0.0,Low Risk
18.73,0.57,8.35,70.9,0.7,-0.46,1.39,Low Risk
27.38,-0.08,11.74,108.1,1.09,-0.52,0.36,Low Risk
28.08,0.19,2.8,77.2,0.88,-0.56,0.0,Low Risk
29.09,-1.59,18.95,84.4,1.2,0.51,3.15,Low Risk
25.77,-0.12,35.52,84.9,1.0,-0.58,12.3,Low Risk
27.0,0.48,26.61,108.6,1.16,1.89,1.08,Low Risk
29.84,-0.1,4.65,69.6,0.75,1.86,0.0,Low Risk
33.2,-0.13,6.25,76.0,1.04,0.82,3.4,Low Risk
18.22,-0.42,19.83,78.1,0.83,1.24,0.0,Low Risk
26.16,0.6,10.85,100.5,0.69,-0.18,0.0,Low Risk
29.07,0.37,9.53,104.2,0.78,1.43,1.71,Low Risk
23.41,0.51,31.35,88.5,0.86,0.26,8.33,Low Risk
36.66,-0.76,9.22,102.2,1.31,0.46,8.26,Low Risk
24.82,0.02,8.68,83.2,0.86,0.34,4.83,Low Risk
27.79,-0.04,0.52,76.9,0.68,-0.07,0.0,Low Risk
30.78,-0.04,0.86,101.2,1.03,0.97,0.88,Low Risk
25.04,-0.21,0.09,88.8,1.01,0.07,0.0,Low Risk
18.77,-0.07,29.34,66.8,0.88,0.29,4.9,Low Risk
25.86,0.52,6.3,98.0,0.96,-1.32,0.61,Low Risk
33.15,-0.86,7.59,76.2,1.24,0.8,4.59,Low Risk
26.32,0.99,22.4,74.0,1.17,0.42,0.0,Low Risk
23.77,0.34,11.28,96.1,1.15,-0.25,0.76,Low Risk
32.63,0.08,11.28,78.4,0.7,0.31,0.0,Low Risk
26.35,0.55,4.22,87.0,1.72,0.13,0.0,Low Risk
25.45,-0.63,21.54,91.9,6.89,31.61,43.87,Medium Risk
28.75,-0.23,2.18,65.9,1.13,1.8,0.0,Low Risk
31.85,0.04,0.66,86.9,0.71,1.63,0.35,Low Risk
39.91,0.78,2.55,104.3,1.24,1.07,6.67,Low Risk
32.14,0.08,3.74,62.8,0.87,1.5,0.0,Low Risk
33.8,0.33,3.98,88.1,0.95,0.1,1.83,Low Risk
25.47,-0.19,13.32,65.1,0.58,0.49,0.0,Low Risk
22.87,0.34,2.95,98.4,0.69,0.07,0.0,Low Risk
28.31,0.94,13.55,98.2,1.11,0.7,0.0,Low Risk
28.54,0.6,1.15,73.6,1.25,1.26,0.99,Low Risk
22.61,0.06,1.91,119.8,1.17,0.44,1.14,Low Risk
27.12,0.44,8.53,99.9,6.39,34.94,42.39,Medium Risk
30.0,0.39,30.6,92.7,7.57,53.33,55.19,Medium Risk
29.8,0.35,23.56,91.7,0.9,0.02,1.31,Low Risk
30.52,0.66,41.59,97.7,1.07,1.25,22.28,Low Risk
29.45,0.65,12.61,62.1,1.21,2.0,0.0,Low Risk
25.46,0.04,13.52,83.5,1.0,1.35,1.87,Low Risk
25.43,0.42,11.77,86.9,1.3,0.33,0.0,Low Risk
22.01,-0.09,11.7,72.8,0.95,0.59,1.46,Low Risk
36.92,-0.36,1.91,88.4,4.59,21.55,45.32,Medium Risk
28.07,-0.03,9.42,102.2,1.0,-0.22,1.65,Low Risk
26.88,0.06,5.85,72.4,1.03,0.08,1.15,Low Risk
23.36,-0.73,7.01,79.0,0.98,0.38,0.0,Low Risk
42.68,0.53,8.9,65.2,1.32,0.32,14.63,Low Risk
22.63,-1.28,1.65,47.8,1.2,-0.48,21.65,Low Risk
25.86,1.46,5.35,94.0,4.23,37.01,42.11,Medium Risk
30.08,0.85,0.79,79.5,1.38,0.45,1.3,Low Risk
31.0,-0.03,46.75,80.9,0.31,-1.3,29.98,Low Risk
32.79,0.1,1.51,62.2,1.54,0.4,4.09,Low Risk
37.04,0.25,3.59,76.7,0.93,-1.38,8.23,Low Risk
30.53,-0.19,26.63,99.7,0.95,-0.31,5.59,Low Risk
22.72,0.2,7.91,80.0,0.98,-0.45,0.0,Low Risk
26.72,0.03,1.75,80.5,1.1,0.31,0.0,Low Risk
29.54,0.05,5.82,83.7,1.0,-0.05,0.0,Low Risk
38.34,0.19,1.48,57.7,0.97,0.23,3.47,Low Risk
21.01,-0.56,2.68,91.2,1.33,2.02,0.0,Low Risk
34.01,0.12,0.64,57.4,1.14,-0.27,1.43,Low Risk
28.9,0.18,6.92,63.1,0.76,1.38,1.91,Low Risk
32.19,0.16,19.72,61.1,1.19,0.98,0.0,Low Risk
27.49,-0.01,10.58,76.8,1.13,0.81,1.13,Low Risk
23.79,0.67,11.19,73.7,0.86,1.49,0.0,Low Risk
31.75,-0.08,2.69,80.0,1.2,0.14,1.4,Low Risk
31.27,0.21,5.06,63.7,0.96,0.38,1.7,Low Risk
32.86,0.75,22.39,98.1,0.94,-0.18,3.83,Low Risk
27.93,0.06,1.1,95.0,0.94,-1.41,0.0,Low Risk
25.0,0.21,23.42,76.9,0.39,0.58,0.0,Low Risk
20.21,0.05,7.93,71.4,0.87,1.88,0.0,Low Risk
32.1,0.72,21.78,69.6,1.18,-0.61,2.57,Low Risk
30.12,-0.03,4.59,74.4,0.99,-0.53,0.0,Low Risk
23.17,0.74,4.97,54.8,0.68,0.74,0.0,Low Risk
25.31,0.05,16.71,62.7,1.24,0.32,0.0,Low Risk
25.67,-0.33,18.45,95.5,0.93,1.7,0.37,Low Risk
20.59,0.44,3.13,85.4,0.69,0.09,0.23,Low Risk
23.91,-0.05,43.29,109.4,1.55,1.73,23.82,Low Risk
22.33,0.41,1.06,74.6,0.74,0.86,0.0,Low Risk
25.94,-1.26,0.85,73.5,4.64,47.96,44.81,Medium Risk
24.31,0.1,10.86,72.7,0.81,-0.14,0.0,Low Risk
19.86,-0.13,15.39,74.3,1.03,0.32,0.0,Low Risk
38.11,-0.43,38.9,68.1,0.77,0.63,18.64,Low Risk
34.26,-0.18,6.23,84.9,0.69,0.78,2.24,Low Risk
24.1,-0.19,0.31,80.5,1.13,-0.08,0.0,Low Risk
29.36,0.08,11.08,70.8,1.1,0.1,0.0,Low Risk
30.09,-0.58,4.1,102.5,7.66,54.88,45.58,Medium Risk
33.96,0.26,6.81,114.1,0.99,1.22,3.05,Low Risk
23.91,0.78,8.04,101.0,1.56,-0.48,0.0,Low Risk
33.46,0.24,0.8,90.0,1.07,0.71,1.9,Low Risk
25.26,0.5,7.99,93.7,1.14,1.47,0.0,Low Risk
21.32,0.65,6.67,113.4,3.77,46.86,43.78,Medium Risk
31.62,0.72,14.96,93.7,0.85,0.92,0.0,Low Risk
34.45,1.04,12.45,69.5,1.13,0.96,2.04,Low Risk
40.94,-0.15,2.46,87.1,6.01,37.49,48.42,Medium Risk
22.0,-0.26,2.77,91.3,1.05,-0.12,1.89,Low Risk
31.49,0.49,3.47,62.1,0.8,0.08,0.0,Low Risk
25.95,0.45,2.37,74.9,1.03,0.5,0.64,Low Risk
31.92,0.49,12.85,99.8,1.03,0.06,1.56,Low Risk
20.65,1.04,62.28,47.2,6.06,16.05,100.0,High Risk
21.69,0.11,12.67,57.5,1.16,0.24,0.0,Low Risk
24.12,0.31,11.2,76.8,0.57,-0.75,0.12,Low Risk
28.39,-0.39,6.33,86.4,1.05,-1.67,4.62,Low Risk
24.79,1.17,4.5,55.6,1.44,0.07,0.0,Low Risk
31.3,-0.07,29.04,77.7,1.17,0.62,4.61,Low Risk
33.13,-0.05,41.69,100.8,1.17,0.5,26.73,Low Risk
31.0,-0.07,8.24,81.2,0.78,-0.37,1.19,Low Risk
36.09,-0.22,4.11,96.9,1.44,1.17,5.14,Low Risk
30.08,-0.26,17.64,69.3,1.34,0.18,0.0,Low Risk
21.92,-0.16,1.71,65.4,0.79,1.18,0.0,Low Risk
34.82,-0.58,17.41,95.3,0.88,1.21,7.86,Low Risk
24.97,-0.29,20.51,86.6,1.31,1.16,0.0,Low Risk
32.55,1.07,1.6,58.7,1.45,1.01,2.45,Low Risk
35.87,0.47,45.2,65.6,0.68,-0.45,31.87,Low Risk
30.28,0.56,50.81,108.2,0.75,0.34,36.92,Low Risk
20.52,0.69,33.12,63.4,0.96,1.69,13.14,Low Risk
23.41,1.02,8.22,96.8,0.46,0.3,0.06,Low Risk
34.61,-0.79,3.39,71.4,1.0,-0.73,6.38,Low Risk
27.15,-0.51,10.47,79.9,1.3,1.07,0.0,Low Risk
28.4,-0.3,6.54,85.3,0.64,0.93,3.96,Low Risk
31.79,-0.13,2.77,42.2,1.03,0.41,19.76,Low Risk
31.48,-0.05,6.61,53.7,0.85,0.27,0.0,Low Risk
29.39,-0.12,13.08,81.6,1.41,0.69,0.66,Low Risk
26.96,0.21,0.88,67.0,0.86,1.1,0.0,Low Risk
26.44,0.12,4.87,97.9,1.38,0.56,0.48,Low Risk
32.29,-0.26,0.22,51.1,0.85,0.96,0.0,Low Risk
30.77,-0.99,16.61,90.2,1.19,1.83,1.94,Low Risk
26.71,-0.4,12.28,55.2,1.06,0.28,1.78,Low Risk
33.41,-0.17,0.78,73.7,0.97,2.65,0.59,Low Risk
27.35,-0.02,40.14,60.8,0.8,1.95,20.31,Low Risk
23.74,-0.46,0.27,114.2,1.08,0.12,1.94,Low Risk
24.21,-0.15,10.7,55.9,0.89,2.13,3.9,Low Risk
23.11,-0.47,17.97,77.8,0.83,0.07,0.02,Low Risk
26.64,0.04,18.61,48.9,1.37,2.45,21.66,Low Risk
34.17,-0.44,0.42,108.8,1.14,0.29,4.76,Low Risk
23.97,-0.32,28.43,87.2,1.16,0.91,6.32,Low Risk
28.94,-0.55,30.08,82.5,0.9,0.9,2.51,Low Risk
24.72,0.02,9.89,106.5,0.95,0.19,0.0,Low Risk
26.7,-0.33,7.9,82.7,0.94,0.86,2.94,Low Risk
20.45,0.55,0.55,84.0,1.08,1.43,0.0,Low Risk
26.9,0.3,9.91,82.4,1.16,0.57,0.0,Low Risk
27.03,0.07,6.32,90.1,0.99,0.71,3.94,Low Risk
30.7,-0.3,17.78,71.1,0.8,1.15,0.0,Low Risk
29.12,0.29,6.21,76.1,1.19,-0.39,0.27,Low Risk
22.01,0.45,13.81,94.6,1.01,0.57,0.84,Low Risk
33.42,0.17,1.28,85.0,0.64,1.51,4.47,Low Risk
29.05,0.9,1.71,77.9,0.47,0.28,1.23,Low Risk
28.99,0.33,1.81,54.8,1.07,0.98,0.0,Low Risk
27.95,0.56,0.56,107.0,0.79,-0.83,0.02,Low Risk
25.41,0.17,9.35,68.1,1.11,0.58,0.0,Low Risk
29.09,0.44,18.96,97.8,0.81,0.39,1.81,Low Risk
30.38,-0.3,11.31,83.2,1.03,0.54,0.0,Low Risk
19.27,-0.13,10.27,56.7,0.91,0.37,0.44,Low Risk
25.31,0.27,13.7,102.5,1.44,1.49,0.0,Low Risk
26.73,0.27,4.98,84.6,1.24,-0.23,4.01,Low Risk
29.28,0.35,5.39,104.0,1.34,0.22,0.0,Low Risk
33.97,0.65,4.53,76.7,1.01,-0.13,7.2,Low Risk
24.14,-0.61,14.94,92.7,1.21,-0.56,0.0,Low Risk
25.51,-0.39,2.12,48.3,1.02,0.45,21.83,Low Risk
25.44,0.21,0.16,71.0,4.79,48.16,45.24,Medium Risk
23.99,-0.26,10.88,57.1,0.98,0.7,0.0,Low Risk
26.26,1.79,34.25,73.3,0.65,0.72,11.98,Low Risk
31.85,0.36,11.28,88.5,0.5,0.63,2.25,Low Risk
22.73,0.06,18.33,69.1,1.42,0.96,0.0,Low Risk
30.14,-0.16,13.41,95.5,1.12,-1.37,0.0,Low Risk
19.49,-0.14,8.26,64.6,1.14,1.7,0.0,Low Risk
25.19,0.12,15.21,95.9,5.57,21.17,45.01,Medium Risk
26.35,0.16,20.85,103.6,7.34,24.06,43.04,Medium Risk
36.37,-0.13,3.05,98.2,0.91,-0.3,6.68,Low Risk
26.63,-0.04,4.92,73.8,0.94,-0.52,1.18,Low Risk
16.99,0.77,3.04,41.7,1.19,0.91,21.26,Low Risk
18.01,0.79,7.22,90.5,0.83,1.08,0.75,Low Risk
28.17,0.23,25.96,77.7,0.7,-0.48,5.4,Low Risk
31.07,-0.57,5.08,62.4,0.7,0.98,3.16,Low Risk
29.88,0.37,5.63,70.0,1.29,1.06,0.0,Low Risk
28.84,0.88,23.62,105.8,5.81,31.73,46.25,Medium Risk
33.81,0.78,8.69,59.5,0.86,0.62,3.86,Low Risk
25.3,0.47,9.2,88.4,6.72,18.84,42.79,Medium Risk
32.47,0.81,23.66,83.9,0.83,1.87,0.0,Low Risk
19.84,0.13,8.09,73.6,0.57,0.04,0.0,Low Risk
23.48,0.41,13.73,91.6,0.6,1.2,0.0,Low Risk
18.96,-0.24,1.07,109.4,0.99,0.84,1.29,Low Risk
26.63,0.25,2.36,74.7,1.12,-0.6,2.14,Low Risk
27.77,0.76,6.22,75.6,0.95,-0.64,4.43,Low Risk
28.57,-0.19,8.19,91.2,1.11,0.63,1.58,Low Risk
28.31,-0.33,40.48,96.5,0.6,-0.78,22.49,Low Risk
23.36,0.15,42.34,77.7,0.61,-1.42,27.95,Low Risk
27.05,-0.01,22.86,74.5,6.84,20.69,48.11,Medium Risk
20.51,0.42,4.55,40.1,1.31,-0.27,18.88,Low Risk
34.82,-0.13,39.9,66.0,1.19,1.24,24.84,Low Risk
26.48,0.96,14.03,59.5,0.84,0.69,1.39,Low Risk
25.56,-0.54,5.99,92.3,0.94,2.36,0.0,Low Risk
35.94,0.73,14.51,75.6,1.0,2.01,6.7,Low Risk
21.79,-0.28,0.2,74.9,1.33,0.95,0.88,Low Risk
22.37,-0.8,1.9,79.8,1.1,-0.63,1.47,Low Risk
22.52,0.22,21.24,64.3,1.13,1.73,1.75,Low Risk
27.66,-0.03,12.45,108.0,0.96,-0.49,0.0,Low Risk
30.16,-0.45,5.43,103.4,1.2,1.36,0.88,Low Risk
31.7,-0.74,8.33,109.1,1.08,-0.29,0.0,Low Risk
40.86,0.1,28.26,92.3,1.01,0.1,14.12,Low Risk
16.75,0.59,11.98,79.5,0.81,2.36,0.41,Low Risk
31.04,0.39,6.09,109.1,0.97,0.7,1.94,Low Risk
25.21,0.13,1.54,67.7,0.73,-0.12,0.0,Low Risk
25.07,0.34,4.17,64.3,0.99,0.33,0.0,Low Risk
24.9,0.09,45.99,69.2,1.02,0.69,30.02,Low Risk
23.46,-0.61,6.9,89.4,0.4,-0.18,0.0,Low Risk
36.42,-0.61,7.66,66.3,0.94,1.02,8.66,Low Risk
32.21,-0.0,8.28,77.2,0.71,-0.15,2.36,Low Risk
28.12,0.02,25.86,51.2,1.12,-1.21,2.13,Low Risk
34.76,0.53,11.11,88.7,1.16,0.33,3.5,Low Risk
20.44,0.48,14.2,52.7,0.89,0.01,0.0,Low Risk
21.35,0.4,5.92,63.2,1.14,0.62,1.79,Low Risk
17.11,-0.04,0.35,101.9,1.15,0.34,1.22,Low Risk
24.5,-0.59,32.08,101.2,0.94,1.19,8.19,Low Risk
28.81,0.31,35.74,86.7,1.38,1.07,15.88,Low Risk
28.51,0.36,35.75,85.0,0.82,-1.11,18.02,Low Risk
28.75,-1.09,34.52,70.4,1.37,0.46,14.47,Low Risk
20.94,-0.32,20.26,66.1,0.94,0.14,0.0,Low Risk
32.02,-0.25,13.85,73.5,0.79,0.26,0.0,Low Risk
29.2,0.16,22.33,52.8,0.91,-0.93,0.0,Low Risk
31.67,-0.3,11.01,84.5,0.73,-2.04,0.0,Low Risk
18.54,0.08,1.73,80.9,1.2,1.7,0.0,Low Risk
29.56,-0.01,5.96,63.2,0.6,0.31,0.22,Low Risk
22.06,0.02,42.61,108.2,1.35,0.73,21.53,Low Risk
26.01,-0.26,5.19,90.9,0.77,-0.05,1.56,Low Risk
30.67,-0.22,24.28,92.5,1.21,-0.65,0.0,Low Risk
28.46,-0.44,1.17,71.2,1.01,0.06,2.64,Low Risk
23.74,0.29,4.88,80.0,1.07,-0.31,0.0,Low Risk
28.03,0.39,5.19,91.3,0.85,0.99,0.0,Low Risk
20.34,-0.29,0.64,82.8,1.09,0.77,0.22,Low Risk
33.75,0.86,1.52,108.8,1.03,1.03,0.32,Low Risk
26.97,-0.06,2.58,76.3,0.64,0.81,0.98,Low Risk
33.59,0.87,21.83,70.9,0.76,-1.05,0.09,Low Risk
25.37,-0.22,0.79,91.4,0.86,0.21,0.86,Low Risk
25.38,-0.91,4.26,57.2,0.81,-0.16,2.97,Low Risk
24.18,0.3,0.12,96.6,1.31,0.63,1.19,Low Risk
32.38,0.22,14.27,56.6,1.0,-0.02,0.0,Low Risk
24.45,0.12,11.62,91.5,0.81,0.75,2.33,Low Risk
31.22,-0.22,12.43,68.3,0.88,0.79,4.65,Low Risk
26.09,0.08,5.63,88.6,0.87,0.3,0.5,Low Risk
18.12,-0.16,2.8,96.3,0.93,0.72,0.0,Low Risk
25.15,-0.05,15.29,82.8,0.73,0.8,0.15,Low Risk
22.1,0.52,20.0,58.4,0.8,0.6,0.0,Low Risk
28.17,0.19,1.79,63.9,1.19,0.78,2.27,Low Risk
22.05,0.4,8.01,66.9,1.05,1.03,0.61,Low Risk
32.63,-0.02,3.43,45.9,0.96,0.21,19.89,Low Risk
27.54,-0.07,2.21,100.3,1.0,-0.09,1.04,Low Risk
27.11,-0.48,15.91,82.0,0.99,0.78,0.0,Low Risk
31.28,-0.09,9.27,59.6,0.95,0.04,0.0,Low Risk
32.82,-1.56,2.92,106.2,1.13,0.49,1.23,Low Risk
27.9,-0.2,4.45,67.4,1.11,0.39,3.61,Low Risk
24.14,0.06,40.81,84.5,0.61,1.85,19.88,Low Risk
19.13,0.38,22.66,65.1,0.97,1.11,1.55,Low Risk
24.57,-0.03,25.44,43.7,0.62,1.49,19.21,Low Risk
24.91,0.27,7.39,55.4,1.16,0.83,3.53,Low Risk
28.54,-0.99,11.73,71.9,1.19,0.73,0.0,Low Risk
26.27,0.07,5.67,96.2,0.85,0.83,0.0,Low Risk
31.44,-0.74,0.97,86.2,0.97,0.13,1.54,Low Risk
24.94,-0.5,6.15,82.5,0.47,-0.41,0.0,Low Risk
27.71,0.01,10.82,43.8,1.24,0.96,21.63,Low Risk
33.92,0.74,4.06,102.9,1.18,0.91,5.32,Low Risk
29.71,0.29,22.6,84.0,1.29,1.64,0.38,Low Risk
27.7,0.11,1.97,77.9,1.37,1.19,2.04,Low Risk
24.99,0.09,5.49,100.4,0.69,0.15,0.0,Low Risk
24.83,-0.26,1.6,102.5,1.22,-0.39,0.73,Low Risk
23.75,-0.17,6.23,100.8,1.37,0.78,0.0,Low Risk
25.29,0.31,0.49,75.6,0.63,0.52,3.02,Low Risk
31.78,-0.59,3.82,61.9,0.96,0.05,0.0,Low Risk
26.89,0.4,6.14,97.8,0.91,0.94,0.0,Low Risk
21.25,-0.09,7.8,55.4,1.21,-0.45,0.0,Low Risk
36.84,0.51,9.42,115.1,0.4,0.0,7.69,Low Risk
29.6,0.58,3.86,80.5,1.45,2.78,0.51,Low Risk
20.97,-0.74,8.88,60.9,0.97,-0.29,0.08,Low Risk
25.79,-0.19,8.54,57.8,1.23,0.85,1.61,Low Risk
28.55,-0.33,4.56,57.0,0.98,1.3,2.21,Low Risk
36.52,-0.81,21.28,82.5,1.12,1.18,7.51,Low Risk
22.46,-0.42,9.47,79.9,0.42,1.04,0.0,Low Risk
32.88,1.32,4.85,57.8,0.9,0.86,0.21,Low Risk
35.0,0.4,35.33,73.6,1.21,0.49,20.32,Low Risk
24.86,1.06,22.38,55.4,1.07,1.65,0.5,Low Risk
26.61,0.51,48.61,90.6,0.59,1.61,31.76,Low Risk
22.82,-0.27,14.14,79.0,1.02,1.3,2.07,Low Risk
26.98,-0.09,5.7,73.2,0.8,1.78,1.18,Low Risk
27.82,0.39,3.96,56.8,0.77,1.26,2.04,Low Risk
31.3,0.32,13.06,74.6,0.62,0.23,0.76,Low Risk
33.45,-0.19,47.44,72.5,1.15,-0.05,32.17,Low Risk
24.26,-0.65,11.82,85.7,1.28,0.8,2.91,Low Risk
18.16,1.74,25.61,83.0,1.53,0.73,2.21,Low Risk
27.89,0.03,4.79,94.3,0.63,0.87,1.07,Low Risk
29.47,-0.06,6.27,71.3,1.19,1.73,1.81,Low Risk
29.25,0.16,28.41,46.5,1.21,0.2,24.25,Low Risk
26.37,-0.02,16.97,97.8,0.85,0.38,1.14,Low Risk
28.62,0.16,47.82,63.2,0.77,0.74,31.74,Low Risk
35.58,0.74,17.89,60.1,0.73,0.38,3.89,Low Risk
29.91,0.04,7.14,79.2,0.87,-0.97,0.0,Low Risk
26.13,-0.48,9.09,85.4,1.05,0.13,0.0,Low Risk
25.5,0.02,27.69,70.4,1.34,-0.29,4.54,Low Risk
27.15,-0.13,9.63,70.3,1.28,1.59,0.0,Low Risk
36.18,0.81,3.54,73.0,0.6,-0.16,5.27,Low Risk
27.08,0.69,6.86,105.5,0.8,0.47,0.0,Low Risk
27.9,0.15,8.72,80.0,6.23,40.18,41.95,Medium Risk
25.59,-0.54,1.22,62.6,0.82,0.9,2.13,Low Risk
33.49,-0.51,16.34,62.8,0.99,0.71,6.3,Low Risk
37.8,0.11,1.39,75.5,0.57,0.75,5.11,Low Risk
30.25,0.27,6.23,84.3,1.29,-0.2,0.77,Low Risk
28.41,-0.09,19.59,88.7,4.04,49.03,41.57,Medium Risk
28.18,-0.14,7.56,82.2,0.59,-0.61,1.62,Low Risk
16.08,-0.2,22.14,64.8,5.57,28.25,47.82,Medium Risk
31.73,0.09,5.02,72.4,1.48,-0.12,1.56,Low Risk
28.67,-1.09,37.94,93.2,0.93,1.58,16.27,Low Risk
30.14,-0.45,2.82,59.4,0.99,-1.08,0.0,Low Risk
24.44,-0.21,0.47,71.6,1.23,2.04,0.0,Low Risk
26.08,0.7,24.71,90.8,1.07,0.69,1.39,Low Risk
25.94,-0.31,16.74,95.8,0.91,0.25,0.0,Low Risk
33.11,0.19,3.17,76.5,0.88,0.94,3.04,Low Risk
26.11,0.21,50.19,72.6,0.61,1.67,35.08,Low Risk
38.41,0.75,8.37,56.2,6.54,18.72,49.65,Medium Risk
30.15,0.73,36.21,89.5,0.98,0.5,15.93,Low Risk
21.62,0.07,8.44,103.7,0.89,-1.1,0.0,Low Risk
27.36,-0.14,7.66,126.2,0.75,0.43,0.0,Low Risk
24.74,-0.23,7.16,87.0,0.77,0.08,0.0,Low Risk
17.03,-0.02,4.89,79.1,1.15,1.02,3.3,Low Risk
36.0,-0.12,9.16,63.4,3.75,55.09,50.96,Medium Risk
31.52,0.38,7.23,46.2,0.92,-0.41,23.6,Low Risk
30.67,0.31,0.45,83.2,0.89,0.08,0.0,Low Risk
28.83,0.4,3.62,122.3,0.79,1.59,0.0,Low Risk
21.09,0.73,2.88,102.9,1.23,0.6,0.0,Low Risk
25.58,1.03,24.25,100.1,1.01,1.29,0.0,Low Risk
32.21,0.16,10.96,84.4,1.09,0.17,0.0,Low Risk
22.74,0.65,17.31,86.5,1.09,1.44,0.0,Low Risk
15.34,-0.08,37.71,40.0,0.92,-0.19,39.89,Low Risk
26.86,0.69,12.4,93.7,0.71,-0.11,0.0,Low Risk
27.29,0.63,48.62,69.6,0.75,1.59,32.44,Low Risk
28.68,0.6,4.48,67.4,1.28,1.56,0.0,Low Risk
31.64,0.15,2.47,74.2,0.82,-1.03,0.33,Low Risk
31.19,-0.23,6.2,73.6,0.9,1.3,0.0,Low Risk
29.29,-0.6,7.64,67.1,0.72,-0.57,0.0,Low Risk
33.98,0.08,27.09,80.2,0.7,1.35,6.68,Low Risk
20.41,0.87,9.85,70.0,5.36,40.66,48.26,Medium Risk
30.52,-0.05,4.15,81.8,1.42,1.76,0.0,Low Risk
31.13,0.49,16.29,53.2,1.16,1.86,0.0,Low Risk
21.8,0.52,8.46,76.1,0.87,0.69,0.0,Low Risk
20.49,-0.04,2.12,60.3,1.27,0.3,0.0,Low Risk
24.27,0.76,10.32,68.5,0.96,0.48,0.0,Low Risk
24.69,-1.35,29.08,82.6,1.34,0.4,5.91,Low Risk
31.77,-0.51,22.19,51.1,1.55,0.29,1.15,Low Risk
24.93,-0.36,10.61,65.2,1.26,0.35,0.0,Low Risk
23.72,-0.31,5.68,90.2,1.02,1.4,0.0,Low Risk
24.94,0.27,1.09,54.6,1.17,-0.54,1.35,Low Risk
33.59,0.25,7.61,112.0,1.0,1.36,2.33,Low Risk
28.07,0.3,16.74,101.7,0.54,0.49,0.31,Low Risk
27.1,0.4,5.36,71.1,0.84,-0.68,0.0,Low Risk
27.45,-0.38,3.22,65.8,0.76,0.98,0.18,Low Risk
34.46,-0.51,32.15,83.6,0.83,-0.74,16.86,Low Risk
24.25,0.3,20.68,53.9,1.45,0.57,1.15,Low Risk
34.58,-0.22,12.2,44.0,1.28,2.2,19.8,Low Risk
29.05,-0.69,1.77,71.7,1.11,0.14,0.33,Low Risk
27.2,0.59,1.88,77.6,1.2,0.2,3.53,Low Risk
40.5,0.8,1.31,81.7,0.53,1.13,10.35,Low Risk
22.72,0.88,11.49,68.9,1.18,1.01,0.0,Low Risk
26.23,0.19,1.47,102.9,1.23,1.01,0.0,Low Risk
21.84,0.41,22.19,53.1,0.44,0.14,0.0,Low Risk
32.76,0.78,59.48,59.5,1.19,0.88,37.4,Low Risk
36.45,-0.22,5.48,88.8,0.64,0.04,9.91,Low Risk
36.35,0.66,7.25,59.1,0.51,0.87,4.4,Low Risk
34.12,0.24,14.92,58.4,1.33,0.4,3.09,Low Risk
27.01,0.56,33.2,82.2,0.75,1.11,11.48,Low Risk
26.17,0.19,26.94,61.0,0.82,1.22,5.82,Low Risk
19.64,0.75,0.71,77.6,1.25,0.85,0.0,Low Risk
38.18,0.21,2.22,67.4,0.92,-0.12,3.78,Low Risk
30.34,-0.64,16.86,64.5,0.95,-0.71,0.0,Low Risk
25.54,0.83,14.01,42.2,0.95,-0.41,19.76,Low Risk
34.64,-0.37,1.72,82.5,1.09,-0.28,3.22,Low Risk
23.14,0.73,8.37,57.6,0.94,2.89,0.0,Low Risk
30.03,0.05,18.21,77.0,1.03,1.03,2.01,Low Risk
27.14,0.69,2.96,70.8,0.87,0.68,1.44,Low Risk
31.19,0.67,24.6,76.3,1.09,0.06,0.0,Low Risk
27.68,0.32,0.65,77.3,7.17,28.8,44.07,Medium Risk
20.75,0.35,18.29,83.5,1.47,0.35,0.0,Low Risk
28.38,0.31,11.48,66.9,7.32,57.5,43.91,Medium Risk
33.24,-0.91,4.54,102.4,0.95,0.98,1.8,Low Risk
27.85,0.16,15.32,46.7,1.06,0.83,20.63,Low Risk
31.88,-0.46,18.3,75.9,1.24,0.55,0.93,Low Risk
22.77,0.19,32.6,95.1,0.73,-0.31,8.81,Low Risk
27.87,-0.47,5.5,88.6,1.03,0.55,0.0,Low Risk
24.88,-0.49,13.9,62.5,0.37,1.37,0.0,Low Risk
31.73,0.9,11.07,65.5,0.93,1.1,0.0,Low Risk
28.16,0.63,8.94,61.9,1.27,0.75,1.35,Low Risk
31.45,0.1,26.53,90.8,0.82,1.15,0.0,Low Risk
33.44,0.19,0.04,66.7,1.04,-0.46,3.31,Low Risk
31.46,-0.02,3.98,84.6,0.87,0.37,0.12,Low Risk
29.37,0.38,9.27,84.8,0.79,0.47,0.0,Low Risk
23.01,-0.24,2.36,122.6,1.24,-0.36,0.64,Low Risk
27.99,0.6,28.61,85.6,0.74,0.91,6.24,Low Risk
25.33,-0.03,12.52,65.4,1.07,1.05,0.0,Low Risk
26.28,-0.11,7.8,53.7,1.08,0.63,3.9,Low Risk
26.13,0.11,20.23,75.0,0.79,0.66,0.0,Low Risk
23.1,-0.2,7.19,77.9,1.04,0.02,0.92,Low Risk
18.21,0.26,9.82,40.2,0.77,0.03,20.87,Low Risk
24.66,-0.17,0.03,67.2,1.13,-0.59,0.33,Low Risk
28.97,0.33,5.46,85.4,0.67,0.35,0.0,Low Risk
21.26,0.71,1.79,70.4,0.92,0.02,0.18,Low Risk
28.08,-0.26,14.04,97.4,0.94,-0.14,0.01,Low Risk
37.5,0.03,7.82,51.9,1.28,0.54,8.82,Low Risk
33.12,0.33,4.31,92.2,1.04,0.2,4.73,Low Risk
36.22,-0.12,7.57,96.5,1.24,-0.63,5.72,Low Risk
29.96,0.33,2.82,97.2,1.14,0.06,0.0,Low Risk
33.84,0.38,31.1,51.8,1.14,0.39,11.38,Low Risk
24.38,0.64,0.67,85.7,0.92,-0.38,0.0,Low Risk
24.78,-0.2,24.07,68.0,1.26,0.78,0.0,Low Risk
15.0,-0.37,8.59,54.7,0.91,0.56,0.0,Low Risk
33.93,-0.05,11.58,72.6,0.57,-0.2,0.11,Low Risk
35.7,-0.38,4.32,63.7,0.95,1.12,2.98,Low Risk
25.23,0.38,40.83,96.6,1.11,1.61,25.08,Low Risk
26.73,-0.48,3.97,89.2,0.6,0.44,2.11,Low Risk
24.23,1.27,10.67,59.3,0.78,0.33,0.0,Low Risk
29.91,0.75,60.28,67.0,0.69,0.24,35.92,Low Risk
33.62,0.11,25.55,73.1,1.2,0.08,0.0,Low Risk
19.29,0.53,9.22,78.7,1.42,-0.25,0.0,Low Risk
30.05,-0.72,55.72,98.1,0.95,0.59,38.01,Low Risk
26.62,1.36,14.5,92.4,1.13,-0.11,0.0,Low Risk
28.57,-0.2,2.81,80.9,1.13,-1.58,1.88,Low Risk
30.29,0.04,6.24,75.3,1.39,2.13,0.0,Low Risk
27.06,-0.83,4.89,48.1,0.84,1.86,19.42,Low Risk
27.48,0.34,5.06,103.3,0.95,0.59,1.08,Low Risk
26.93,-0.45,17.15,72.0,7.63,32.48,42.32,Medium Risk
32.85,0.15,10.53,108.0,1.02,2.34,1.68,Low Risk
30.09,-0.17,0.47,83.5,1.63,0.92,0.31,Low Risk
29.1,-0.44,25.19,116.5,1.01,0.21,0.0,Low Risk
21.65,-0.3,4.23,90.9,0.79,1.71,2.68,Low Risk
26.11,0.21,70.01,54.2,0.71,-0.3,42.38,Medium Risk
32.49,-0.54,37.0,68.9,1.31,-1.16,14.37,Low Risk
28.19,-0.27,33.87,77.0,0.79,-0.02,11.65,Low Risk
31.3,0.43,20.0,64.3,1.17,1.08,0.0,Low Risk
36.83,1.4,2.99,73.2,0.83,2.32,7.01,Low Risk
33.19,0.34,9.13,55.4,0.68,-0.07,0.0,Low Risk
28.47,-0.36,3.05,80.1,1.15,-0.43,0.0,Low Risk
25.45,-0.08,3.61,84.3,0.84,0.53,0.0,Low Risk
15.23,0.12,11.33,61.9,1.11,0.49,0.16,Low Risk
27.16,-0.07,0.5,114.9,1.12,2.01,0.0,Low Risk
26.37,0.55,41.86,81.1,1.14,0.7,21.73,Low Risk
29.95,0.21,30.11,65.3,0.93,2.19,3.99,Low Risk
27.23,0.55,5.75,50.7,1.17,1.6,0.64,Low Risk
26.4,-0.06,8.69,81.1,0.77,1.24,0.0,Low Risk
19.1,0.76,7.53,75.3,0.39,-0.67,0.0,Low Risk
23.3,0.02,25.67,94.1,1.18,0.18,2.6,Low Risk
30.38,-0.39,14.0,77.4,1.04,0.7,0.0,Low Risk
36.58,1.19,3.91,58.5,0.85,-1.59,7.92,Low Risk
27.51,-0.81,7.11,110.1,0.63,-0.03,2.84,Low Risk
29.64,-0.27,6.72,87.8,6.52,30.36,40.82,Medium Risk
32.76,-0.21,38.43,75.4,1.01,-0.13,16.03,Low Risk
23.95,1.35,2.31,83.0,1.41,2.19,0.0,Low Risk
29.83,1.0,1.13,88.5,0.97,0.9,0.0,Low Risk
24.3,0.85,25.51,54.3,0.91,0.33,2.71,Low Risk
32.32,-0.07,27.24,82.8,0.99,-0.97,3.08,Low Risk
28.76,1.31,24.64,71.9,1.54,0.08,4.06,Low Risk
29.49,0.28,8.58,89.1,1.19,1.78,0.0,Low Risk
24.09,0.59,12.94,66.7,0.77,0.01,0.0,Low Risk
31.54,0.19,9.94,69.1,1.01,0.18,2.65,Low Risk
38.42,0.08,0.86,109.9,1.08,-0.54,0.0,Low Risk
22.96,-0.03,10.87,102.2,0.74,0.63,0.22,Low Risk
26.3,-0.0,0.16,40.0,1.19,0.76,21.09,Low Risk
29.16,0.4,4.72,100.8,7.99,28.07,47.23,Medium Risk
31.93,0.28,32.31,78.7,4.48,26.41,50.44,Medium Risk
25.2,0.08,4.35,67.3,1.02,0.91,0.52,Low Risk
15.0,0.85,33.73,61.9,0.98,0.17,14.81,Low Risk
34.8,-1.38,3.45,62.9,1.0,0.69,6.93,Low Risk
31.8,0.35,4.53,67.8,0.81,1.13,1.3,Low Risk
19.29,0.46,11.88,59.7,0.84,0.84,0.0,Low Risk
24.96,0.67,17.21,55.6,1.28,1.02,0.3,Low Risk
35.84,0.07,8.35,61.3,1.11,1.05,7.4,Low Risk
35.24,0.2,25.66,85.8,0.76,1.2,5.22,Low Risk
32.69,0.59,0.49,80.9,0.51,1.28,2.44,Low Risk
27.12,0.85,30.64,90.0,0.77,1.46,7.76,Low Risk
28.41,-0.05,2.62,78.8,1.04,0.85,0.0,Low Risk
27.35,0.23,25.87,56.5,0.84,1.17,1.52,Low Risk
33.64,0.94,6.15,88.9,0.82,0.64,0.0,Low Risk
23.62,-0.96,21.46,61.9,0.85,1.05,0.51,Low Risk
23.97,-0.25,13.36,91.6,0.98,0.13,0.0,Low Risk
33.05,0.83,2.32,59.0,1.2,-0.91,2.73,Low Risk
27.78,0.65,30.02,67.6,1.0,1.66,4.75,Low Risk
34.89,0.36,3.38,73.5,1.02,0.66,8.17,Low Risk
24.64,-0.12,3.36,92.1,0.94,0.64,0.0,Low Risk
27.73,-0.34,20.2,83.2,0.88,1.22,1.71,Low Risk
23.39,-0.2,1.34,80.4,1.22,-0.03,0.0,Low Risk
28.04,0.87,3.01,113.9,1.19,0.41,1.04,Low Risk
20.61,-0.21,8.41,46.9,1.51,0.03,21.46,Low Risk
25.56,0.15,21.3,61.3,1.15,0.35,0.0,Low Risk
20.82,-0.28,1.91,60.5,0.88,0.19,0.0,Low Risk
31.47,0.52,9.52,48.1,0.77,0.06,19.62,Low Risk
31.58,-0.17,14.91,67.0,1.24,0.81,0.0,Low Risk
19.35,0.05,23.64,92.4,0.8,-0.99,1.67,Low Risk
34.67,-0.74,32.91,69.4,1.2,1.55,15.15,Low Risk
40.49,-0.71,18.43,74.0,0.81,-0.07,2.0,Low Risk
28.23,0.1,12.7,49.0,1.09,0.89,19.74,Low Risk
24.79,-0.56,6.82,65.7,6.84,29.42,44.11,Medium Risk
42.12,1.15,1.43,71.7,1.19,0.26,11.99,Low Risk
21.41,-0.93,14.84,91.6,0.69,0.85,0.0,Low Risk
28.1,-0.3,59.1,49.9,1.07,-0.37,57.72,Medium Risk
28.9,0.11,16.02,71.8,0.95,0.06,0.0,Low Risk
34.73,-0.08,0.2,99.6,1.03,0.31,4.19,Low Risk
29.8,-0.45,8.23,72.0,0.9,0.86,1.7,Low Risk
25.51,-0.38,11.44,41.9,0.9,0.23,18.81,Low Risk
23.24,-0.4,14.04,103.0,1.04,0.37,0.0,Low Risk
26.29,-0.04,15.26,93.2,0.75,1.16,0.1,Low Risk
22.97,1.08,9.8,95.6,0.75,0.82,0.85,Low Risk
28.24,0.14,3.03,48.6,0.91,2.37,23.43,Low Risk
25.18,0.69,34.21,107.2,0.9,-0.22,11.92,Low Risk
20.53,0.35,14.32,66.1,0.75,-0.53,0.07,Low Risk
34.28,0.66,3.24,70.8,1.23,2.03,5.84,Low Risk
25.51,-1.3,4.67,67.4,0.92,0.71,0.0,Low Risk
21.66,-0.05,30.6,97.0,0.94,1.57,8.95,Low Risk
27.16,0.75,26.22,76.8,0.67,-0.3,2.75,Low Risk
28.34,-0.19,6.23,88.7,1.52,0.11,1.24,Low Risk
19.27,0.98,0.47,81.4,1.61,0.61,0.0,Low Risk
29.66,0.84,0.6,78.3,0.8,0.5,0.0,Low Risk
22.76,-0.13,4.01,63.0,1.31,0.44,0.0,Low Risk
36.56,-0.15,11.9,112.6,0.98,-0.77,6.81,Low Risk
30.62,-0.41,10.53,53.7,1.4,0.41,0.0,Low Risk
26.0,-0.21,12.06,87.4,1.08,0.77,1.04,Low Risk
24.27,-0.52,15.16,86.8,1.02,0.23,1.68,Low Risk
27.48,0.31,0.23,100.8,4.55,26.64,36.52,Low Risk
31.06,-0.63,1.33,105.0,0.78,1.29,1.8,Low Risk
27.87,0.4,5.35,77.5,1.01,0.67,0.0,Low Risk
26.91,0.41,2.02,89.5,1.05,-0.08,0.0,Low Risk
28.29,-0.73,0.94,111.8,0.7,0.79,0.05,Low Risk
24.98,0.87,12.29,78.8,0.82,0.9,0.19,Low Risk
26.28,0.36,20.27,60.8,1.14,0.58,2.71,Low Risk
17.57,0.47,16.76,73.1,0.65,-0.1,1.27,Low Risk
32.87,-0.28,20.38,56.5,1.03,1.18,1.86,Low Risk
29.49,0.41,13.15,86.7,1.31,0.84,0.0,Low Risk
24.13,0.66,15.95,99.2,1.1,0.18,0.0,Low Risk
37.49,0.05,3.81,77.8,1.08,0.62,6.32,Low Risk
28.44,1.1,59.56,50.8,0.49,-0.24,36.91,Low Risk
22.82,0.12,2.43,98.4,0.79,-1.01,3.45,Low Risk
32.28,0.67,2.9,48.0,1.51,-0.72,20.2,Low Risk
29.99,0.25,4.09,52.2,3.66,33.05,34.84,Low Risk
29.97,0.39,44.43,76.8,1.32,0.26,26.32,Low Risk
25.87,-0.74,53.37,84.5,0.85,0.84,34.14,Low Risk
30.25,0.29,19.01,87.6,0.93,1.16,0.29,Low Risk
26.69,-0.27,11.9,78.8,1.13,0.78,0.3,Low Risk
30.78,-0.32,8.81,111.7,1.03,-0.02,2.32,Low Risk
18.48,0.97,42.33,81.2,1.1,0.83,23.28,Low Risk
25.83,-0.01,14.27,98.6,3.98,42.18,39.84,Low Risk
36.61,-0.4,34.75,94.2,0.72,0.24,19.01,Low Risk
24.16,-0.08,4.57,56.7,0.78,1.34,0.44,Low Risk
24.98,-0.55,4.87,76.9,0.87,0.96,2.14,Low Risk
25.76,0.82,23.15,118.2,0.94,0.17,2.07,Low Risk
21.93,-0.25,1.95,70.9,1.26,-0.15,3.43,Low Risk
16.96,0.36,35.01,67.9,1.02,1.61,11.48,Low Risk
26.85,0.78,8.5,83.1,7.21,49.31,45.66,Medium Risk
28.68,-0.15,31.31,71.6,1.04,-0.42,9.73,Low Risk
27.74,0.37,4.93,65.7,0.72,0.15,0.0,Low Risk
27.28,-0.42,15.1,71.3,1.0,-0.9,1.92,Low Risk
28.22,1.32,7.91,105.8,1.03,-1.59,0.0,Low Risk
33.11,0.57,11.83,77.5,1.19,1.26,1.19,Low Risk
27.05,0.0,8.42,56.1,4.25,18.94,30.25,Low Risk
25.13,-0.29,40.98,52.8,0.49,-0.48,28.41,Low Risk
26.59,0.04,14.14,119.7,1.04,0.05,0.0,Low Risk
30.9,-0.07,3.47,76.0,1.09,0.23,1.9,Low Risk
35.06,1.08,28.85,87.8,0.96,0.02,10.04,Low Risk
24.86,-0.51,4.18,66.1,1.01,-0.22,0.0,Low Risk
28.49,0.17,5.58,85.8,1.22,0.47,2.21,Low Risk
29.69,0.09,1.29,106.3,0.89,0.31,0.0,Low Risk
23.04,0.04,27.63,68.3,0.93,1.86,1.31,Low Risk
28.1,0.05,4.04,88.3,1.02,0.21,0.0,Low Risk
20.67,0.04,3.6,54.7,0.7,0.47,0.0,Low Risk
19.15,0.54,30.35,116.4,0.96,-0.23,7.31,Low Risk
29.83,0.4,19.65,84.8,0.98,1.02,0.0,Low Risk
26.08,0.31,1.82,72.6,1.41,1.83,0.0,Low Risk
29.01,-1.42,17.6,74.6,0.93,0.42,0.95,Low Risk
27.91,0.25,29.31,70.8,1.05,-0.0,11.39,Low Risk
23.12,-0.73,0.98,71.7,1.23,0.64,0.15,Low Risk
27.77,0.42,20.93,40.0,0.79,0.88,18.37,Low Risk
21.83,0.84,9.51,78.2,1.34,2.81,4.53,Low Risk
34.95,-0.36,13.27,77.5,1.44,0.38,7.39,Low Risk
21.22,-0.03,8.15,88.8,0.99,0.23,1.1,Low Risk
27.02,-0.2,14.36,70.6,0.87,-0.42,0.27,Low Risk
22.79,0.72,0.42,66.1,1.41,0.26,0.79,Low Risk
30.85,0.15,17.26,79.9,1.2,0.16,0.0,Low Risk
26.34,0.96,0.41,51.0,1.02,0.94,0.0,Low Risk
25.41,0.31,7.29,82.6,1.36,0.28,1.75,Low Risk
32.27,0.22,1.96,46.5,1.33,-0.32,23.29,Low Risk
28.15,0.13,20.82,100.2,0.92,-0.35,0.0,Low Risk
30.58,0.51,4.52,92.3,1.06,0.16,0.0,Low Risk
23.09,-0.77,7.26,63.3,1.14,1.1,0.0,Low Risk
20.98,0.14,6.72,91.9,1.01,0.64,0.0,Low Risk
28.54,0.06,17.77,82.0,0.65,0.88,0.61,Low Risk
26.41,0.46,7.87,61.8,0.77,0.51,1.49,Low Risk
31.13,0.01,18.67,43.6,0.66,0.82,17.96,Low Risk
27.6,-0.42,0.92,85.7,1.12,0.22,0.0,Low Risk
29.03,0.1,2.55,65.7,0.7,-0.19,0.0,Low Risk
19.88,-0.44,9.62,99.7,1.05,-0.17,0.0,Low Risk
37.44,-0.86,35.27,80.3,1.46,-0.21,25.72,Low Risk
27.18,0.46,0.93,67.4,1.36,1.51,0.13,Low Risk
31.49,0.39,0.53,112.4,0.54,1.28,3.86,Low Risk
23.82,0.33,2.04,90.4,0.68,0.16,1.58,Low Risk
29.54,0.75,12.3,40.0,6.71,19.9,63.75,Medium Risk
21.49,-0.23,6.11,71.2,0.71,1.06,0.27,Low Risk
30.26,-0.62,20.95,55.1,0.59,0.03,0.0,Low Risk
26.22,0.06,0.9,65.6,1.0,0.4,0.0,Low Risk
28.15,-0.07,2.62,77.4,1.18,-0.26,0.0,Low Risk
31.49,-0.32,4.28,86.4,1.24,-0.2,1.58,Low Risk
21.84,0.06,11.83,84.7,0.88,1.04,0.0,Low Risk
24.58,-0.21,13.87,99.4,0.93,0.55,0.0,Low Risk
30.29,-0.82,1.59,91.5,1.09,0.52,0.0,Low Risk
38.49,-0.12,34.55,90.3,0.97,1.41,16.69,Low Risk
27.31,-0.47,5.01,83.6,1.2,0.16,0.0,Low Risk
30.96,0.22,14.99,103.2,1.11,1.07,0.0,Low Risk
27.47,-0.23,8.91,74.3,0.91,-0.16,0.0,Low Risk
37.71,0.66,3.02,74.8,0.54,0.17,9.22,Low Risk
19.26,0.9,22.47,45.7,1.37,-0.08,20.17,Low Risk
28.47,0.44,20.46,99.0,0.83,-0.13,1.93,Low Risk
19.87,-0.68,6.05,78.6,1.09,1.92,0.0,Low Risk
15.47,0.85,10.66,132.8,0.52,-0.52,5.79,Low Risk
29.49,0.89,3.58,72.7,1.0,-0.06,0.0,Low Risk
28.7,0.11,14.05,81.6,1.03,-1.14,0.24,Low Risk
26.58,0.76,4.44,89.8,1.04,0.08,0.94,Low Risk
27.47,-0.18,22.3,60.2,1.75,0.35,0.0,Low Risk
43.49,-0.83,2.94,86.5,0.84,1.18,9.59,Low Risk
26.71,-0.28,0.18,80.6,1.21,0.1,0.0,Low Risk
30.55,0.96,3.75,74.5,1.13,-0.43,1.35,Low Risk
24.75,-0.65,2.54,101.1,0.83,0.1,0.32,Low Risk
29.48,0.1,8.52,63.7,1.2,0.71,0.06,Low Risk
26.81,0.12,2.73,84.9,0.96,1.11,0.0,Low Risk
25.95,-0.16,17.29,106.2,4.53,25.22,39.44,Low Risk
37.09,-0.12,3.31,67.3,1.49,-0.26,8.89,Low Risk
33.89,0.14,14.73,74.7,1.04,0.19,0.0,Low Risk
28.68,-0.18,10.37,122.2,0.93,0.77,1.28,Low Risk
16.48,-0.61,51.44,88.5,1.26,1.14,34.97,Low Risk
26.19,0.21,110.64,70.9,1.35,-0.32,46.68,Medium Risk
41.52,0.64,24.44,94.4,0.78,-0.08,10.04,Low Risk
26.85,0.53,17.12,69.8,0.89,-1.18,0.0,Low Risk
33.52,-0.3,5.86,51.8,1.17,-1.14,0.58,Low Risk
35.21,-0.53,16.79,104.7,0.97,-0.39,5.89,Low Risk
29.09,-0.04,37.67,60.1,0.76,-0.29,18.91,Low Risk
23.79,0.88,0.28,124.1,1.14,0.11,1.16,Low Risk
15.82,0.42,9.26,71.2,3.69,28.71,32.5,Low Risk
31.42,0.45,2.95,118.4,0.92,0.43,5.26,Low Risk
23.93,0.54,9.79,55.4,1.02,0.72,0.0,Low Risk
28.88,0.31,7.54,98.5,0.86,1.22,0.0,Low Risk
21.75,0.16,10.29,89.0,0.73,0.7,0.51,Low Risk
26.67,0.43,9.61,95.1,0.88,0.34,0.0,Low Risk
28.17,-0.17,38.66,97.4,1.02,0.87,18.57,Low Risk
29.34,-0.61,9.64,71.0,0.63,-1.01,0.09,Low Risk
22.43,0.46,22.47,56.4,0.89,0.29,0.0,Low Risk
33.98,0.72,4.62,79.1,1.02,1.01,0.22,Low Risk
25.02,-0.46,6.92,84.0,1.3,0.38,1.66,Low Risk
19.63,0.51,7.63,71.5,0.92,0.68,1.67,Low Risk
27.45,0.94,3.92,85.0,0.69,0.34,3.16,Low Risk
28.17,0.1,5.73,85.9,0.95,0.99,0.0,Low Risk
28.8,-0.31,10.95,63.6,0.86,1.21,1.54,Low Risk
34.81,0.16,10.42,87.1,1.14,-1.18,2.49,Low Risk
26.82,-0.18,12.14,75.2,0.92,-0.03,0.0,Low Risk
27.4,-0.21,5.2,67.4,0.32,-1.12,0.0,Low Risk
22.48,0.32,4.55,94.2,1.92,-2.67,0.0,Low Risk
32.1,-0.7,11.35,66.0,1.04,0.97,1.4,Low Risk
28.92,-0.62,1.71,71.8,1.02,1.13,3.36,Low Risk
25.9,0.11,3.5,81.3,0.61,0.1,3.95,Low Risk
18.48,0.09,0.52,104.7,0.63,-0.05,2.07,Low Risk
35.22,0.27,0.9,83.5,0.98,0.36,2.6,Low Risk
21.86,1.04,3.35,89.5,1.08,2.74,0.0,Low Risk
25.04,0.15,0.24,74.6,1.18,-0.34,0.0,Low Risk
29.79,0.4,3.38,78.6,1.06,-0.58,1.07,Low Risk
22.02,-0.39,12.77,79.1,0.7,0.98,1.47,Low Risk
20.53,0.48,0.76,85.3,0.37,1.02,0.0,Low Risk
17.38,-0.16,6.89,74.7,0.97,0.81,2.5,Low Risk
31.6,0.14,29.32,104.1,4.49,44.55,55.75,Medium Risk
25.27,0.05,18.8,73.3,0.68,0.25,0.72,Low Risk
42.64,0.62,4.37,49.3,1.21,-0.7,33.54,Low Risk
23.03,-0.55,31.05,129.4,0.61,1.99,10.62,Low Risk
23.39,-1.04,4.8,74.1,1.15,2.04,2.23,Low Risk
25.17,-0.01,0.9,103.6,0.65,0.1,1.39,Low Risk
29.22,0.33,61.5,105.3,1.03,1.63,38.44,Low Risk
25.65,0.18,24.48,97.0,1.23,0.77,2.81,Low Risk
31.06,0.72,7.53,76.4,0.92,-0.91,0.0,Low Risk
23.11,0.32,13.17,85.2,1.42,-0.84,0.0,Low Risk
21.09,-0.18,13.35,57.1,1.48,1.11,3.81,Low Risk
19.01,-1.06,2.6,115.8,1.06,1.53,0.0,Low Risk
16.88,-0.02,2.68,64.7,1.14,0.78,0.05,Low Risk
25.41,0.61,7.61,75.4,1.27,0.7,0.44,Low Risk
26.5,-0.1,29.11,81.8,1.14,-0.2,3.93,Low Risk
24.84,0.11,0.12,78.1,1.11,-0.4,0.0,Low Risk
34.22,0.31,18.31,68.2,0.87,1.11,2.25,Low Risk
34.14,-0.41,0.71,105.1,0.58,0.54,2.84,Low Risk
26.33,0.41,7.81,97.1,0.65,0.41,2.35,Low Risk
19.03,0.92,12.19,85.8,1.6,1.5,0.53,Low Risk
25.17,0.01,13.93,72.8,1.08,1.85,3.04,Low Risk
25.0,-0.46,0.72,99.2,0.94,0.97,1.07,Low Risk
24.71,0.07,6.51,71.6,1.32,-0.25,1.73,Low Risk
24.51,-1.01,10.52,108.3,0.81,0.54,1.26,Low Risk
24.73,0.27,0.82,82.0,1.15,0.16,3.18,Low Risk
26.07,0.33,1.74,102.1,1.02,0.39,0.12,Low Risk
24.82,0.94,13.08,78.0,1.12,-0.46,0.19,Low Risk
29.04,0.0,8.85,81.3,0.92,1.5,0.0,Low Risk
29.8,0.3,2.12,102.1,0.76,0.12,1.79,Low Risk
23.45,-0.33,9.19,119.5,0.79,1.78,0.0,Low Risk
34.36,-0.08,29.26,108.1,0.8,0.4,10.95,Low Risk
23.1,-0.66,0.19,95.8,1.0,0.12,0.38,Low Risk
19.91,0.0,12.35,90.6,0.61,-0.04,0.0,Low Risk
29.9,-0.05,0.92,70.9,0.69,-0.03,0.19,Low Risk
23.91,0.25,0.08,85.3,1.03,0.67,0.0,Low Risk
29.61,-0.21,1.96,63.6,0.97,0.46,0.0,Low Risk
15.98,0.14,6.6,86.8,1.05,1.14,0.67,Low Risk
34.96,-0.07,19.45,87.9,0.99,-0.12,7.87,Low Risk
31.36,-0.07,3.97,44.7,1.63,0.69,18.05,Low Risk
20.5,0.14,11.79,80.7,1.03,1.47,0.0,Low Risk
20.61,0.12,6.36,87.5,0.91,1.61,4.08,Low Risk
36.36,0.48,3.2,78.5,1.03,-0.08,3.32,Low Risk
24.31,0.04,8.66,86.4,1.25,0.22,3.53,Low Risk
23.83,-0.07,19.16,55.8,0.99,0.0,2.64,Low Risk
16.67,0.01,21.44,66.0,1.17,-0.19,0.17,Low Risk
26.25,-0.26,22.49,98.6,4.69,18.42,35.61,Low Risk
26.86,-0.08,4.96,80.0,0.93,-0.4,2.28,Low Risk
31.58,1.12,18.93,86.1,1.03,2.23,0.33,Low Risk
21.0,-0.36,2.86,70.2,1.4,0.69,3.69,Low Risk
20.4,-0.04,16.09,80.4,1.06,0.36,1.08,Low Risk
30.25,-0.09,35.57,40.0,0.75,2.11,38.34,Low Risk
33.03,-0.02,0.17,95.2,0.92,-0.55,3.16,Low Risk
20.14,-0.07,6.97,112.5,0.47,-0.12,2.65,Low Risk
33.41,0.24,12.52,60.8,1.03,-0.5,2.84,Low Risk
28.19,-0.76,14.52,63.1,5.63,43.51,44.89,Medium Risk
33.46,0.62,2.32,87.9,0.66,-0.01,1.35,Low Risk
27.65,0.42,42.99,106.5,1.04,-0.54,23.36,Low Risk
15.39,-0.52,11.46,80.0,1.25,-0.45,0.0,Low Risk
27.24,-1.03,2.15,57.9,1.27,0.76,0.0,Low Risk
33.3,-0.39,0.25,76.2,4.94,48.75,46.13,Medium Risk
23.53,-0.02,18.35,61.5,0.53,-0.6,0.47,Low Risk
26.06,1.39,1.0,68.0,1.13,0.35,1.06,Low Risk
27.12,0.37,1.82,74.5,0.62,0.17,2.74,Low Risk
15.0,-0.8,10.26,63.3,0.75,-0.02,0.51,Low Risk
36.36,-0.24,11.1,66.0,1.21,1.79,7.51,Low Risk
23.49,0.07,13.93,81.3,1.04,0.46,0.0,Low Risk
30.53,0.23,6.0,83.9,1.18,0.63,0.02,Low Risk
27.57,-0.56,17.84,54.4,0.77,1.05,0.15,Low Risk
34.29,0.03,43.96,87.1,1.37,0.57,34.19,Low Risk
30.03,-0.26,3.79,73.1,1.17,0.48,0.85,Low Risk
26.83,-0.45,14.57,93.0,1.22,1.16,0.0,Low Risk
23.53,0.23,31.65,94.0,0.73,0.04,9.78,Low Risk
31.99,0.49,13.91,70.2,1.29,0.14,0.0,Low Risk
18.63,0.52,13.71,91.1,6.94,30.45,43.7,Medium Risk
31.23,0.39,3.04,64.9,0.85,1.63,0.1,Low Risk
22.5,-0.15,9.19,103.8,1.16,0.94,0.89,Low Risk
34.26,0.46,9.92,65.6,1.15,0.69,4.16,Low Risk
28.81,0.25,14.45,86.3,0.79,1.75,0.0,Low Risk
31.22,0.17,69.02,76.6,1.51,-0.48,37.64,Low Risk
28.41,-0.21,0.41,61.7,1.45,0.43,0.0,Low Risk
19.24,-0.15,0.81,96.2,1.15,-0.69,0.0,Low Risk
23.7,0.14,0.97,68.9,4.46,45.64,44.82,Medium Risk
31.36,1.32,16.3,49.4,1.08,1.4,20.43,Low Risk
28.83,0.25,1.76,40.0,0.61,1.85,19.15,Low Risk
33.9,-0.21,11.69,64.2,1.03,0.17,4.69,Low Risk
30.02,-0.32,4.71,104.8,4.09,22.0,34.85,Low Risk
23.17,-0.15,7.33,102.6,0.86,0.15,1.65,Low Risk
24.02,1.19,2.92,67.1,0.92,1.85,2.93,Low Risk
28.51,-0.1,24.13,73.3,0.4,0.03,0.95,Low Risk
16.43,0.55,10.59,71.6,0.73,1.83,0.11,Low Risk
36.37,-0.09,34.71,56.0,1.23,0.54,19.94,Low Risk
30.21,0.23,10.26,62.9,1.43,0.11,1.41,Low Risk
34.14,0.5,1.59,97.7,0.76,0.71,3.36,Low Risk
20.1,-0.19,2.25,89.1,1.05,2.01,0.0,Low Risk
34.22,-0.22,54.2,84.9,1.27,0.63,38.41,Low Risk
39.16,0.93,15.52,56.0,0.87,0.34,10.49,Low Risk
21.4,0.59,0.61,81.8,1.17,0.93,0.0,Low Risk
31.86,0.5,14.6,40.0,0.99,0.31,20.69,Low Risk
28.01,0.49,6.38,95.2,1.3,-0.4,1.1,Low Risk
20.28,0.33,4.4,84.7,0.68,0.44,0.0,Low Risk
30.46,1.11,2.01,55.8,7.4,40.47,43.65,Medium Risk
32.17,0.12,21.98,109.1,1.07,0.85,0.0,Low Risk
24.99,0.39,0.79,47.7,1.02,-0.53,20.38,Low Risk
33.83,-0.63,4.11,89.5,0.99,1.14,2.12,Low Risk
19.67,-0.31,4.39,90.0,1.14,0.91,3.09,Low Risk
20.53,-0.5,2.11,57.7,0.77,0.6,0.96,Low Risk
28.68,0.74,8.52,79.3,0.66,1.37,0.0,Low Risk
28.13,-1.18,0.14,50.5,0.87,1.23,0.6,Low Risk
24.42,-0.1,4.3,40.0,0.9,1.21,18.65,Low Risk
32.05,-1.4,32.55,60.8,0.93,-0.9,10.27,Low Risk
30.65,-0.32,4.46,68.9,1.32,1.01,0.0,Low Risk
32.29,-0.15,5.36,91.6,1.19,0.27,0.0,Low Risk
27.38,0.79,7.69,81.2,1.13,0.77,1.09,Low Risk
31.01,0.3,9.9,81.7,1.06,-0.25,0.0,Low Risk
25.77,-0.32,19.85,61.7,0.89,1.23,1.79,Low Risk
38.27,0.63,2.53,70.5,0.79,1.35,6.37,Low Risk
23.94,0.11,24.64,63.3,0.7,0.42,1.44,Low Risk
38.53,0.12,17.0,58.0,0.83,-0.86,5.89,Low Risk
28.17,-0.5,15.39,69.3,3.9,48.71,44.79,Medium Risk
21.12,-0.4,1.09,81.3,0.71,0.66,0.07,Low Risk
34.84,-0.31,0.26,69.7,1.04,-1.03,3.85,Low Risk
28.63,0.12,10.82,74.2,0.95,0.5,0.0,Low Risk
32.26,0.14,23.87,92.5,0.9,1.15,0.0,Low Risk
34.12,0.87,10.54,71.0,1.29,-1.29,3.84,Low Risk
29.69,0.29,2.88,56.0,0.38,0.55,0.0,Low Risk
25.04,-1.25,1.14,90.1,0.9,0.68,0.0,Low Risk
32.88,0.23,14.43,84.8,0.41,0.68,2.91,Low Risk
28.0,-0.63,15.35,85.9,1.06,0.31,0.0,Low Risk
31.43,-0.38,2.27,91.3,1.19,0.62,0.0,Low Risk
17.23,-0.31,0.34,88.2,0.66,0.33,2.23,Low Risk
30.23,-0.23,6.3,80.5,0.69,0.28,2.3,Low Risk
24.81,-0.59,10.49,123.0,0.58,0.88,0.0,Low Risk
36.27,0.2,14.69,56.9,1.02,2.55,5.33,Low Risk
31.12,-0.61,19.93,69.4,0.91,0.46,0.0,Low Risk
29.2,0.28,11.32,97.4,7.51,42.76,43.71,Medium Risk
30.43,1.22,1.41,82.6,0.91,0.4,0.0,Low Risk
23.01,-0.56,13.77,93.6,0.76,0.43,0.0,Low Risk
36.12,-0.04,49.76,83.1,1.28,-0.03,40.08,Medium Risk
37.96,-1.16,28.32,104.7,4.15,45.88,60.33,Medium Risk
29.96,-0.05,24.64,61.9,0.7,-0.18,0.28,Low Risk
35.95,0.42,4.32,104.2,0.82,0.05,4.85,Low Risk
25.15,0.46,16.67,101.1,0.78,0.56,0.44,Low Risk
24.01,0.14,22.85,58.2,1.35,0.43,0.0,Low Risk
28.2,0.54,13.61,91.4,1.18,1.41,0.15,Low Risk
30.17,1.37,3.46,79.2,0.97,-1.14,0.0,Low Risk
26.03,0.96,36.91,69.1,1.43,0.36,16.92,Low Risk
30.69,-0.16,7.19,46.0,1.36,0.04,20.92,Low Risk
29.53,-0.63,1.67,61.8,0.94,-0.47,0.0,Low Risk
23.01,-0.1,1.4,92.7,0.9,-0.16,0.54,Low Risk
30.59,-0.37,12.51,94.6,0.91,-0.96,0.0,Low Risk
32.32,0.33,6.91,76.2,0.76,0.37,0.0,Low Risk
28.86,-0.49,1.19,94.7,1.43,0.5,1.83,Low Risk
33.76,0.06,16.18,97.0,0.75,-0.62,4.7,Low Risk
21.91,0.52,19.27,82.8,1.22,0.45,0.41,Low Risk
30.34,0.05,15.51,67.0,1.17,0.56,1.56,Low Risk
22.15,-0.37,2.71,87.9,0.92,-0.24,0.0,Low Risk
